year,sex,length,abund,species_code
1990,0,12,14750,3005012
1990,0,13,3881,3005012
1990,0,14,46664,3005012
1990,0,15,86661,3005012
1990,0,16,24201,3005012
1990,0,17,19952,3005012
1990,0,18,156304,3005012
1990,0,19,256160,3005012
1990,0,20,226898,3005012
1990,0,21,331466,3005012
1990,0,22,333077,3005012
1990,0,23,390111,3005012
1990,0,24,482284,3005012
1990,0,25,537652,3005012
1990,0,26,496307,3005012
1990,0,27,639152,3005012
1990,0,28,715250,3005012
1990,0,29,1075271,3005012
1990,0,30,1182870,3005012
1990,0,31,1436240,3005012
1990,0,32,1731509,3005012
1990,0,33,1845386,3005012
1990,0,34,2017655,3005012
1990,0,35,2261326,3005012
1990,0,36,2370092,3005012
1990,0,37,2658606,3005012
1990,0,38,2117982,3005012
1990,0,39,1520288,3005012
1990,0,40,1833437,3005012
1990,0,41,1078109,3005012
1990,0,42,1251163,3005012
1990,0,43,1354438,3005012
1990,0,44,1897494,3005012
1990,0,45,2031422,3005012
1990,0,46,1921533,3005012
1990,0,47,1509792,3005012
1990,0,48,1116090,3005012
1990,0,49,826328,3005012
1990,0,50,534854,3005012
1990,0,51,408686,3005012
1990,0,52,185205,3005012
1990,0,53,236100,3005012
1990,0,54,235810,3005012
1990,0,55,158097,3005012
1990,0,56,153440,3005012
1990,0,57,150993,3005012
1990,0,58,152060,3005012
1990,0,59,64935,3005012
1990,0,60,104883,3005012
1990,0,61,62320,3005012
1990,0,62,11083,3005012
1990,0,63,28049,3005012
1990,0,64,12052,3005012
1990,0,65,25471,3005012
1990,0,67,12171,3005012
1990,0,68,22063,3005012
1990,0,69,46018,3005012
1990,0,70,51020,3005012
1990,0,73,14375,3005012
1990,0,74,11083,3005012
1990,1,12,14750,3005012
1990,1,14,9406,3005012
1990,1,15,24517,3005012
1990,1,17,11177,3005012
1990,1,18,43630,3005012
1990,1,19,119244,3005012
1990,1,20,104513,3005012
1990,1,21,156094,3005012
1990,1,22,175139,3005012
1990,1,23,192712,3005012
1990,1,24,161070,3005012
1990,1,25,253494,3005012
1990,1,26,284123,3005012
1990,1,27,288577,3005012
1990,1,28,339530,3005012
1990,1,29,461079,3005012
1990,1,30,518017,3005012
1990,1,31,635763,3005012
1990,1,32,838798,3005012
1990,1,33,827761,3005012
1990,1,34,838810,3005012
1990,1,35,998893,3005012
1990,1,36,1114542,3005012
1990,1,37,1218005,3005012
1990,1,38,905405,3005012
1990,1,39,632765,3005012
1990,1,40,1036733,3005012
1990,1,41,578296,3005012
1990,1,42,560652,3005012
1990,1,43,615280,3005012
1990,1,44,1016479,3005012
1990,1,45,974614,3005012
1990,1,46,1001071,3005012
1990,1,47,895619,3005012
1990,1,48,536356,3005012
1990,1,49,429302,3005012
1990,1,50,304995,3005012
1990,1,51,261116,3005012
1990,1,52,45017,3005012
1990,1,53,186384,3005012
1990,1,54,180961,3005012
1990,1,55,131977,3005012
1990,1,56,83919,3005012
1990,1,57,102506,3005012
1990,1,58,123946,3005012
1990,1,59,59846,3005012
1990,1,60,92712,3005012
1990,1,61,62320,3005012
1990,1,62,11083,3005012
1990,1,63,28049,3005012
1990,1,64,12052,3005012
1990,1,68,22063,3005012
1990,1,69,46018,3005012
1990,1,70,17338,3005012
1990,1,73,14375,3005012
1990,2,14,37258,3005012
1990,2,15,62144,3005012
1990,2,16,24201,3005012
1990,2,17,8775,3005012
1990,2,18,99785,3005012
1990,2,19,136914,3005012
1990,2,20,122385,3005012
1990,2,21,175368,3005012
1990,2,22,157937,3005012
1990,2,23,197400,3005012
1990,2,24,321214,3005012
1990,2,25,284159,3005012
1990,2,26,212185,3005012
1990,2,27,350574,3005012
1990,2,28,375718,3005012
1990,2,29,614191,3005012
1990,2,30,664854,3005012
1990,2,31,800476,3005012
1990,2,32,892712,3005012
1990,2,33,1017624,3005012
1990,2,34,1178847,3005012
1990,2,35,1262437,3005012
1990,2,36,1255549,3005012
1990,2,37,1440602,3005012
1990,2,38,1212580,3005012
1990,2,39,887525,3005012
1990,2,40,796703,3005012
1990,2,41,499816,3005012
1990,2,42,690512,3005012
1990,2,43,739156,3005012
1990,2,44,881014,3005012
1990,2,45,1056809,3005012
1990,2,46,920463,3005012
1990,2,47,614174,3005012
1990,2,48,579735,3005012
1990,2,49,397028,3005012
1990,2,50,229859,3005012
1990,2,51,147572,3005012
1990,2,52,140187,3005012
1990,2,53,49715,3005012
1990,2,54,54850,3005012
1990,2,55,26120,3005012
1990,2,56,69521,3005012
1990,2,57,48487,3005012
1990,2,58,28114,3005012
1990,2,59,5089,3005012
1990,2,60,12171,3005012
1990,2,65,25471,3005012
1990,2,67,12171,3005012
1990,2,70,33682,3005012
1990,2,74,11083,3005012
1990,3,13,3881,3005012
1990,3,18,12889,3005012
1993,0,9,5691,3005012
1993,0,10,10607,3005012
1993,0,11,133454,3005012
1993,0,12,148688,3005012
1993,0,13,427768,3005012
1993,0,14,631446,3005012
1993,0,15,542276,3005012
1993,0,16,615453,3005012
1993,0,17,445167,3005012
1993,0,18,488028,3005012
1993,0,19,411116,3005012
1993,0,20,411124,3005012
1993,0,21,497383,3005012
1993,0,22,444790,3005012
1993,0,23,569105,3005012
1993,0,24,534224,3005012
1993,0,25,823656,3005012
1993,0,26,858454,3005012
1993,0,27,798313,3005012
1993,0,28,796363,3005012
1993,0,29,1163110,3005012
1993,0,30,1255696,3005012
1993,0,31,1456830,3005012
1993,0,32,1410644,3005012
1993,0,33,1571907,3005012
1993,0,34,1931593,3005012
1993,0,35,2042516,3005012
1993,0,36,2148567,3005012
1993,0,37,2287399,3005012
1993,0,38,2814673,3005012
1993,0,39,3325360,3005012
1993,0,40,3621832,3005012
1993,0,41,3503617,3005012
1993,0,42,3805183,3005012
1993,0,43,3877872,3005012
1993,0,44,4002393,3005012
1993,0,45,3233778,3005012
1993,0,46,2567157,3005012
1993,0,47,1822550,3005012
1993,0,48,1195681,3005012
1993,0,49,661050,3005012
1993,0,50,396645,3005012
1993,0,51,271344,3005012
1993,0,52,171531,3005012
1993,0,53,214324,3005012
1993,0,54,106126,3005012
1993,0,55,98374,3005012
1993,0,56,16522,3005012
1993,0,57,178831,3005012
1993,0,58,107776,3005012
1993,0,59,67533,3005012
1993,0,60,70680,3005012
1993,0,61,23050,3005012
1993,0,62,81848,3005012
1993,0,63,37037,3005012
1993,0,64,48430,3005012
1993,0,65,57293,3005012
1993,0,66,26232,3005012
1993,0,68,23666,3005012
1993,0,69,7625,3005012
1993,0,71,5991,3005012
1993,0,76,7625,3005012
1993,0,80,13907,3005012
1993,1,9,5691,3005012
1993,1,10,7173,3005012
1993,1,11,27117,3005012
1993,1,12,82884,3005012
1993,1,13,120478,3005012
1993,1,14,275149,3005012
1993,1,15,297574,3005012
1993,1,16,256264,3005012
1993,1,17,172799,3005012
1993,1,18,223884,3005012
1993,1,19,225851,3005012
1993,1,20,262816,3005012
1993,1,21,272855,3005012
1993,1,22,310576,3005012
1993,1,23,281527,3005012
1993,1,24,309122,3005012
1993,1,25,379799,3005012
1993,1,26,434878,3005012
1993,1,27,446358,3005012
1993,1,28,288158,3005012
1993,1,29,522801,3005012
1993,1,30,571239,3005012
1993,1,31,719402,3005012
1993,1,32,623947,3005012
1993,1,33,700523,3005012
1993,1,34,958635,3005012
1993,1,35,872098,3005012
1993,1,36,746622,3005012
1993,1,37,1045108,3005012
1993,1,38,1319775,3005012
1993,1,39,1715667,3005012
1993,1,40,1997941,3005012
1993,1,41,1699460,3005012
1993,1,42,2202809,3005012
1993,1,43,1981638,3005012
1993,1,44,2105290,3005012
1993,1,45,1588839,3005012
1993,1,46,1330091,3005012
1993,1,47,1043125,3005012
1993,1,48,548209,3005012
1993,1,49,269783,3005012
1993,1,50,161151,3005012
1993,1,51,132376,3005012
1993,1,52,133780,3005012
1993,1,53,99821,3005012
1993,1,54,32016,3005012
1993,1,55,74683,3005012
1993,1,56,16522,3005012
1993,1,57,110261,3005012
1993,1,58,100385,3005012
1993,1,60,17136,3005012
1993,1,61,9759,3005012
1993,1,62,74223,3005012
1993,1,63,23130,3005012
1993,1,64,48430,3005012
1993,1,65,5628,3005012
1993,1,66,12941,3005012
1993,1,69,7625,3005012
1993,1,76,7625,3005012
1993,2,12,30066,3005012
1993,2,13,127641,3005012
1993,2,14,100434,3005012
1993,2,15,91259,3005012
1993,2,16,95300,3005012
1993,2,17,68378,3005012
1993,2,18,112509,3005012
1993,2,19,131630,3005012
1993,2,20,123680,3005012
1993,2,21,224529,3005012
1993,2,22,122695,3005012
1993,2,23,287578,3005012
1993,2,24,201201,3005012
1993,2,25,432340,3005012
1993,2,26,423576,3005012
1993,2,27,351957,3005012
1993,2,28,508204,3005012
1993,2,29,640309,3005012
1993,2,30,684456,3005012
1993,2,31,737430,3005012
1993,2,32,780938,3005012
1993,2,33,865629,3005012
1993,2,34,972959,3005012
1993,2,35,1170418,3005012
1993,2,36,1401949,3005012
1993,2,37,1242288,3005012
1993,2,38,1494895,3005012
1993,2,39,1609691,3005012
1993,2,40,1623891,3005012
1993,2,41,1798400,3005012
1993,2,42,1602371,3005012
1993,2,43,1896232,3005012
1993,2,44,1897101,3005012
1993,2,45,1644938,3005012
1993,2,46,1237064,3005012
1993,2,47,779423,3005012
1993,2,48,647473,3005012
1993,2,49,391265,3005012
1993,2,50,235492,3005012
1993,2,51,138968,3005012
1993,2,52,37749,3005012
1993,2,53,114504,3005012
1993,2,54,74110,3005012
1993,2,55,23691,3005012
1993,2,57,68569,3005012
1993,2,58,7391,3005012
1993,2,59,67533,3005012
1993,2,60,53544,3005012
1993,2,61,13291,3005012
1993,2,62,7625,3005012
1993,2,63,13907,3005012
1993,2,65,51665,3005012
1993,2,66,13291,3005012
1993,2,68,23666,3005012
1993,2,71,5991,3005012
1993,2,80,13907,3005012
1993,3,10,3434,3005012
1993,3,11,106336,3005012
1993,3,12,35736,3005012
1993,3,13,179648,3005012
1993,3,14,255863,3005012
1993,3,15,153443,3005012
1993,3,16,263888,3005012
1993,3,17,203989,3005012
1993,3,18,151636,3005012
1993,3,19,53636,3005012
1993,3,20,24627,3005012
1993,3,22,11517,3005012
1993,3,24,23900,3005012
1993,3,25,11517,3005012
1993,3,32,5759,3005012
1993,3,33,5759,3005012
1993,3,41,5759,3005012
1996,0,11,14126,3005012
1996,0,12,58038,3005012
1996,0,13,121224,3005012
1996,0,14,142843,3005012
1996,0,15,71373,3005012
1996,0,16,303962,3005012
1996,0,17,295927,3005012
1996,0,18,454453,3005012
1996,0,19,571389,3005012
1996,0,20,997362,3005012
1996,0,21,750423,3005012
1996,0,22,1184380,3005012
1996,0,23,1157014,3005012
1996,0,24,1387374,3005012
1996,0,25,1096926,3005012
1996,0,26,1237576,3005012
1996,0,27,995683,3005012
1996,0,28,853921,3005012
1996,0,29,906158,3005012
1996,0,30,1353969,3005012
1996,0,31,997004,3005012
1996,0,32,1026005,3005012
1996,0,33,1315715,3005012
1996,0,34,994479,3005012
1996,0,35,1137071,3005012
1996,0,36,1412580,3005012
1996,0,37,1455580,3005012
1996,0,38,1146800,3005012
1996,0,39,1794172,3005012
1996,0,40,1578582,3005012
1996,0,41,2370226,3005012
1996,0,42,2532146,3005012
1996,0,43,2796741,3005012
1996,0,44,2628363,3005012
1996,0,45,2514004,3005012
1996,0,46,2113159,3005012
1996,0,47,1643645,3005012
1996,0,48,1358213,3005012
1996,0,49,778356,3005012
1996,0,50,608104,3005012
1996,0,51,478991,3005012
1996,0,52,488828,3005012
1996,0,53,194925,3005012
1996,0,54,91962,3005012
1996,0,55,151918,3005012
1996,0,56,189635,3005012
1996,0,57,93228,3005012
1996,0,58,55749,3005012
1996,0,59,59750,3005012
1996,0,60,27822,3005012
1996,0,61,30439,3005012
1996,0,62,18007,3005012
1996,0,63,10842,3005012
1996,0,64,11435,3005012
1996,0,65,7582,3005012
1996,0,66,5104,3005012
1996,1,11,14126,3005012
1996,1,12,9729,3005012
1996,1,13,110852,3005012
1996,1,14,95984,3005012
1996,1,15,25150,3005012
1996,1,16,193792,3005012
1996,1,17,198118,3005012
1996,1,18,314069,3005012
1996,1,19,426416,3005012
1996,1,20,347701,3005012
1996,1,21,396301,3005012
1996,1,22,613959,3005012
1996,1,23,462322,3005012
1996,1,24,633842,3005012
1996,1,25,543063,3005012
1996,1,26,520883,3005012
1996,1,27,466645,3005012
1996,1,28,412401,3005012
1996,1,29,461573,3005012
1996,1,30,590593,3005012
1996,1,31,457614,3005012
1996,1,32,358616,3005012
1996,1,33,675723,3005012
1996,1,34,448934,3005012
1996,1,35,503952,3005012
1996,1,36,690981,3005012
1996,1,37,679803,3005012
1996,1,38,596275,3005012
1996,1,39,1075841,3005012
1996,1,40,519085,3005012
1996,1,41,1142600,3005012
1996,1,42,1364063,3005012
1996,1,43,1195289,3005012
1996,1,44,1209394,3005012
1996,1,45,1184736,3005012
1996,1,46,950278,3005012
1996,1,47,744251,3005012
1996,1,48,630435,3005012
1996,1,49,256145,3005012
1996,1,50,233557,3005012
1996,1,51,279561,3005012
1996,1,52,247062,3005012
1996,1,53,58841,3005012
1996,1,54,58974,3005012
1996,1,55,68919,3005012
1996,1,56,101270,3005012
1996,1,57,55750,3005012
1996,1,58,29525,3005012
1996,1,59,12736,3005012
1996,1,60,7165,3005012
1996,1,61,10425,3005012
1996,1,62,10842,3005012
1996,1,63,5864,3005012
1996,1,64,11435,3005012
1996,1,65,7582,3005012
1996,2,12,35905,3005012
1996,2,13,10372,3005012
1996,2,14,46859,3005012
1996,2,15,46222,3005012
1996,2,16,104986,3005012
1996,2,17,97810,3005012
1996,2,18,135200,3005012
1996,2,19,144973,3005012
1996,2,20,649661,3005012
1996,2,21,354122,3005012
1996,2,22,570423,3005012
1996,2,23,694691,3005012
1996,2,24,753532,3005012
1996,2,25,553866,3005012
1996,2,26,716694,3005012
1996,2,27,529037,3005012
1996,2,28,441521,3005012
1996,2,29,444585,3005012
1996,2,30,763375,3005012
1996,2,31,539389,3005012
1996,2,32,667390,3005012
1996,2,33,639989,3005012
1996,2,34,545545,3005012
1996,2,35,633121,3005012
1996,2,36,721600,3005012
1996,2,37,775774,3005012
1996,2,38,550523,3005012
1996,2,39,718333,3005012
1996,2,40,1059498,3005012
1996,2,41,1227626,3005012
1996,2,42,1168082,3005012
1996,2,43,1601453,3005012
1996,2,44,1418969,3005012
1996,2,45,1329269,3005012
1996,2,46,1162883,3005012
1996,2,47,899395,3005012
1996,2,48,727777,3005012
1996,2,49,522212,3005012
1996,2,50,374547,3005012
1996,2,51,199430,3005012
1996,2,52,241767,3005012
1996,2,53,136084,3005012
1996,2,54,32988,3005012
1996,2,55,82999,3005012
1996,2,56,88365,3005012
1996,2,57,37479,3005012
1996,2,58,26224,3005012
1996,2,59,47014,3005012
1996,2,60,20656,3005012
1996,2,61,20015,3005012
1996,2,62,7165,3005012
1996,2,63,4978,3005012
1996,2,66,5104,3005012
1996,3,12,12404,3005012
1996,3,16,5184,3005012
1996,3,18,5184,3005012
1999,0,8,20782,3005012
1999,0,9,18181,3005012
1999,0,11,108969,3005012
1999,0,12,137040,3005012
1999,0,13,203314,3005012
1999,0,14,350090,3005012
1999,0,15,461953,3005012
1999,0,16,447588,3005012
1999,0,17,778171,3005012
1999,0,18,910632,3005012
1999,0,19,1245739,3005012
1999,0,20,1666052,3005012
1999,0,21,1880895,3005012
1999,0,22,1623793,3005012
1999,0,23,1327992,3005012
1999,0,24,1213263,3005012
1999,0,25,1153439,3005012
1999,0,26,1145872,3005012
1999,0,27,815780,3005012
1999,0,28,1166756,3005012
1999,0,29,1437091,3005012
1999,0,30,1872689,3005012
1999,0,31,1427211,3005012
1999,0,32,1465976,3005012
1999,0,33,1562702,3005012
1999,0,34,1492634,3005012
1999,0,35,1741686,3005012
1999,0,36,1454622,3005012
1999,0,37,1477864,3005012
1999,0,38,1721093,3005012
1999,0,39,1678849,3005012
1999,0,40,1913741,3005012
1999,0,41,1804990,3005012
1999,0,42,1801561,3005012
1999,0,43,2073522,3005012
1999,0,44,1908821,3005012
1999,0,45,1877376,3005012
1999,0,46,1612406,3005012
1999,0,47,1285151,3005012
1999,0,48,956765,3005012
1999,0,49,784462,3005012
1999,0,50,665782,3005012
1999,0,51,371311,3005012
1999,0,52,157069,3005012
1999,0,53,201224,3005012
1999,0,54,82270,3005012
1999,0,55,73764,3005012
1999,0,56,32908,3005012
1999,0,57,47066,3005012
1999,0,58,50747,3005012
1999,0,59,59151,3005012
1999,0,60,16906,3005012
1999,0,62,11192,3005012
1999,0,64,26360,3005012
1999,0,65,16997,3005012
1999,0,66,14873,3005012
1999,0,69,28317,3005012
1999,0,76,10577,3005012
1999,1,11,38491,3005012
1999,1,12,63378,3005012
1999,1,13,91701,3005012
1999,1,14,72973,3005012
1999,1,15,262777,3005012
1999,1,16,268638,3005012
1999,1,17,360302,3005012
1999,1,18,452348,3005012
1999,1,19,667179,3005012
1999,1,20,782172,3005012
1999,1,21,981581,3005012
1999,1,22,860014,3005012
1999,1,23,662147,3005012
1999,1,24,568912,3005012
1999,1,25,590706,3005012
1999,1,26,605691,3005012
1999,1,27,300507,3005012
1999,1,28,548270,3005012
1999,1,29,659113,3005012
1999,1,30,1050810,3005012
1999,1,31,598170,3005012
1999,1,32,741916,3005012
1999,1,33,941848,3005012
1999,1,34,606264,3005012
1999,1,35,771877,3005012
1999,1,36,608526,3005012
1999,1,37,703078,3005012
1999,1,38,728359,3005012
1999,1,39,804479,3005012
1999,1,40,933575,3005012
1999,1,41,786029,3005012
1999,1,42,918737,3005012
1999,1,43,1071296,3005012
1999,1,44,1026052,3005012
1999,1,45,868501,3005012
1999,1,46,764933,3005012
1999,1,47,703616,3005012
1999,1,48,444685,3005012
1999,1,49,529305,3005012
1999,1,50,369565,3005012
1999,1,51,220787,3005012
1999,1,52,95938,3005012
1999,1,53,86920,3005012
1999,1,54,41048,3005012
1999,1,55,27748,3005012
1999,1,56,8428,3005012
1999,1,57,47066,3005012
1999,1,58,25279,3005012
1999,1,59,41327,3005012
1999,1,60,16906,3005012
1999,1,62,11192,3005012
1999,1,64,8088,3005012
1999,1,66,14873,3005012
1999,1,69,13002,3005012
1999,2,8,20782,3005012
1999,2,11,35445,3005012
1999,2,12,20216,3005012
1999,2,13,56065,3005012
1999,2,14,240585,3005012
1999,2,15,180373,3005012
1999,2,16,178948,3005012
1999,2,17,399067,3005012
1999,2,18,439268,3005012
1999,2,19,578560,3005012
1999,2,20,883880,3005012
1999,2,21,899313,3005012
1999,2,22,743578,3005012
1999,2,23,665847,3005012
1999,2,24,644350,3005012
1999,2,25,562732,3005012
1999,2,26,540181,3005012
1999,2,27,515273,3005012
1999,2,28,618485,3005012
1999,2,29,777978,3005012
1999,2,30,821879,3005012
1999,2,31,829043,3005012
1999,2,32,724059,3005012
1999,2,33,620855,3005012
1999,2,34,886368,3005012
1999,2,35,969810,3005012
1999,2,36,846096,3005012
1999,2,37,774786,3005012
1999,2,38,992732,3005012
1999,2,39,874371,3005012
1999,2,40,980169,3005012
1999,2,41,1018964,3005012
1999,2,42,882828,3005012
1999,2,43,1002223,3005012
1999,2,44,882770,3005012
1999,2,45,1008873,3005012
1999,2,46,847475,3005012
1999,2,47,581535,3005012
1999,2,48,512080,3005012
1999,2,49,255157,3005012
1999,2,50,296216,3005012
1999,2,51,150524,3005012
1999,2,52,61131,3005012
1999,2,53,114304,3005012
1999,2,54,41222,3005012
1999,2,55,46017,3005012
1999,2,56,24480,3005012
1999,2,58,25468,3005012
1999,2,59,17824,3005012
1999,2,64,18272,3005012
1999,2,65,16997,3005012
1999,2,69,15315,3005012
1999,2,76,10577,3005012
1999,3,9,18181,3005012
1999,3,11,35034,3005012
1999,3,12,53447,3005012
1999,3,13,55549,3005012
1999,3,14,36533,3005012
1999,3,15,18803,3005012
1999,3,17,18803,3005012
1999,3,18,19016,3005012
1999,3,22,20202,3005012
2001,0,10,23285,3005012
2001,0,12,268875,3005012
2001,0,13,382929,3005012
2001,0,14,588815,3005012
2001,0,15,505031,3005012
2001,0,16,477783,3005012
2001,0,17,438455,3005012
2001,0,18,191944,3005012
2001,0,19,442511,3005012
2001,0,20,295329,3005012
2001,0,21,452670,3005012
2001,0,22,656696,3005012
2001,0,23,548593,3005012
2001,0,24,752331,3005012
2001,0,25,658072,3005012
2001,0,26,895498,3005012
2001,0,27,771891,3005012
2001,0,28,1133694,3005012
2001,0,29,857976,3005012
2001,0,30,973556,3005012
2001,0,31,757548,3005012
2001,0,32,746055,3005012
2001,0,33,756026,3005012
2001,0,34,827735,3005012
2001,0,35,1231385,3005012
2001,0,36,1170312,3005012
2001,0,37,1194458,3005012
2001,0,38,1356171,3005012
2001,0,39,1607380,3005012
2001,0,40,1435367,3005012
2001,0,41,1815048,3005012
2001,0,42,2398627,3005012
2001,0,43,2094568,3005012
2001,0,44,1581253,3005012
2001,0,45,1651685,3005012
2001,0,46,1303091,3005012
2001,0,47,935465,3005012
2001,0,48,729521,3005012
2001,0,49,643920,3005012
2001,0,50,343950,3005012
2001,0,51,206183,3005012
2001,0,52,138910,3005012
2001,0,53,146699,3005012
2001,0,54,38743,3005012
2001,0,55,54136,3005012
2001,0,56,112486,3005012
2001,0,57,62487,3005012
2001,0,58,19337,3005012
2001,0,59,42292,3005012
2001,0,60,48780,3005012
2001,0,61,18236,3005012
2001,0,63,18236,3005012
2001,0,64,27520,3005012
2001,1,12,66065,3005012
2001,1,13,279474,3005012
2001,1,14,327824,3005012
2001,1,15,222194,3005012
2001,1,16,220070,3005012
2001,1,17,253413,3005012
2001,1,18,107016,3005012
2001,1,19,245528,3005012
2001,1,20,175103,3005012
2001,1,21,143007,3005012
2001,1,22,278156,3005012
2001,1,23,211224,3005012
2001,1,24,363531,3005012
2001,1,25,279135,3005012
2001,1,26,370417,3005012
2001,1,27,315724,3005012
2001,1,28,645814,3005012
2001,1,29,436452,3005012
2001,1,30,451821,3005012
2001,1,31,457492,3005012
2001,1,32,395381,3005012
2001,1,33,222228,3005012
2001,1,34,462825,3005012
2001,1,35,649291,3005012
2001,1,36,640071,3005012
2001,1,37,593057,3005012
2001,1,38,695205,3005012
2001,1,39,801559,3005012
2001,1,40,729708,3005012
2001,1,41,844871,3005012
2001,1,42,1299675,3005012
2001,1,43,904486,3005012
2001,1,44,686903,3005012
2001,1,45,736691,3005012
2001,1,46,628639,3005012
2001,1,47,522254,3005012
2001,1,48,379479,3005012
2001,1,49,241632,3005012
2001,1,50,172926,3005012
2001,1,51,115160,3005012
2001,1,52,37825,3005012
2001,1,53,119673,3005012
2001,1,54,13507,3005012
2001,1,55,35388,3005012
2001,1,56,76133,3005012
2001,1,57,44252,3005012
2001,1,58,7195,3005012
2001,1,59,35097,3005012
2001,1,60,16861,3005012
2001,1,63,18236,3005012
2001,2,10,23285,3005012
2001,2,12,202809,3005012
2001,2,13,103456,3005012
2001,2,14,247309,3005012
2001,2,15,282838,3005012
2001,2,16,217732,3005012
2001,2,17,185043,3005012
2001,2,18,84927,3005012
2001,2,19,196982,3005012
2001,2,20,120224,3005012
2001,2,21,297048,3005012
2001,2,22,378540,3005012
2001,2,23,337369,3005012
2001,2,24,388803,3005012
2001,2,25,378938,3005012
2001,2,26,525081,3005012
2001,2,27,456167,3005012
2001,2,28,487879,3005012
2001,2,29,421523,3005012
2001,2,30,521736,3005012
2001,2,31,300058,3005012
2001,2,32,350672,3005012
2001,2,33,533796,3005012
2001,2,34,364909,3005012
2001,2,35,582093,3005012
2001,2,36,530241,3005012
2001,2,37,601402,3005012
2001,2,38,660964,3005012
2001,2,39,805822,3005012
2001,2,40,705659,3005012
2001,2,41,970178,3005012
2001,2,42,1098951,3005012
2001,2,43,1190082,3005012
2001,2,44,894350,3005012
2001,2,45,914997,3005012
2001,2,46,674453,3005012
2001,2,47,413211,3005012
2001,2,48,350041,3005012
2001,2,49,402289,3005012
2001,2,50,171024,3005012
2001,2,51,91023,3005012
2001,2,52,101086,3005012
2001,2,53,27027,3005012
2001,2,54,25236,3005012
2001,2,55,18748,3005012
2001,2,56,36353,3005012
2001,2,57,18236,3005012
2001,2,58,12142,3005012
2001,2,59,7195,3005012
2001,2,60,31919,3005012
2001,2,61,18236,3005012
2001,2,64,27520,3005012
2001,3,14,13683,3005012
2001,3,16,39981,3005012
2001,3,21,12614,3005012
2003,0,9,67151,3005012
2003,0,10,136800,3005012
2003,0,11,752766,3005012
2003,0,12,481045,3005012
2003,0,13,498736,3005012
2003,0,14,356334,3005012
2003,0,15,344495,3005012
2003,0,16,522703,3005012
2003,0,17,436415,3005012
2003,0,18,814164,3005012
2003,0,19,619813,3005012
2003,0,20,1086810,3005012
2003,0,21,1571999,3005012
2003,0,22,1281060,3005012
2003,0,23,1275949,3005012
2003,0,24,1043863,3005012
2003,0,25,884323,3005012
2003,0,26,650166,3005012
2003,0,27,1215163,3005012
2003,0,28,957455,3005012
2003,0,29,1176972,3005012
2003,0,30,1402472,3005012
2003,0,31,1112577,3005012
2003,0,32,1318681,3005012
2003,0,33,1238970,3005012
2003,0,34,1057708,3005012
2003,0,35,1031200,3005012
2003,0,36,957504,3005012
2003,0,37,889402,3005012
2003,0,38,1231335,3005012
2003,0,39,1084085,3005012
2003,0,40,1309179,3005012
2003,0,41,1694178,3005012
2003,0,42,1987005,3005012
2003,0,43,2439051,3005012
2003,0,44,2618531,3005012
2003,0,45,2439899,3005012
2003,0,46,2186763,3005012
2003,0,47,2064345,3005012
2003,0,48,1555166,3005012
2003,0,49,1083764,3005012
2003,0,50,641529,3005012
2003,0,51,508678,3005012
2003,0,52,256455,3005012
2003,0,53,181583,3005012
2003,0,54,185356,3005012
2003,0,55,119085,3005012
2003,0,56,63582,3005012
2003,0,57,66524,3005012
2003,0,58,12038,3005012
2003,0,59,87047,3005012
2003,0,60,52156,3005012
2003,0,61,25915,3005012
2003,0,62,31234,3005012
2003,0,63,12957,3005012
2003,0,64,38029,3005012
2003,0,82,17182,3005012
2003,1,10,36619,3005012
2003,1,11,145451,3005012
2003,1,12,59587,3005012
2003,1,13,208933,3005012
2003,1,14,190056,3005012
2003,1,15,240190,3005012
2003,1,16,204068,3005012
2003,1,17,294574,3005012
2003,1,18,554472,3005012
2003,1,19,420131,3005012
2003,1,20,564836,3005012
2003,1,21,816942,3005012
2003,1,22,644245,3005012
2003,1,23,696750,3005012
2003,1,24,761518,3005012
2003,1,25,427392,3005012
2003,1,26,403092,3005012
2003,1,27,560720,3005012
2003,1,28,530792,3005012
2003,1,29,515767,3005012
2003,1,30,757518,3005012
2003,1,31,438509,3005012
2003,1,32,546959,3005012
2003,1,33,655400,3005012
2003,1,34,397466,3005012
2003,1,35,585708,3005012
2003,1,36,394904,3005012
2003,1,37,315808,3005012
2003,1,38,668009,3005012
2003,1,39,565329,3005012
2003,1,40,664527,3005012
2003,1,41,846846,3005012
2003,1,42,1171324,3005012
2003,1,43,1296492,3005012
2003,1,44,1393589,3005012
2003,1,45,1167068,3005012
2003,1,46,988387,3005012
2003,1,47,1131877,3005012
2003,1,48,892901,3005012
2003,1,49,447265,3005012
2003,1,50,323820,3005012
2003,1,51,254957,3005012
2003,1,52,169134,3005012
2003,1,53,105525,3005012
2003,1,54,74249,3005012
2003,1,55,58535,3005012
2003,1,56,26409,3005012
2003,1,57,28571,3005012
2003,1,59,49095,3005012
2003,1,60,28426,3005012
2003,1,61,25915,3005012
2003,1,63,12957,3005012
2003,1,64,12957,3005012
2003,1,82,17182,3005012
2003,2,11,166797,3005012
2003,2,12,109464,3005012
2003,2,13,29148,3005012
2003,2,14,92682,3005012
2003,2,15,81101,3005012
2003,2,16,318635,3005012
2003,2,17,141840,3005012
2003,2,18,259693,3005012
2003,2,19,199681,3005012
2003,2,20,521974,3005012
2003,2,21,755057,3005012
2003,2,22,636816,3005012
2003,2,23,579199,3005012
2003,2,24,282345,3005012
2003,2,25,456931,3005012
2003,2,26,247072,3005012
2003,2,27,654443,3005012
2003,2,28,426661,3005012
2003,2,29,661201,3005012
2003,2,30,644953,3005012
2003,2,31,674069,3005012
2003,2,32,771724,3005012
2003,2,33,583571,3005012
2003,2,34,660241,3005012
2003,2,35,445493,3005012
2003,2,36,562599,3005012
2003,2,37,573595,3005012
2003,2,38,563328,3005012
2003,2,39,518758,3005012
2003,2,40,644653,3005012
2003,2,41,847332,3005012
2003,2,42,815684,3005012
2003,2,43,1142559,3005012
2003,2,44,1224941,3005012
2003,2,45,1272831,3005012
2003,2,46,1198374,3005012
2003,2,47,932467,3005012
2003,2,48,662266,3005012
2003,2,49,636501,3005012
2003,2,50,317710,3005012
2003,2,51,253723,3005012
2003,2,52,87320,3005012
2003,2,53,76058,3005012
2003,2,54,111107,3005012
2003,2,55,60549,3005012
2003,2,56,37173,3005012
2003,2,57,37953,3005012
2003,2,58,12038,3005012
2003,2,59,37953,3005012
2003,2,60,23730,3005012
2003,2,62,31234,3005012
2003,2,64,25072,3005012
2003,3,9,67151,3005012
2003,3,10,100182,3005012
2003,3,11,440517,3005012
2003,3,12,311995,3005012
2003,3,13,260654,3005012
2003,3,14,73597,3005012
2003,3,15,23204,3005012
2005,0,8,26646,3005012
2005,0,9,44649,3005012
2005,0,10,20392,3005012
2005,0,11,154720,3005012
2005,0,12,344827,3005012
2005,0,13,514142,3005012
2005,0,14,1030647,3005012
2005,0,15,716018,3005012
2005,0,16,1063216,3005012
2005,0,17,1371572,3005012
2005,0,18,1679245,3005012
2005,0,19,1885637,3005012
2005,0,20,1234226,3005012
2005,0,21,1230257,3005012
2005,0,22,1262753,3005012
2005,0,23,1413993,3005012
2005,0,24,1381843,3005012
2005,0,25,1423954,3005012
2005,0,26,1516085,3005012
2005,0,27,1740861,3005012
2005,0,28,1826578,3005012
2005,0,29,1589056,3005012
2005,0,30,1694587,3005012
2005,0,31,1644633,3005012
2005,0,32,1446162,3005012
2005,0,33,1572130,3005012
2005,0,34,1866260,3005012
2005,0,35,1509001,3005012
2005,0,36,1752539,3005012
2005,0,37,1334079,3005012
2005,0,38,1606433,3005012
2005,0,39,1982484,3005012
2005,0,40,2049654,3005012
2005,0,41,1950347,3005012
2005,0,42,2502025,3005012
2005,0,43,1776725,3005012
2005,0,44,2307449,3005012
2005,0,45,1744090,3005012
2005,0,46,1540092,3005012
2005,0,47,920894,3005012
2005,0,48,981266,3005012
2005,0,49,655466,3005012
2005,0,50,662521,3005012
2005,0,51,731274,3005012
2005,0,52,396431,3005012
2005,0,53,321384,3005012
2005,0,54,244684,3005012
2005,0,55,203364,3005012
2005,0,56,116790,3005012
2005,0,57,239804,3005012
2005,0,58,165194,3005012
2005,0,59,63603,3005012
2005,0,60,166691,3005012
2005,0,61,78911,3005012
2005,0,62,105004,3005012
2005,0,63,134387,3005012
2005,0,65,11927,3005012
2005,0,66,27040,3005012
2005,0,67,23699,3005012
2005,0,68,23698,3005012
2005,0,73,13520,3005012
2005,0,76,20822,3005012
2005,0,80,14611,3005012
2005,1,11,68449,3005012
2005,1,12,193131,3005012
2005,1,13,311175,3005012
2005,1,14,521249,3005012
2005,1,15,396628,3005012
2005,1,16,456547,3005012
2005,1,17,769066,3005012
2005,1,18,851739,3005012
2005,1,19,1049997,3005012
2005,1,20,548363,3005012
2005,1,21,613033,3005012
2005,1,22,675786,3005012
2005,1,23,804948,3005012
2005,1,24,755721,3005012
2005,1,25,781780,3005012
2005,1,26,800716,3005012
2005,1,27,818545,3005012
2005,1,28,795168,3005012
2005,1,29,773386,3005012
2005,1,30,874469,3005012
2005,1,31,774312,3005012
2005,1,32,797213,3005012
2005,1,33,935359,3005012
2005,1,34,1004833,3005012
2005,1,35,745664,3005012
2005,1,36,826894,3005012
2005,1,37,867603,3005012
2005,1,38,730130,3005012
2005,1,39,945126,3005012
2005,1,40,1075895,3005012
2005,1,41,840797,3005012
2005,1,42,1262397,3005012
2005,1,43,712214,3005012
2005,1,44,1318676,3005012
2005,1,45,929133,3005012
2005,1,46,799686,3005012
2005,1,47,476595,3005012
2005,1,48,424575,3005012
2005,1,49,320005,3005012
2005,1,50,357205,3005012
2005,1,51,320052,3005012
2005,1,52,201728,3005012
2005,1,53,143463,3005012
2005,1,54,63458,3005012
2005,1,55,60918,3005012
2005,1,56,38436,3005012
2005,1,57,170949,3005012
2005,1,58,86701,3005012
2005,1,59,15707,3005012
2005,1,60,95306,3005012
2005,1,61,50780,3005012
2005,1,62,14222,3005012
2005,1,63,51815,3005012
2005,1,66,13520,3005012
2005,1,68,13520,3005012
2005,1,76,7302,3005012
2005,1,80,14611,3005012
2005,2,8,26646,3005012
2005,2,11,35054,3005012
2005,2,12,151696,3005012
2005,2,13,177198,3005012
2005,2,14,454990,3005012
2005,2,15,319391,3005012
2005,2,16,606671,3005012
2005,2,17,602507,3005012
2005,2,18,827504,3005012
2005,2,19,835635,3005012
2005,2,20,685864,3005012
2005,2,21,607188,3005012
2005,2,22,586969,3005012
2005,2,23,609045,3005012
2005,2,24,626122,3005012
2005,2,25,642172,3005012
2005,2,26,715370,3005012
2005,2,27,922316,3005012
2005,2,28,1031410,3005012
2005,2,29,815673,3005012
2005,2,30,820114,3005012
2005,2,31,870318,3005012
2005,2,32,648948,3005012
2005,2,33,636770,3005012
2005,2,34,861430,3005012
2005,2,35,763336,3005012
2005,2,36,925645,3005012
2005,2,37,466476,3005012
2005,2,38,876304,3005012
2005,2,39,1037354,3005012
2005,2,40,973758,3005012
2005,2,41,1109550,3005012
2005,2,42,1239625,3005012
2005,2,43,1064509,3005012
2005,2,44,988774,3005012
2005,2,45,814958,3005012
2005,2,46,740404,3005012
2005,2,47,444300,3005012
2005,2,48,556688,3005012
2005,2,49,335461,3005012
2005,2,50,305317,3005012
2005,2,51,411220,3005012
2005,2,52,194703,3005012
2005,2,53,177921,3005012
2005,2,54,181226,3005012
2005,2,55,142447,3005012
2005,2,56,78354,3005012
2005,2,57,68855,3005012
2005,2,58,78494,3005012
2005,2,59,47896,3005012
2005,2,60,71385,3005012
2005,2,61,28131,3005012
2005,2,62,90782,3005012
2005,2,63,82572,3005012
2005,2,65,11927,3005012
2005,2,66,13520,3005012
2005,2,67,23699,3005012
2005,2,68,10178,3005012
2005,2,73,13520,3005012
2005,2,76,13520,3005012
2005,3,9,44649,3005012
2005,3,10,20392,3005012
2005,3,11,51218,3005012
2005,3,13,25770,3005012
2005,3,14,54410,3005012
2005,3,21,10035,3005012
2007,0,11,24167,3005012
2007,0,12,53108,3005012
2007,0,13,156802,3005012
2007,0,14,310727,3005012
2007,0,15,300091,3005012
2007,0,16,427730,3005012
2007,0,17,647756,3005012
2007,0,18,788511,3005012
2007,0,19,798964,3005012
2007,0,20,1014985,3005012
2007,0,21,1361099,3005012
2007,0,22,1083950,3005012
2007,0,23,1256044,3005012
2007,0,24,1520453,3005012
2007,0,25,1384236,3005012
2007,0,26,1453459,3005012
2007,0,27,1186842,3005012
2007,0,28,1274474,3005012
2007,0,29,1229285,3005012
2007,0,30,1375565,3005012
2007,0,31,1424303,3005012
2007,0,32,1605023,3005012
2007,0,33,1144010,3005012
2007,0,34,1396757,3005012
2007,0,35,1396994,3005012
2007,0,36,1677878,3005012
2007,0,37,1638620,3005012
2007,0,38,2156226,3005012
2007,0,39,2620809,3005012
2007,0,40,2629195,3005012
2007,0,41,2566728,3005012
2007,0,42,2803032,3005012
2007,0,43,3519868,3005012
2007,0,44,4036868,3005012
2007,0,45,2860101,3005012
2007,0,46,2407820,3005012
2007,0,47,2316593,3005012
2007,0,48,1820981,3005012
2007,0,49,1277359,3005012
2007,0,50,1265736,3005012
2007,0,51,710005,3005012
2007,0,52,529966,3005012
2007,0,53,464551,3005012
2007,0,54,355943,3005012
2007,0,55,213926,3005012
2007,0,56,138864,3005012
2007,0,57,74830,3005012
2007,0,58,100250,3005012
2007,0,59,27745,3005012
2007,0,60,57538,3005012
2007,0,61,6764,3005012
2007,0,62,33892,3005012
2007,0,63,6624,3005012
2007,0,64,19357,3005012
2007,0,67,27816,3005012
2007,0,69,34970,3005012
2007,1,11,6815,3005012
2007,1,12,14151,3005012
2007,1,13,75935,3005012
2007,1,14,176093,3005012
2007,1,15,189935,3005012
2007,1,16,249587,3005012
2007,1,17,418725,3005012
2007,1,18,409865,3005012
2007,1,19,435499,3005012
2007,1,20,502921,3005012
2007,1,21,673910,3005012
2007,1,22,504076,3005012
2007,1,23,596166,3005012
2007,1,24,880072,3005012
2007,1,25,820599,3005012
2007,1,26,577477,3005012
2007,1,27,614911,3005012
2007,1,28,790167,3005012
2007,1,29,761390,3005012
2007,1,30,593635,3005012
2007,1,31,691219,3005012
2007,1,32,734988,3005012
2007,1,33,497537,3005012
2007,1,34,728057,3005012
2007,1,35,710052,3005012
2007,1,36,820803,3005012
2007,1,37,716565,3005012
2007,1,38,1113533,3005012
2007,1,39,1318485,3005012
2007,1,40,1202445,3005012
2007,1,41,1250976,3005012
2007,1,42,1272752,3005012
2007,1,43,1517767,3005012
2007,1,44,1917314,3005012
2007,1,45,1437221,3005012
2007,1,46,1231476,3005012
2007,1,47,974885,3005012
2007,1,48,813418,3005012
2007,1,49,540123,3005012
2007,1,50,502276,3005012
2007,1,51,332027,3005012
2007,1,52,199565,3005012
2007,1,53,152655,3005012
2007,1,54,121783,3005012
2007,1,55,130265,3005012
2007,1,56,92741,3005012
2007,1,57,39440,3005012
2007,1,58,61190,3005012
2007,1,59,22060,3005012
2007,1,60,25263,3005012
2007,1,61,6764,3005012
2007,1,62,20154,3005012
2007,1,64,19357,3005012
2007,1,69,34970,3005012
2007,2,11,17352,3005012
2007,2,12,38957,3005012
2007,2,13,80868,3005012
2007,2,14,108772,3005012
2007,2,15,110157,3005012
2007,2,16,165016,3005012
2007,2,17,229029,3005012
2007,2,18,371263,3005012
2007,2,19,363466,3005012
2007,2,20,504682,3005012
2007,2,21,687189,3005012
2007,2,22,579875,3005012
2007,2,23,659878,3005012
2007,2,24,640384,3005012
2007,2,25,563638,3005012
2007,2,26,875984,3005012
2007,2,27,571934,3005012
2007,2,28,484308,3005012
2007,2,29,467899,3005012
2007,2,30,781931,3005012
2007,2,31,733086,3005012
2007,2,32,870033,3005012
2007,2,33,646474,3005012
2007,2,34,668701,3005012
2007,2,35,686947,3005012
2007,2,36,857076,3005012
2007,2,37,922055,3005012
2007,2,38,1042692,3005012
2007,2,39,1302324,3005012
2007,2,40,1426752,3005012
2007,2,41,1315752,3005012
2007,2,42,1530278,3005012
2007,2,43,2002101,3005012
2007,2,44,2119560,3005012
2007,2,45,1422882,3005012
2007,2,46,1176346,3005012
2007,2,47,1341710,3005012
2007,2,48,1007560,3005012
2007,2,49,737237,3005012
2007,2,50,763462,3005012
2007,2,51,377978,3005012
2007,2,52,330401,3005012
2007,2,53,311896,3005012
2007,2,54,234159,3005012
2007,2,55,83660,3005012
2007,2,56,46122,3005012
2007,2,57,35390,3005012
2007,2,58,39060,3005012
2007,2,59,5685,3005012
2007,2,60,32275,3005012
2007,2,62,13738,3005012
2007,2,63,6624,3005012
2007,2,67,27816,3005012
2007,3,14,25862,3005012
2007,3,16,13130,3005012
2007,3,18,7383,3005012
2007,3,20,7383,3005012
2009,0,8,27934,3005012
2009,0,9,31651,3005012
2009,0,10,71356,3005012
2009,0,11,235330,3005012
2009,0,12,327091,3005012
2009,0,13,384403,3005012
2009,0,14,549368,3005012
2009,0,15,536892,3005012
2009,0,16,718317,3005012
2009,0,17,784701,3005012
2009,0,18,721179,3005012
2009,0,19,675674,3005012
2009,0,20,1002372,3005012
2009,0,21,1061324,3005012
2009,0,22,1220418,3005012
2009,0,23,1576617,3005012
2009,0,24,1391549,3005012
2009,0,25,1652119,3005012
2009,0,26,1881473,3005012
2009,0,27,1664390,3005012
2009,0,28,1619483,3005012
2009,0,29,1217570,3005012
2009,0,30,1604650,3005012
2009,0,31,1464850,3005012
2009,0,32,1263733,3005012
2009,0,33,996833,3005012
2009,0,34,1107522,3005012
2009,0,35,1073932,3005012
2009,0,36,1269906,3005012
2009,0,37,1121027,3005012
2009,0,38,1353315,3005012
2009,0,39,1352145,3005012
2009,0,40,1785645,3005012
2009,0,41,1759611,3005012
2009,0,42,1973143,3005012
2009,0,43,2116391,3005012
2009,0,44,2338829,3005012
2009,0,45,2284921,3005012
2009,0,46,2256284,3005012
2009,0,47,2254424,3005012
2009,0,48,1913023,3005012
2009,0,49,1475823,3005012
2009,0,50,1234956,3005012
2009,0,51,847798,3005012
2009,0,52,750968,3005012
2009,0,53,477322,3005012
2009,0,54,245608,3005012
2009,0,55,216476,3005012
2009,0,56,156905,3005012
2009,0,57,55544,3005012
2009,0,58,100025,3005012
2009,0,59,31258,3005012
2009,0,60,45609,3005012
2009,0,61,10856,3005012
2009,0,63,9340,3005012
2009,0,64,9340,3005012
2009,0,65,24476,3005012
2009,0,68,11284,3005012
2009,0,69,13077,3005012
2009,1,8,27934,3005012
2009,1,9,31651,3005012
2009,1,10,34273,3005012
2009,1,11,125193,3005012
2009,1,12,185293,3005012
2009,1,13,171266,3005012
2009,1,14,287758,3005012
2009,1,15,267438,3005012
2009,1,16,325561,3005012
2009,1,17,453155,3005012
2009,1,18,334560,3005012
2009,1,19,346736,3005012
2009,1,20,512369,3005012
2009,1,21,561779,3005012
2009,1,22,611583,3005012
2009,1,23,806743,3005012
2009,1,24,604714,3005012
2009,1,25,945365,3005012
2009,1,26,862068,3005012
2009,1,27,878204,3005012
2009,1,28,684575,3005012
2009,1,29,532841,3005012
2009,1,30,722138,3005012
2009,1,31,730742,3005012
2009,1,32,605336,3005012
2009,1,33,478887,3005012
2009,1,34,598320,3005012
2009,1,35,562645,3005012
2009,1,36,663729,3005012
2009,1,37,524100,3005012
2009,1,38,713499,3005012
2009,1,39,748105,3005012
2009,1,40,775541,3005012
2009,1,41,928890,3005012
2009,1,42,937094,3005012
2009,1,43,1093807,3005012
2009,1,44,1282837,3005012
2009,1,45,1078290,3005012
2009,1,46,1080703,3005012
2009,1,47,1159027,3005012
2009,1,48,1004237,3005012
2009,1,49,782736,3005012
2009,1,50,659386,3005012
2009,1,51,561421,3005012
2009,1,52,431731,3005012
2009,1,53,275287,3005012
2009,1,54,181504,3005012
2009,1,55,115061,3005012
2009,1,56,103644,3005012
2009,1,57,20714,3005012
2009,1,58,68767,3005012
2009,1,60,36270,3005012
2009,1,63,9340,3005012
2009,1,64,9340,3005012
2009,1,65,24476,3005012
2009,1,68,11284,3005012
2009,2,10,37084,3005012
2009,2,11,85645,3005012
2009,2,12,70163,3005012
2009,2,13,154135,3005012
2009,2,14,237167,3005012
2009,2,15,209856,3005012
2009,2,16,392757,3005012
2009,2,17,320083,3005012
2009,2,18,386621,3005012
2009,2,19,323057,3005012
2009,2,20,490006,3005012
2009,2,21,499547,3005012
2009,2,22,602953,3005012
2009,2,23,769876,3005012
2009,2,24,786834,3005012
2009,2,25,706757,3005012
2009,2,26,1013524,3005012
2009,2,27,786185,3005012
2009,2,28,934911,3005012
2009,2,29,684731,3005012
2009,2,30,882512,3005012
2009,2,31,734109,3005012
2009,2,32,658399,3005012
2009,2,33,517948,3005012
2009,2,34,509201,3005012
2009,2,35,511290,3005012
2009,2,36,583241,3005012
2009,2,37,596929,3005012
2009,2,38,639814,3005012
2009,2,39,604039,3005012
2009,2,40,1010106,3005012
2009,2,41,830720,3005012
2009,2,42,1036047,3005012
2009,2,43,1022585,3005012
2009,2,44,1055990,3005012
2009,2,45,1206630,3005012
2009,2,46,1175584,3005012
2009,2,47,1095397,3005012
2009,2,48,908785,3005012
2009,2,49,693089,3005012
2009,2,50,575571,3005012
2009,2,51,286380,3005012
2009,2,52,319237,3005012
2009,2,53,202033,3005012
2009,2,54,64104,3005012
2009,2,55,101415,3005012
2009,2,56,53260,3005012
2009,2,57,34830,3005012
2009,2,58,31258,3005012
2009,2,59,31258,3005012
2009,2,60,9339,3005012
2009,2,61,10856,3005012
2009,2,69,13077,3005012
2009,3,11,24493,3005012
2009,3,12,71634,3005012
2009,3,13,59002,3005012
2009,3,14,24443,3005012
2009,3,15,59599,3005012
2009,3,17,11463,3005012
2009,3,19,5883,3005012
2009,3,22,5883,3005012
2009,3,26,5883,3005012
2009,3,36,22935,3005012
2011,0,10,79318,3005012
2011,0,11,39711,3005012
2011,0,12,128276,3005012
2011,0,13,135720,3005012
2011,0,14,193138,3005012
2011,0,15,456491,3005012
2011,0,16,478235,3005012
2011,0,17,507516,3005012
2011,0,18,692770,3005012
2011,0,19,965559,3005012
2011,0,20,687030,3005012
2011,0,21,1037781,3005012
2011,0,22,1368921,3005012
2011,0,23,1030773,3005012
2011,0,24,1247147,3005012
2011,0,25,1224261,3005012
2011,0,26,1031839,3005012
2011,0,27,1787215,3005012
2011,0,28,1151928,3005012
2011,0,29,1536979,3005012
2011,0,30,1628760,3005012
2011,0,31,1702780,3005012
2011,0,32,1265303,3005012
2011,0,33,1298364,3005012
2011,0,34,1503456,3005012
2011,0,35,1457995,3005012
2011,0,36,1375977,3005012
2011,0,37,1469156,3005012
2011,0,38,1796679,3005012
2011,0,39,1212518,3005012
2011,0,40,2104299,3005012
2011,0,41,1781730,3005012
2011,0,42,2255761,3005012
2011,0,43,2390757,3005012
2011,0,44,2145841,3005012
2011,0,45,1896930,3005012
2011,0,46,1568053,3005012
2011,0,47,1248494,3005012
2011,0,48,1381758,3005012
2011,0,49,865210,3005012
2011,0,50,697595,3005012
2011,0,51,481013,3005012
2011,0,52,316778,3005012
2011,0,53,201657,3005012
2011,0,54,252615,3005012
2011,0,55,212266,3005012
2011,0,56,85692,3005012
2011,0,57,75735,3005012
2011,0,58,16297,3005012
2011,0,59,65097,3005012
2011,0,60,27630,3005012
2011,0,61,27078,3005012
2011,0,62,26783,3005012
2011,0,64,43375,3005012
2011,0,67,30620,3005012
2011,0,73,33148,3005012
2011,0,76,29335,3005012
2011,0,77,9574,3005012
2011,1,10,33900,3005012
2011,1,11,27823,3005012
2011,1,12,79961,3005012
2011,1,13,80380,3005012
2011,1,14,157297,3005012
2011,1,15,201293,3005012
2011,1,16,259631,3005012
2011,1,17,272658,3005012
2011,1,18,328846,3005012
2011,1,19,459238,3005012
2011,1,20,364221,3005012
2011,1,21,582776,3005012
2011,1,22,727997,3005012
2011,1,23,563048,3005012
2011,1,24,758820,3005012
2011,1,25,689821,3005012
2011,1,26,427219,3005012
2011,1,27,634506,3005012
2011,1,28,782692,3005012
2011,1,29,796775,3005012
2011,1,30,820833,3005012
2011,1,31,686752,3005012
2011,1,32,589569,3005012
2011,1,33,615619,3005012
2011,1,34,747163,3005012
2011,1,35,735857,3005012
2011,1,36,764223,3005012
2011,1,37,777025,3005012
2011,1,38,845454,3005012
2011,1,39,559089,3005012
2011,1,40,922019,3005012
2011,1,41,1166098,3005012
2011,1,42,1254774,3005012
2011,1,43,1185137,3005012
2011,1,44,1107901,3005012
2011,1,45,1048319,3005012
2011,1,46,804340,3005012
2011,1,47,611967,3005012
2011,1,48,819310,3005012
2011,1,49,453825,3005012
2011,1,50,395710,3005012
2011,1,51,234427,3005012
2011,1,52,251808,3005012
2011,1,53,110980,3005012
2011,1,54,156937,3005012
2011,1,55,77064,3005012
2011,1,56,72735,3005012
2011,1,58,16297,3005012
2011,1,60,16297,3005012
2011,1,62,16297,3005012
2011,1,67,30620,3005012
2011,2,12,48316,3005012
2011,2,13,55341,3005012
2011,2,14,35841,3005012
2011,2,15,243309,3005012
2011,2,16,218605,3005012
2011,2,17,234859,3005012
2011,2,18,363925,3005012
2011,2,19,506321,3005012
2011,2,20,322810,3005012
2011,2,21,455007,3005012
2011,2,22,640925,3005012
2011,2,23,467724,3005012
2011,2,24,488326,3005012
2011,2,25,534442,3005012
2011,2,26,604622,3005012
2011,2,27,1152710,3005012
2011,2,28,369238,3005012
2011,2,29,740205,3005012
2011,2,30,807927,3005012
2011,2,31,1016029,3005012
2011,2,32,675734,3005012
2011,2,33,682748,3005012
2011,2,34,756293,3005012
2011,2,35,722139,3005012
2011,2,36,611754,3005012
2011,2,37,692129,3005012
2011,2,38,951222,3005012
2011,2,39,653428,3005012
2011,2,40,1182278,3005012
2011,2,41,615631,3005012
2011,2,42,1000984,3005012
2011,2,43,1205624,3005012
2011,2,44,1037938,3005012
2011,2,45,848611,3005012
2011,2,46,763714,3005012
2011,2,47,636529,3005012
2011,2,48,562448,3005012
2011,2,49,411387,3005012
2011,2,50,301887,3005012
2011,2,51,246585,3005012
2011,2,52,64969,3005012
2011,2,53,90677,3005012
2011,2,54,95677,3005012
2011,2,55,135202,3005012
2011,2,56,12957,3005012
2011,2,57,75735,3005012
2011,2,59,65097,3005012
2011,2,60,11333,3005012
2011,2,61,27078,3005012
2011,2,62,10486,3005012
2011,2,64,43375,3005012
2011,2,73,33148,3005012
2011,2,76,29335,3005012
2011,2,77,9574,3005012
2011,3,10,45418,3005012
2011,3,11,11888,3005012
2011,3,15,11888,3005012
2013,0,8,25998,3005012
2013,0,9,8814,3005012
2013,0,10,25998,3005012
2013,0,11,45512,3005012
2013,0,12,236328,3005012
2013,0,13,803211,3005012
2013,0,14,1096247,3005012
2013,0,15,712983,3005012
2013,0,16,546544,3005012
2013,0,17,478174,3005012
2013,0,18,953833,3005012
2013,0,19,842151,3005012
2013,0,20,1117428,3005012
2013,0,21,722055,3005012
2013,0,22,716994,3005012
2013,0,23,773067,3005012
2013,0,24,670440,3005012
2013,0,25,848461,3005012
2013,0,26,822262,3005012
2013,0,27,667558,3005012
2013,0,28,937494,3005012
2013,0,29,788103,3005012
2013,0,30,548053,3005012
2013,0,31,750738,3005012
2013,0,32,811930,3005012
2013,0,33,599064,3005012
2013,0,34,753444,3005012
2013,0,35,867008,3005012
2013,0,36,955527,3005012
2013,0,37,1135195,3005012
2013,0,38,1207667,3005012
2013,0,39,1265021,3005012
2013,0,40,1197077,3005012
2013,0,41,1320374,3005012
2013,0,42,1058125,3005012
2013,0,43,1376783,3005012
2013,0,44,778049,3005012
2013,0,45,938192,3005012
2013,0,46,876668,3005012
2013,0,47,934070,3005012
2013,0,48,666300,3005012
2013,0,49,628142,3005012
2013,0,50,717961,3005012
2013,0,51,388749,3005012
2013,0,52,359890,3005012
2013,0,53,167720,3005012
2013,0,54,107469,3005012
2013,0,55,118612,3005012
2013,0,56,97779,3005012
2013,0,57,36238,3005012
2013,0,58,19423,3005012
2013,0,59,38842,3005012
2013,0,60,8814,3005012
2013,0,62,8814,3005012
2013,0,63,21090,3005012
2013,0,74,17761,3005012
2013,0,76,17761,3005012
2013,1,9,8814,3005012
2013,1,11,45512,3005012
2013,1,12,41027,3005012
2013,1,13,475716,3005012
2013,1,14,456137,3005012
2013,1,15,529817,3005012
2013,1,16,283947,3005012
2013,1,17,253330,3005012
2013,1,18,458377,3005012
2013,1,19,328801,3005012
2013,1,20,575950,3005012
2013,1,21,407245,3005012
2013,1,22,310379,3005012
2013,1,23,377894,3005012
2013,1,24,364215,3005012
2013,1,25,278982,3005012
2013,1,26,328381,3005012
2013,1,27,269121,3005012
2013,1,28,468429,3005012
2013,1,29,463273,3005012
2013,1,30,359076,3005012
2013,1,31,301891,3005012
2013,1,32,405004,3005012
2013,1,33,331218,3005012
2013,1,34,394124,3005012
2013,1,35,459661,3005012
2013,1,36,489299,3005012
2013,1,37,671345,3005012
2013,1,38,859684,3005012
2013,1,39,488560,3005012
2013,1,40,551150,3005012
2013,1,41,731754,3005012
2013,1,42,512777,3005012
2013,1,43,665227,3005012
2013,1,44,506668,3005012
2013,1,45,484644,3005012
2013,1,46,275904,3005012
2013,1,47,440500,3005012
2013,1,48,284926,3005012
2013,1,49,304933,3005012
2013,1,50,508086,3005012
2013,1,51,302096,3005012
2013,1,52,130871,3005012
2013,1,53,125622,3005012
2013,1,54,83266,3005012
2013,1,55,80014,3005012
2013,1,56,48606,3005012
2013,1,57,8814,3005012
2013,1,58,19423,3005012
2013,1,59,17627,3005012
2013,1,60,8814,3005012
2013,1,62,8814,3005012
2013,1,63,21090,3005012
2013,1,74,17761,3005012
2013,2,12,134882,3005012
2013,2,13,238941,3005012
2013,2,14,514319,3005012
2013,2,15,183165,3005012
2013,2,16,262598,3005012
2013,2,17,224844,3005012
2013,2,18,495457,3005012
2013,2,19,475886,3005012
2013,2,20,541481,3005012
2013,2,21,314811,3005012
2013,2,22,406614,3005012
2013,2,23,395172,3005012
2013,2,24,306228,3005012
2013,2,25,569479,3005012
2013,2,26,493882,3005012
2013,2,27,398438,3005012
2013,2,28,469065,3005012
2013,2,29,324832,3005012
2013,2,30,188978,3005012
2013,2,31,448847,3005012
2013,2,32,406927,3005012
2013,2,33,267847,3005012
2013,2,34,359321,3005012
2013,2,35,407347,3005012
2013,2,36,466226,3005012
2013,2,37,463851,3005012
2013,2,38,347983,3005012
2013,2,39,776464,3005012
2013,2,40,645926,3005012
2013,2,41,588618,3005012
2013,2,42,545348,3005012
2013,2,43,711557,3005012
2013,2,44,271382,3005012
2013,2,45,453550,3005012
2013,2,46,600764,3005012
2013,2,47,493571,3005012
2013,2,48,381374,3005012
2013,2,49,323210,3005012
2013,2,50,209875,3005012
2013,2,51,86652,3005012
2013,2,52,229018,3005012
2013,2,53,42097,3005012
2013,2,54,24203,3005012
2013,2,55,38598,3005012
2013,2,56,49173,3005012
2013,2,57,27424,3005012
2013,2,59,21214,3005012
2013,2,76,17761,3005012
2013,3,8,25998,3005012
2013,3,10,25998,3005012
2013,3,12,60419,3005012
2013,3,13,88553,3005012
2013,3,14,125790,3005012
2013,3,19,37467,3005012
2015,0,10,23348,3005012
2015,0,11,50505,3005012
2015,0,12,116701,3005012
2015,0,13,221091,3005012
2015,0,14,235396,3005012
2015,0,15,329599,3005012
2015,0,16,364270,3005012
2015,0,17,382804,3005012
2015,0,18,822300,3005012
2015,0,19,788685,3005012
2015,0,20,958925,3005012
2015,0,21,1306558,3005012
2015,0,22,1097365,3005012
2015,0,23,1294956,3005012
2015,0,24,1241436,3005012
2015,0,25,1094141,3005012
2015,0,26,1194978,3005012
2015,0,27,716519,3005012
2015,0,28,1084049,3005012
2015,0,29,1138845,3005012
2015,0,30,1046616,3005012
2015,0,31,957116,3005012
2015,0,32,1226499,3005012
2015,0,33,1087077,3005012
2015,0,34,1559946,3005012
2015,0,35,1162910,3005012
2015,0,36,1403799,3005012
2015,0,37,1415391,3005012
2015,0,38,1373550,3005012
2015,0,39,1802727,3005012
2015,0,40,1749103,3005012
2015,0,41,1685812,3005012
2015,0,42,1434591,3005012
2015,0,43,1490751,3005012
2015,0,44,1159228,3005012
2015,0,45,882876,3005012
2015,0,46,889283,3005012
2015,0,47,854024,3005012
2015,0,48,590392,3005012
2015,0,49,572008,3005012
2015,0,50,343950,3005012
2015,0,51,360661,3005012
2015,0,52,242238,3005012
2015,0,53,208113,3005012
2015,0,54,204199,3005012
2015,0,55,125844,3005012
2015,0,56,36909,3005012
2015,0,57,127513,3005012
2015,0,58,135568,3005012
2015,0,59,22948,3005012
2015,0,60,32217,3005012
2015,0,61,16098,3005012
2015,0,62,39228,3005012
2015,0,63,4689,3005012
2015,0,64,20092,3005012
2015,0,65,34628,3005012
2015,0,70,16987,3005012
2015,0,71,16098,3005012
2015,0,72,16098,3005012
2015,0,80,16098,3005012
2015,1,12,29659,3005012
2015,1,13,77324,3005012
2015,1,14,67024,3005012
2015,1,15,209147,3005012
2015,1,16,192963,3005012
2015,1,17,173126,3005012
2015,1,18,557377,3005012
2015,1,19,288864,3005012
2015,1,20,669625,3005012
2015,1,21,673376,3005012
2015,1,22,591634,3005012
2015,1,23,767801,3005012
2015,1,24,614990,3005012
2015,1,25,381286,3005012
2015,1,26,662635,3005012
2015,1,27,474808,3005012
2015,1,28,543593,3005012
2015,1,29,579873,3005012
2015,1,30,501235,3005012
2015,1,31,562261,3005012
2015,1,32,492951,3005012
2015,1,33,427721,3005012
2015,1,34,693366,3005012
2015,1,35,544191,3005012
2015,1,36,725346,3005012
2015,1,37,736545,3005012
2015,1,38,717126,3005012
2015,1,39,1002248,3005012
2015,1,40,960507,3005012
2015,1,41,897920,3005012
2015,1,42,656946,3005012
2015,1,43,807027,3005012
2015,1,44,567225,3005012
2015,1,45,486661,3005012
2015,1,46,533273,3005012
2015,1,47,383357,3005012
2015,1,48,235312,3005012
2015,1,49,454560,3005012
2015,1,50,154529,3005012
2015,1,51,168648,3005012
2015,1,52,180149,3005012
2015,1,53,73139,3005012
2015,1,55,77877,3005012
2015,1,56,20092,3005012
2015,1,57,60378,3005012
2015,1,58,63093,3005012
2015,1,60,23941,3005012
2015,1,61,16098,3005012
2015,1,62,39228,3005012
2015,1,64,20092,3005012
2015,1,65,34628,3005012
2015,1,72,16098,3005012
2015,1,80,16098,3005012
2015,2,12,30300,3005012
2015,2,13,42386,3005012
2015,2,14,113249,3005012
2015,2,15,39139,3005012
2015,2,16,112675,3005012
2015,2,17,177174,3005012
2015,2,18,264925,3005012
2015,2,19,499821,3005012
2015,2,20,289301,3005012
2015,2,21,633179,3005012
2015,2,22,505734,3005012
2015,2,23,527155,3005012
2015,2,24,626443,3005012
2015,2,25,712856,3005012
2015,2,26,532345,3005012
2015,2,27,241712,3005012
2015,2,28,540458,3005012
2015,2,29,558972,3005012
2015,2,30,545382,3005012
2015,2,31,394856,3005012
2015,2,32,733549,3005012
2015,2,33,659355,3005012
2015,2,34,866583,3005012
2015,2,35,618719,3005012
2015,2,36,678452,3005012
2015,2,37,678846,3005012
2015,2,38,656427,3005012
2015,2,39,800481,3005012
2015,2,40,788595,3005012
2015,2,41,787890,3005012
2015,2,42,777646,3005012
2015,2,43,683725,3005012
2015,2,44,592000,3005012
2015,2,45,396217,3005012
2015,2,46,356010,3005012
2015,2,47,470666,3005012
2015,2,48,355080,3005012
2015,2,49,117446,3005012
2015,2,50,189421,3005012
2015,2,51,192011,3005012
2015,2,52,62088,3005012
2015,2,53,134974,3005012
2015,2,54,204199,3005012
2015,2,55,47967,3005012
2015,2,56,16817,3005012
2015,2,57,67135,3005012
2015,2,58,72475,3005012
2015,2,59,22948,3005012
2015,2,60,8276,3005012
2015,2,63,4689,3005012
2015,2,70,16987,3005012
2015,2,71,16098,3005012
2015,3,10,23348,3005012
2015,3,11,50505,3005012
2015,3,12,56741,3005012
2015,3,13,101382,3005012
2015,3,14,55123,3005012
2015,3,15,81313,3005012
2015,3,16,58631,3005012
2015,3,17,32505,3005012
2017,0,10,18640,3005012
2017,0,11,43046,3005012
2017,0,12,50294,3005012
2017,0,13,192504,3005012
2017,0,14,340091,3005012
2017,0,15,650275,3005012
2017,0,16,739271,3005012
2017,0,17,454030,3005012
2017,0,18,389867,3005012
2017,0,19,828684,3005012
2017,0,20,944758,3005012
2017,0,21,632490,3005012
2017,0,22,643270,3005012
2017,0,23,757276,3005012
2017,0,24,1102460,3005012
2017,0,25,1365987,3005012
2017,0,26,1753762,3005012
2017,0,27,1924077,3005012
2017,0,28,2029172,3005012
2017,0,29,1892839,3005012
2017,0,30,1427380,3005012
2017,0,31,1304362,3005012
2017,0,32,1479332,3005012
2017,0,33,1471119,3005012
2017,0,34,1647531,3005012
2017,0,35,1610159,3005012
2017,0,36,1328699,3005012
2017,0,37,1456463,3005012
2017,0,38,1408611,3005012
2017,0,39,1894407,3005012
2017,0,40,1377146,3005012
2017,0,41,1384303,3005012
2017,0,42,1474803,3005012
2017,0,43,1637784,3005012
2017,0,44,1179973,3005012
2017,0,45,1299161,3005012
2017,0,46,1248144,3005012
2017,0,47,1364495,3005012
2017,0,48,1021118,3005012
2017,0,49,861000,3005012
2017,0,50,706214,3005012
2017,0,51,511272,3005012
2017,0,52,466694,3005012
2017,0,53,361999,3005012
2017,0,54,146249,3005012
2017,0,55,65545,3005012
2017,0,56,89959,3005012
2017,0,57,22106,3005012
2017,0,58,93030,3005012
2017,0,59,53980,3005012
2017,0,60,48261,3005012
2017,0,61,13578,3005012
2017,0,62,55894,3005012
2017,0,63,161497,3005012
2017,0,64,84448,3005012
2017,0,65,42224,3005012
2017,0,66,42224,3005012
2017,0,67,42224,3005012
2017,0,68,5356,3005012
2017,0,72,12896,3005012
2017,0,78,42224,3005012
2017,1,12,41833,3005012
2017,1,14,172724,3005012
2017,1,15,334615,3005012
2017,1,16,368751,3005012
2017,1,17,307251,3005012
2017,1,18,219257,3005012
2017,1,19,408175,3005012
2017,1,20,576996,3005012
2017,1,21,237938,3005012
2017,1,22,330401,3005012
2017,1,23,425913,3005012
2017,1,24,552121,3005012
2017,1,25,677793,3005012
2017,1,26,921218,3005012
2017,1,27,894058,3005012
2017,1,28,1005373,3005012
2017,1,29,854498,3005012
2017,1,30,657970,3005012
2017,1,31,656254,3005012
2017,1,32,704223,3005012
2017,1,33,825906,3005012
2017,1,34,866400,3005012
2017,1,35,716368,3005012
2017,1,36,663052,3005012
2017,1,37,693717,3005012
2017,1,38,721638,3005012
2017,1,39,827987,3005012
2017,1,40,717526,3005012
2017,1,41,633322,3005012
2017,1,42,821311,3005012
2017,1,43,846588,3005012
2017,1,44,596724,3005012
2017,1,45,548543,3005012
2017,1,46,660668,3005012
2017,1,47,785713,3005012
2017,1,48,562357,3005012
2017,1,49,575616,3005012
2017,1,50,425811,3005012
2017,1,51,314819,3005012
2017,1,52,141475,3005012
2017,1,53,158590,3005012
2017,1,54,96430,3005012
2017,1,55,36685,3005012
2017,1,56,23909,3005012
2017,1,57,10032,3005012
2017,1,58,42224,3005012
2017,1,59,53980,3005012
2017,1,61,13578,3005012
2017,1,62,42224,3005012
2017,1,63,106021,3005012
2017,1,64,84448,3005012
2017,1,65,42224,3005012
2017,1,72,12896,3005012
2017,1,78,42224,3005012
2017,2,13,44995,3005012
2017,2,14,51535,3005012
2017,2,15,228658,3005012
2017,2,16,292666,3005012
2017,2,17,128139,3005012
2017,2,18,170609,3005012
2017,2,19,420511,3005012
2017,2,20,367760,3005012
2017,2,21,394554,3005012
2017,2,22,312869,3005012
2017,2,23,331361,3005012
2017,2,24,550339,3005012
2017,2,25,688195,3005012
2017,2,26,832545,3005012
2017,2,27,1030020,3005012
2017,2,28,1023799,3005012
2017,2,29,1038337,3005012
2017,2,30,769412,3005012
2017,2,31,648107,3005012
2017,2,32,775106,3005012
2017,2,33,645211,3005012
2017,2,34,781131,3005012
2017,2,35,893791,3005012
2017,2,36,665647,3005012
2017,2,37,762743,3005012
2017,2,38,686972,3005012
2017,2,39,1066422,3005012
2017,2,40,659620,3005012
2017,2,41,750980,3005012
2017,2,42,653493,3005012
2017,2,43,749176,3005012
2017,2,44,583252,3005012
2017,2,45,750618,3005012
2017,2,46,587477,3005012
2017,2,47,578781,3005012
2017,2,48,458762,3005012
2017,2,49,285385,3005012
2017,2,50,280404,3005012
2017,2,51,196451,3005012
2017,2,52,325218,3005012
2017,2,53,203409,3005012
2017,2,54,49819,3005012
2017,2,55,28860,3005012
2017,2,56,66050,3005012
2017,2,57,12074,3005012
2017,2,58,50806,3005012
2017,2,60,48261,3005012
2017,2,62,13670,3005012
2017,2,63,55476,3005012
2017,2,66,42224,3005012
2017,2,67,42224,3005012
2017,2,68,5356,3005012
2017,3,10,18640,3005012
2017,3,11,43046,3005012
2017,3,12,8461,3005012
2017,3,13,147509,3005012
2017,3,14,115832,3005012
2017,3,15,87002,3005012
2017,3,16,77854,3005012
2017,3,17,18640,3005012
2017,3,43,42019,3005012
2019,0,8,17354,3005012
2019,0,9,34941,3005012
2019,0,10,87924,3005012
2019,0,11,220315,3005012
2019,0,12,233757,3005012
2019,0,13,267039,3005012
2019,0,14,215574,3005012
2019,0,15,633314,3005012
2019,0,16,600055,3005012
2019,0,17,823003,3005012
2019,0,18,736973,3005012
2019,0,19,632678,3005012
2019,0,20,840471,3005012
2019,0,21,973875,3005012
2019,0,22,1097235,3005012
2019,0,23,998147,3005012
2019,0,24,1265046,3005012
2019,0,25,1191953,3005012
2019,0,26,1687759,3005012
2019,0,27,1575050,3005012
2019,0,28,1755918,3005012
2019,0,29,2102776,3005012
2019,0,30,1368430,3005012
2019,0,31,1414848,3005012
2019,0,32,1630505,3005012
2019,0,33,1634671,3005012
2019,0,34,1801291,3005012
2019,0,35,1539647,3005012
2019,0,36,1556778,3005012
2019,0,37,1772798,3005012
2019,0,38,1449161,3005012
2019,0,39,2685778,3005012
2019,0,40,3161109,3005012
2019,0,41,3591650,3005012
2019,0,42,5516926,3005012
2019,0,43,4543327,3005012
2019,0,44,3864166,3005012
2019,0,45,3280765,3005012
2019,0,46,2358661,3005012
2019,0,47,1026722,3005012
2019,0,48,754722,3005012
2019,0,49,587752,3005012
2019,0,50,569676,3005012
2019,0,51,235643,3005012
2019,0,52,186951,3005012
2019,0,53,148859,3005012
2019,0,54,160596,3005012
2019,0,55,70890,3005012
2019,0,56,64588,3005012
2019,0,57,33988,3005012
2019,0,58,83282,3005012
2019,0,59,71503,3005012
2019,0,60,59086,3005012
2019,0,61,51033,3005012
2019,0,62,25517,3005012
2019,0,63,25517,3005012
2019,0,64,15917,3005012
2019,0,65,38028,3005012
2019,0,71,25517,3005012
2019,0,72,17354,3005012
2019,1,10,35173,3005012
2019,1,11,100710,3005012
2019,1,12,198816,3005012
2019,1,13,61495,3005012
2019,1,14,71009,3005012
2019,1,15,273503,3005012
2019,1,16,297965,3005012
2019,1,17,522906,3005012
2019,1,18,251837,3005012
2019,1,19,261650,3005012
2019,1,20,441449,3005012
2019,1,21,453566,3005012
2019,1,22,542504,3005012
2019,1,23,482067,3005012
2019,1,24,730026,3005012
2019,1,25,560240,3005012
2019,1,26,909986,3005012
2019,1,27,840686,3005012
2019,1,28,726376,3005012
2019,1,29,972165,3005012
2019,1,30,777155,3005012
2019,1,31,778847,3005012
2019,1,32,850288,3005012
2019,1,33,739168,3005012
2019,1,34,744256,3005012
2019,1,35,902502,3005012
2019,1,36,855768,3005012
2019,1,37,907816,3005012
2019,1,38,694847,3005012
2019,1,39,845118,3005012
2019,1,40,1988388,3005012
2019,1,41,1775903,3005012
2019,1,42,2900045,3005012
2019,1,43,2327593,3005012
2019,1,44,2069263,3005012
2019,1,45,1610310,3005012
2019,1,46,929334,3005012
2019,1,47,385287,3005012
2019,1,48,368678,3005012
2019,1,49,426230,3005012
2019,1,50,277274,3005012
2019,1,51,127161,3005012
2019,1,52,94661,3005012
2019,1,53,48937,3005012
2019,1,54,97967,3005012
2019,1,55,46586,3005012
2019,1,56,47971,3005012
2019,1,57,33988,3005012
2019,1,58,8409,3005012
2019,1,59,22146,3005012
2019,1,60,59086,3005012
2019,1,61,25517,3005012
2019,1,62,25517,3005012
2019,1,63,25517,3005012
2019,1,64,15917,3005012
2019,1,71,25517,3005012
2019,1,72,17354,3005012
2019,2,13,118765,3005012
2019,2,14,104652,3005012
2019,2,15,262223,3005012
2019,2,16,254473,3005012
2019,2,17,250130,3005012
2019,2,18,435164,3005012
2019,2,19,354013,3005012
2019,2,20,399021,3005012
2019,2,21,520308,3005012
2019,2,22,554730,3005012
2019,2,23,516081,3005012
2019,2,24,535020,3005012
2019,2,25,631715,3005012
2019,2,26,777772,3005012
2019,2,27,734363,3005012
2019,2,28,1029545,3005012
2019,2,29,1130616,3005012
2019,2,30,591276,3005012
2019,2,31,636002,3005012
2019,2,32,780217,3005012
2019,2,33,895504,3005012
2019,2,34,1057033,3005012
2019,2,35,637146,3005012
2019,2,36,701008,3005012
2019,2,37,864980,3005012
2019,2,38,754314,3005012
2019,2,39,1840659,3005012
2019,2,40,1172723,3005012
2019,2,41,1815747,3005012
2019,2,42,2616884,3005012
2019,2,43,2215734,3005012
2019,2,44,1794901,3005012
2019,2,45,1670455,3005012
2019,2,46,1429329,3005012
2019,2,47,641437,3005012
2019,2,48,386045,3005012
2019,2,49,161523,3005012
2019,2,50,292402,3005012
2019,2,51,108482,3005012
2019,2,52,92290,3005012
2019,2,53,99922,3005012
2019,2,54,62630,3005012
2019,2,55,24304,3005012
2019,2,56,16617,3005012
2019,2,58,74873,3005012
2019,2,59,49357,3005012
2019,2,61,25517,3005012
2019,2,65,38028,3005012
2019,3,8,17354,3005012
2019,3,9,34941,3005012
2019,3,10,52751,3005012
2019,3,11,119605,3005012
2019,3,12,34941,3005012
2019,3,13,86779,3005012
2019,3,14,39913,3005012
2019,3,15,97588,3005012
2019,3,16,47619,3005012
2019,3,17,49968,3005012
2019,3,18,49968,3005012
2019,3,19,17014,3005012
2021,0,12,38877,3005012
2021,0,13,158518,3005012
2021,0,14,320642,3005012
2021,0,15,456981,3005012
2021,0,16,832196,3005012
2021,0,17,1218875,3005012
2021,0,18,995184,3005012
2021,0,19,783669,3005012
2021,0,20,893251,3005012
2021,0,21,759119,3005012
2021,0,22,1101721,3005012
2021,0,23,1100992,3005012
2021,0,24,1186530,3005012
2021,0,25,1211192,3005012
2021,0,26,1126417,3005012
2021,0,27,1206585,3005012
2021,0,28,1835926,3005012
2021,0,29,1768590,3005012
2021,0,30,1497042,3005012
2021,0,31,1685359,3005012
2021,0,32,1315697,3005012
2021,0,33,1091747,3005012
2021,0,34,1368125,3005012
2021,0,35,1040813,3005012
2021,0,36,913242,3005012
2021,0,37,1012922,3005012
2021,0,38,1097065,3005012
2021,0,39,1214686,3005012
2021,0,40,1176546,3005012
2021,0,41,1006588,3005012
2021,0,42,1218466,3005012
2021,0,43,1049705,3005012
2021,0,44,661600,3005012
2021,0,45,709921,3005012
2021,0,46,599406,3005012
2021,0,47,329849,3005012
2021,0,48,431009,3005012
2021,0,49,382487,3005012
2021,0,50,206496,3005012
2021,0,51,228135,3005012
2021,0,52,231934,3005012
2021,0,53,120377,3005012
2021,0,54,126928,3005012
2021,0,55,41283,3005012
2021,0,56,38493,3005012
2021,0,58,42723,3005012
2021,0,59,35788,3005012
2021,0,60,44477,3005012
2021,0,62,59658,3005012
2021,0,70,46944,3005012
2021,1,12,38877,3005012
2021,1,13,158518,3005012
2021,1,14,181197,3005012
2021,1,15,208269,3005012
2021,1,16,451974,3005012
2021,1,17,656992,3005012
2021,1,18,638817,3005012
2021,1,19,482660,3005012
2021,1,20,599618,3005012
2021,1,21,465276,3005012
2021,1,22,375161,3005012
2021,1,23,689860,3005012
2021,1,24,588828,3005012
2021,1,25,695105,3005012
2021,1,26,542603,3005012
2021,1,27,535357,3005012
2021,1,28,992663,3005012
2021,1,29,865252,3005012
2021,1,30,924922,3005012
2021,1,31,554248,3005012
2021,1,32,524478,3005012
2021,1,33,496044,3005012
2021,1,34,593755,3005012
2021,1,35,448141,3005012
2021,1,36,380543,3005012
2021,1,37,483961,3005012
2021,1,38,546783,3005012
2021,1,39,654881,3005012
2021,1,40,588898,3005012
2021,1,41,587689,3005012
2021,1,42,637426,3005012
2021,1,43,365054,3005012
2021,1,44,303590,3005012
2021,1,45,319717,3005012
2021,1,46,398947,3005012
2021,1,47,191691,3005012
2021,1,48,117645,3005012
2021,1,49,213380,3005012
2021,1,50,184336,3005012
2021,1,51,143497,3005012
2021,1,52,138081,3005012
2021,1,53,71797,3005012
2021,1,54,92505,3005012
2021,1,55,7343,3005012
2021,1,56,38493,3005012
2021,1,60,33855,3005012
2021,1,70,46944,3005012
2021,2,14,139444,3005012
2021,2,15,248712,3005012
2021,2,16,380223,3005012
2021,2,17,561885,3005012
2021,2,18,356368,3005012
2021,2,19,285504,3005012
2021,2,20,293634,3005012
2021,2,21,293844,3005012
2021,2,22,711055,3005012
2021,2,23,411133,3005012
2021,2,24,597701,3005012
2021,2,25,482971,3005012
2021,2,26,583815,3005012
2021,2,27,671228,3005012
2021,2,28,843262,3005012
2021,2,29,903337,3005012
2021,2,30,572116,3005012
2021,2,31,1131111,3005012
2021,2,32,751262,3005012
2021,2,33,595706,3005012
2021,2,34,756349,3005012
2021,2,35,575061,3005012
2021,2,36,532699,3005012
2021,2,37,528962,3005012
2021,2,38,550283,3005012
2021,2,39,559803,3005012
2021,2,40,587647,3005012
2021,2,41,375217,3005012
2021,2,42,564326,3005012
2021,2,43,653487,3005012
2021,2,44,358011,3005012
2021,2,45,390204,3005012
2021,2,46,200458,3005012
2021,2,47,138157,3005012
2021,2,48,313363,3005012
2021,2,49,169107,3005012
2021,2,50,22160,3005012
2021,2,51,84639,3005012
2021,2,52,93853,3005012
2021,2,53,48581,3005012
2021,2,54,34423,3005012
2021,2,55,33940,3005012
2021,2,58,42723,3005012
2021,2,59,35788,3005012
2021,2,60,10622,3005012
2021,2,62,59658,3005012
2021,3,19,15505,3005012
2021,3,22,15505,3005012
2021,3,25,33116,3005012
2021,3,32,39958,3005012
2021,3,34,18023,3005012
2021,3,35,17611,3005012
2021,3,41,43685,3005012
2021,3,42,16714,3005012
2021,3,43,31164,3005012
2023,0,11,71478,3005012
2023,0,12,23826,3005012
2023,0,13,299031,3005012
2023,0,14,255382,3005012
2023,0,15,268863,3005012
2023,0,16,447218,3005012
2023,0,17,661708,3005012
2023,0,18,725097,3005012
2023,0,19,452262,3005012
2023,0,20,1091124,3005012
2023,0,21,1200524,3005012
2023,0,22,1220374,3005012
2023,0,23,1431380,3005012
2023,0,24,1331252,3005012
2023,0,25,1320578,3005012
2023,0,26,1513078,3005012
2023,0,27,1345886,3005012
2023,0,28,1429792,3005012
2023,0,29,1284488,3005012
2023,0,30,1782597,3005012
2023,0,31,1514785,3005012
2023,0,32,1071464,3005012
2023,0,33,1713829,3005012
2023,0,34,1655975,3005012
2023,0,35,1016329,3005012
2023,0,36,1314450,3005012
2023,0,37,867830,3005012
2023,0,38,954105,3005012
2023,0,39,855451,3005012
2023,0,40,736848,3005012
2023,0,41,872195,3005012
2023,0,42,697344,3005012
2023,0,43,921779,3005012
2023,0,44,867744,3005012
2023,0,45,822631,3005012
2023,0,46,1140179,3005012
2023,0,47,1419863,3005012
2023,0,48,1126259,3005012
2023,0,49,818180,3005012
2023,0,50,825699,3005012
2023,0,51,393190,3005012
2023,0,52,298413,3005012
2023,0,53,240407,3005012
2023,0,54,272535,3005012
2023,0,55,205619,3005012
2023,0,56,96530,3005012
2023,0,57,135398,3005012
2023,0,58,48288,3005012
2023,0,59,86242,3005012
2023,0,62,43037,3005012
2023,0,65,21113,3005012
2023,1,11,23826,3005012
2023,1,12,23826,3005012
2023,1,13,127510,3005012
2023,1,14,243007,3005012
2023,1,15,159757,3005012
2023,1,16,198796,3005012
2023,1,17,309531,3005012
2023,1,18,378078,3005012
2023,1,19,266868,3005012
2023,1,20,615464,3005012
2023,1,21,619216,3005012
2023,1,22,720215,3005012
2023,1,23,828939,3005012
2023,1,24,609093,3005012
2023,1,25,524992,3005012
2023,1,26,881951,3005012
2023,1,27,697105,3005012
2023,1,28,701568,3005012
2023,1,29,622464,3005012
2023,1,30,868370,3005012
2023,1,31,912213,3005012
2023,1,32,387872,3005012
2023,1,33,894718,3005012
2023,1,34,774570,3005012
2023,1,35,568982,3005012
2023,1,36,519390,3005012
2023,1,37,470842,3005012
2023,1,38,495013,3005012
2023,1,39,403879,3005012
2023,1,40,347523,3005012
2023,1,41,552024,3005012
2023,1,42,377458,3005012
2023,1,43,456474,3005012
2023,1,44,453325,3005012
2023,1,45,513831,3005012
2023,1,46,999292,3005012
2023,1,47,818308,3005012
2023,1,48,735441,3005012
2023,1,49,585310,3005012
2023,1,50,436536,3005012
2023,1,51,348130,3005012
2023,1,52,127038,3005012
2023,1,53,87638,3005012
2023,1,54,138991,3005012
2023,1,55,36354,3005012
2023,1,56,31471,3005012
2023,1,57,54507,3005012
2023,1,58,28872,3005012
2023,1,59,19064,3005012
2023,1,62,43037,3005012
2023,1,65,21113,3005012
2023,2,11,47652,3005012
2023,2,13,159433,3005012
2023,2,14,12375,3005012
2023,2,15,97018,3005012
2023,2,16,248422,3005012
2023,2,17,352178,3005012
2023,2,18,334931,3005012
2023,2,19,185394,3005012
2023,2,20,415221,3005012
2023,2,21,569219,3005012
2023,2,22,500159,3005012
2023,2,23,602440,3005012
2023,2,24,722159,3005012
2023,2,25,795586,3005012
2023,2,26,631126,3005012
2023,2,27,648782,3005012
2023,2,28,728223,3005012
2023,2,29,662025,3005012
2023,2,30,914224,3005012
2023,2,31,602571,3005012
2023,2,32,683592,3005012
2023,2,33,819111,3005012
2023,2,34,881408,3005012
2023,2,35,447346,3005012
2023,2,36,795060,3005012
2023,2,37,396988,3005012
2023,2,38,459094,3005012
2023,2,39,451573,3005012
2023,2,40,389325,3005012
2023,2,41,320172,3005012
2023,2,42,319884,3005012
2023,2,43,465306,3005012
2023,2,44,414420,3005012
2023,2,45,308799,3005012
2023,2,46,140887,3005012
2023,2,47,601555,3005012
2023,2,48,390817,3005012
2023,2,49,232868,3005012
2023,2,50,389165,3005012
2023,2,51,45059,3005012
2023,2,52,171375,3005012
2023,2,53,152769,3005012
2023,2,54,133544,3005012
2023,2,55,169265,3005012
2023,2,56,65059,3005012
2023,2,57,80891,3005012
2023,2,58,19416,3005012
2023,2,59,67178,3005012
2023,3,13,12088,3005012
2023,3,15,12088,3005012
2023,3,18,12088,3005012
2023,3,20,60439,3005012
2023,3,21,12088,3005012
1990,4,12,14750,3005012
1990,4,13,3881,3005012
1990,4,14,46664,3005012
1990,4,15,86661,3005012
1990,4,16,24201,3005012
1990,4,17,19952,3005012
1990,4,18,156304,3005012
1990,4,19,256158,3005012
1990,4,20,226898,3005012
1990,4,21,331462,3005012
1990,4,22,333076,3005012
1990,4,23,390112,3005012
1990,4,24,482284,3005012
1990,4,25,537653,3005012
1990,4,26,496308,3005012
1990,4,27,639151,3005012
1990,4,28,715248,3005012
1990,4,29,1075270,3005012
1990,4,30,1182871,3005012
1990,4,31,1436239,3005012
1990,4,32,1731510,3005012
1990,4,33,1845385,3005012
1990,4,34,2017657,3005012
1990,4,35,2261330,3005012
1990,4,36,2370091,3005012
1990,4,37,2658607,3005012
1990,4,38,2117985,3005012
1990,4,39,1520290,3005012
1990,4,40,1833436,3005012
1990,4,41,1078112,3005012
1990,4,42,1251164,3005012
1990,4,43,1354436,3005012
1990,4,44,1897493,3005012
1990,4,45,2031423,3005012
1990,4,46,1921534,3005012
1990,4,47,1509793,3005012
1990,4,48,1116091,3005012
1990,4,49,826330,3005012
1990,4,50,534854,3005012
1990,4,51,408688,3005012
1990,4,52,185204,3005012
1990,4,53,236099,3005012
1990,4,54,235811,3005012
1990,4,55,158097,3005012
1990,4,56,153440,3005012
1990,4,57,150993,3005012
1990,4,58,152060,3005012
1990,4,59,64935,3005012
1990,4,60,104883,3005012
1990,4,61,62320,3005012
1990,4,62,11083,3005012
1990,4,63,28049,3005012
1990,4,64,12052,3005012
1990,4,65,25471,3005012
1990,4,67,12171,3005012
1990,4,68,22063,3005012
1990,4,69,46018,3005012
1990,4,70,51020,3005012
1990,4,73,14375,3005012
1990,4,74,11083,3005012
1993,4,9,5691,3005012
1993,4,10,10607,3005012
1993,4,11,133453,3005012
1993,4,12,148686,3005012
1993,4,13,427767,3005012
1993,4,14,631446,3005012
1993,4,15,542276,3005012
1993,4,16,615452,3005012
1993,4,17,445166,3005012
1993,4,18,488029,3005012
1993,4,19,411117,3005012
1993,4,20,411123,3005012
1993,4,21,497384,3005012
1993,4,22,444788,3005012
1993,4,23,569105,3005012
1993,4,24,534223,3005012
1993,4,25,823656,3005012
1993,4,26,858454,3005012
1993,4,27,798315,3005012
1993,4,28,796362,3005012
1993,4,29,1163110,3005012
1993,4,30,1255695,3005012
1993,4,31,1456832,3005012
1993,4,32,1410644,3005012
1993,4,33,1571911,3005012
1993,4,34,1931594,3005012
1993,4,35,2042516,3005012
1993,4,36,2148571,3005012
1993,4,37,2287396,3005012
1993,4,38,2814670,3005012
1993,4,39,3325358,3005012
1993,4,40,3621832,3005012
1993,4,41,3503619,3005012
1993,4,42,3805180,3005012
1993,4,43,3877870,3005012
1993,4,44,4002391,3005012
1993,4,45,3233777,3005012
1993,4,46,2567155,3005012
1993,4,47,1822548,3005012
1993,4,48,1195682,3005012
1993,4,49,661048,3005012
1993,4,50,396643,3005012
1993,4,51,271344,3005012
1993,4,52,171529,3005012
1993,4,53,214325,3005012
1993,4,54,106126,3005012
1993,4,55,98374,3005012
1993,4,56,16522,3005012
1993,4,57,178830,3005012
1993,4,58,107776,3005012
1993,4,59,67533,3005012
1993,4,60,70680,3005012
1993,4,61,23050,3005012
1993,4,62,81848,3005012
1993,4,63,37037,3005012
1993,4,64,48430,3005012
1993,4,65,57293,3005012
1993,4,66,26232,3005012
1993,4,68,23666,3005012
1993,4,69,7625,3005012
1993,4,71,5991,3005012
1993,4,76,7625,3005012
1993,4,80,13907,3005012
1996,4,11,14126,3005012
1996,4,12,58038,3005012
1996,4,13,121224,3005012
1996,4,14,142843,3005012
1996,4,15,71372,3005012
1996,4,16,303962,3005012
1996,4,17,295928,3005012
1996,4,18,454453,3005012
1996,4,19,571389,3005012
1996,4,20,997362,3005012
1996,4,21,750423,3005012
1996,4,22,1184382,3005012
1996,4,23,1157013,3005012
1996,4,24,1387374,3005012
1996,4,25,1096929,3005012
1996,4,26,1237577,3005012
1996,4,27,995682,3005012
1996,4,28,853922,3005012
1996,4,29,906158,3005012
1996,4,30,1353968,3005012
1996,4,31,997003,3005012
1996,4,32,1026006,3005012
1996,4,33,1315712,3005012
1996,4,34,994479,3005012
1996,4,35,1137073,3005012
1996,4,36,1412581,3005012
1996,4,37,1455577,3005012
1996,4,38,1146798,3005012
1996,4,39,1794174,3005012
1996,4,40,1578583,3005012
1996,4,41,2370226,3005012
1996,4,42,2532145,3005012
1996,4,43,2796742,3005012
1996,4,44,2628363,3005012
1996,4,45,2514005,3005012
1996,4,46,2113161,3005012
1996,4,47,1643646,3005012
1996,4,48,1358212,3005012
1996,4,49,778357,3005012
1996,4,50,608104,3005012
1996,4,51,478991,3005012
1996,4,52,488829,3005012
1996,4,53,194925,3005012
1996,4,54,91962,3005012
1996,4,55,151918,3005012
1996,4,56,189635,3005012
1996,4,57,93229,3005012
1996,4,58,55749,3005012
1996,4,59,59750,3005012
1996,4,60,27821,3005012
1996,4,61,30440,3005012
1996,4,62,18007,3005012
1996,4,63,10842,3005012
1996,4,64,11435,3005012
1996,4,65,7582,3005012
1996,4,66,5104,3005012
1999,4,8,20782,3005012
1999,4,9,18181,3005012
1999,4,11,108970,3005012
1999,4,12,137041,3005012
1999,4,13,203315,3005012
1999,4,14,350091,3005012
1999,4,15,461953,3005012
1999,4,16,447586,3005012
1999,4,17,778172,3005012
1999,4,18,910632,3005012
1999,4,19,1245739,3005012
1999,4,20,1666052,3005012
1999,4,21,1880894,3005012
1999,4,22,1623794,3005012
1999,4,23,1327994,3005012
1999,4,24,1213262,3005012
1999,4,25,1153438,3005012
1999,4,26,1145872,3005012
1999,4,27,815780,3005012
1999,4,28,1166755,3005012
1999,4,29,1437091,3005012
1999,4,30,1872689,3005012
1999,4,31,1427213,3005012
1999,4,32,1465975,3005012
1999,4,33,1562703,3005012
1999,4,34,1492632,3005012
1999,4,35,1741687,3005012
1999,4,36,1454622,3005012
1999,4,37,1477864,3005012
1999,4,38,1721091,3005012
1999,4,39,1678850,3005012
1999,4,40,1913744,3005012
1999,4,41,1804993,3005012
1999,4,42,1801565,3005012
1999,4,43,2073519,3005012
1999,4,44,1908822,3005012
1999,4,45,1877374,3005012
1999,4,46,1612408,3005012
1999,4,47,1285151,3005012
1999,4,48,956765,3005012
1999,4,49,784462,3005012
1999,4,50,665781,3005012
1999,4,51,371311,3005012
1999,4,52,157069,3005012
1999,4,53,201224,3005012
1999,4,54,82270,3005012
1999,4,55,73765,3005012
1999,4,56,32908,3005012
1999,4,57,47066,3005012
1999,4,58,50747,3005012
1999,4,59,59151,3005012
1999,4,60,16906,3005012
1999,4,62,11192,3005012
1999,4,64,26360,3005012
1999,4,65,16997,3005012
1999,4,66,14873,3005012
1999,4,69,28317,3005012
1999,4,76,10577,3005012
2001,4,10,23285,3005012
2001,4,12,268874,3005012
2001,4,13,382930,3005012
2001,4,14,588816,3005012
2001,4,15,505032,3005012
2001,4,16,477783,3005012
2001,4,17,438456,3005012
2001,4,18,191943,3005012
2001,4,19,442510,3005012
2001,4,20,295327,3005012
2001,4,21,452669,3005012
2001,4,22,656696,3005012
2001,4,23,548593,3005012
2001,4,24,752334,3005012
2001,4,25,658073,3005012
2001,4,26,895498,3005012
2001,4,27,771891,3005012
2001,4,28,1133693,3005012
2001,4,29,857975,3005012
2001,4,30,973557,3005012
2001,4,31,757550,3005012
2001,4,32,746053,3005012
2001,4,33,756024,3005012
2001,4,34,827734,3005012
2001,4,35,1231384,3005012
2001,4,36,1170312,3005012
2001,4,37,1194459,3005012
2001,4,38,1356169,3005012
2001,4,39,1607381,3005012
2001,4,40,1435367,3005012
2001,4,41,1815049,3005012
2001,4,42,2398626,3005012
2001,4,43,2094568,3005012
2001,4,44,1581253,3005012
2001,4,45,1651688,3005012
2001,4,46,1303092,3005012
2001,4,47,935465,3005012
2001,4,48,729520,3005012
2001,4,49,643921,3005012
2001,4,50,343950,3005012
2001,4,51,206183,3005012
2001,4,52,138911,3005012
2001,4,53,146700,3005012
2001,4,54,38743,3005012
2001,4,55,54136,3005012
2001,4,56,112486,3005012
2001,4,57,62488,3005012
2001,4,58,19337,3005012
2001,4,59,42292,3005012
2001,4,60,48780,3005012
2001,4,61,18236,3005012
2001,4,63,18236,3005012
2001,4,64,27520,3005012
2003,4,9,67151,3005012
2003,4,10,136801,3005012
2003,4,11,752765,3005012
2003,4,12,481046,3005012
2003,4,13,498735,3005012
2003,4,14,356335,3005012
2003,4,15,344495,3005012
2003,4,16,522703,3005012
2003,4,17,436414,3005012
2003,4,18,814165,3005012
2003,4,19,619812,3005012
2003,4,20,1086810,3005012
2003,4,21,1571999,3005012
2003,4,22,1281061,3005012
2003,4,23,1275949,3005012
2003,4,24,1043863,3005012
2003,4,25,884323,3005012
2003,4,26,650164,3005012
2003,4,27,1215163,3005012
2003,4,28,957453,3005012
2003,4,29,1176968,3005012
2003,4,30,1402471,3005012
2003,4,31,1112578,3005012
2003,4,32,1318683,3005012
2003,4,33,1238971,3005012
2003,4,34,1057707,3005012
2003,4,35,1031201,3005012
2003,4,36,957503,3005012
2003,4,37,889403,3005012
2003,4,38,1231337,3005012
2003,4,39,1084087,3005012
2003,4,40,1309180,3005012
2003,4,41,1694178,3005012
2003,4,42,1987008,3005012
2003,4,43,2439051,3005012
2003,4,44,2618530,3005012
2003,4,45,2439899,3005012
2003,4,46,2186761,3005012
2003,4,47,2064344,3005012
2003,4,48,1555167,3005012
2003,4,49,1083766,3005012
2003,4,50,641530,3005012
2003,4,51,508680,3005012
2003,4,52,256454,3005012
2003,4,53,181583,3005012
2003,4,54,185356,3005012
2003,4,55,119084,3005012
2003,4,56,63582,3005012
2003,4,57,66524,3005012
2003,4,58,12038,3005012
2003,4,59,87048,3005012
2003,4,60,52156,3005012
2003,4,61,25915,3005012
2003,4,62,31234,3005012
2003,4,63,12957,3005012
2003,4,64,38029,3005012
2003,4,82,17182,3005012
2005,4,8,26646,3005012
2005,4,9,44649,3005012
2005,4,10,20392,3005012
2005,4,11,154721,3005012
2005,4,12,344827,3005012
2005,4,13,514143,3005012
2005,4,14,1030649,3005012
2005,4,15,716019,3005012
2005,4,16,1063218,3005012
2005,4,17,1371573,3005012
2005,4,18,1679243,3005012
2005,4,19,1885632,3005012
2005,4,20,1234227,3005012
2005,4,21,1230256,3005012
2005,4,22,1262755,3005012
2005,4,23,1413993,3005012
2005,4,24,1381843,3005012
2005,4,25,1423952,3005012
2005,4,26,1516086,3005012
2005,4,27,1740861,3005012
2005,4,28,1826578,3005012
2005,4,29,1589059,3005012
2005,4,30,1694583,3005012
2005,4,31,1644630,3005012
2005,4,32,1446161,3005012
2005,4,33,1572129,3005012
2005,4,34,1866263,3005012
2005,4,35,1509000,3005012
2005,4,36,1752539,3005012
2005,4,37,1334079,3005012
2005,4,38,1606434,3005012
2005,4,39,1982480,3005012
2005,4,40,2049653,3005012
2005,4,41,1950347,3005012
2005,4,42,2502022,3005012
2005,4,43,1776723,3005012
2005,4,44,2307450,3005012
2005,4,45,1744091,3005012
2005,4,46,1540090,3005012
2005,4,47,920895,3005012
2005,4,48,981263,3005012
2005,4,49,655466,3005012
2005,4,50,662522,3005012
2005,4,51,731272,3005012
2005,4,52,396431,3005012
2005,4,53,321384,3005012
2005,4,54,244684,3005012
2005,4,55,203365,3005012
2005,4,56,116790,3005012
2005,4,57,239804,3005012
2005,4,58,165195,3005012
2005,4,59,63603,3005012
2005,4,60,166691,3005012
2005,4,61,78911,3005012
2005,4,62,105004,3005012
2005,4,63,134387,3005012
2005,4,65,11927,3005012
2005,4,66,27040,3005012
2005,4,67,23699,3005012
2005,4,68,23698,3005012
2005,4,73,13520,3005012
2005,4,76,20822,3005012
2005,4,80,14611,3005012
2007,4,11,24167,3005012
2007,4,12,53108,3005012
2007,4,13,156803,3005012
2007,4,14,310727,3005012
2007,4,15,300092,3005012
2007,4,16,427733,3005012
2007,4,17,647754,3005012
2007,4,18,788511,3005012
2007,4,19,798965,3005012
2007,4,20,1014986,3005012
2007,4,21,1361099,3005012
2007,4,22,1083951,3005012
2007,4,23,1256044,3005012
2007,4,24,1520456,3005012
2007,4,25,1384237,3005012
2007,4,26,1453461,3005012
2007,4,27,1186845,3005012
2007,4,28,1274475,3005012
2007,4,29,1229289,3005012
2007,4,30,1375566,3005012
2007,4,31,1424305,3005012
2007,4,32,1605021,3005012
2007,4,33,1144011,3005012
2007,4,34,1396758,3005012
2007,4,35,1396999,3005012
2007,4,36,1677879,3005012
2007,4,37,1638620,3005012
2007,4,38,2156225,3005012
2007,4,39,2620809,3005012
2007,4,40,2629197,3005012
2007,4,41,2566728,3005012
2007,4,42,2803030,3005012
2007,4,43,3519868,3005012
2007,4,44,4036874,3005012
2007,4,45,2860103,3005012
2007,4,46,2407822,3005012
2007,4,47,2316595,3005012
2007,4,48,1820978,3005012
2007,4,49,1277360,3005012
2007,4,50,1265738,3005012
2007,4,51,710005,3005012
2007,4,52,529966,3005012
2007,4,53,464551,3005012
2007,4,54,355942,3005012
2007,4,55,213925,3005012
2007,4,56,138863,3005012
2007,4,57,74830,3005012
2007,4,58,100250,3005012
2007,4,59,27745,3005012
2007,4,60,57538,3005012
2007,4,61,6764,3005012
2007,4,62,33892,3005012
2007,4,63,6624,3005012
2007,4,64,19357,3005012
2007,4,67,27816,3005012
2007,4,69,34970,3005012
2009,4,8,27934,3005012
2009,4,9,31651,3005012
2009,4,10,71357,3005012
2009,4,11,235331,3005012
2009,4,12,327090,3005012
2009,4,13,384403,3005012
2009,4,14,549368,3005012
2009,4,15,536893,3005012
2009,4,16,718318,3005012
2009,4,17,784701,3005012
2009,4,18,721181,3005012
2009,4,19,675676,3005012
2009,4,20,1002375,3005012
2009,4,21,1061326,3005012
2009,4,22,1220419,3005012
2009,4,23,1576619,3005012
2009,4,24,1391548,3005012
2009,4,25,1652122,3005012
2009,4,26,1881475,3005012
2009,4,27,1664389,3005012
2009,4,28,1619486,3005012
2009,4,29,1217572,3005012
2009,4,30,1604650,3005012
2009,4,31,1464851,3005012
2009,4,32,1263735,3005012
2009,4,33,996835,3005012
2009,4,34,1107521,3005012
2009,4,35,1073935,3005012
2009,4,36,1269905,3005012
2009,4,37,1121029,3005012
2009,4,38,1353313,3005012
2009,4,39,1352144,3005012
2009,4,40,1785647,3005012
2009,4,41,1759610,3005012
2009,4,42,1973141,3005012
2009,4,43,2116392,3005012
2009,4,44,2338827,3005012
2009,4,45,2284920,3005012
2009,4,46,2256287,3005012
2009,4,47,2254424,3005012
2009,4,48,1913022,3005012
2009,4,49,1475825,3005012
2009,4,50,1234957,3005012
2009,4,51,847801,3005012
2009,4,52,750968,3005012
2009,4,53,477320,3005012
2009,4,54,245608,3005012
2009,4,55,216476,3005012
2009,4,56,156904,3005012
2009,4,57,55544,3005012
2009,4,58,100025,3005012
2009,4,59,31258,3005012
2009,4,60,45609,3005012
2009,4,61,10856,3005012
2009,4,63,9340,3005012
2009,4,64,9340,3005012
2009,4,65,24476,3005012
2009,4,68,11284,3005012
2009,4,69,13077,3005012
2011,4,10,79318,3005012
2011,4,11,39711,3005012
2011,4,12,128277,3005012
2011,4,13,135721,3005012
2011,4,14,193138,3005012
2011,4,15,456490,3005012
2011,4,16,478236,3005012
2011,4,17,507517,3005012
2011,4,18,692771,3005012
2011,4,19,965559,3005012
2011,4,20,687031,3005012
2011,4,21,1037783,3005012
2011,4,22,1368922,3005012
2011,4,23,1030772,3005012
2011,4,24,1247146,3005012
2011,4,25,1224263,3005012
2011,4,26,1031841,3005012
2011,4,27,1787216,3005012
2011,4,28,1151930,3005012
2011,4,29,1536980,3005012
2011,4,30,1628760,3005012
2011,4,31,1702781,3005012
2011,4,32,1265303,3005012
2011,4,33,1298367,3005012
2011,4,34,1503456,3005012
2011,4,35,1457996,3005012
2011,4,36,1375977,3005012
2011,4,37,1469154,3005012
2011,4,38,1796676,3005012
2011,4,39,1212517,3005012
2011,4,40,2104297,3005012
2011,4,41,1781729,3005012
2011,4,42,2255758,3005012
2011,4,43,2390761,3005012
2011,4,44,2145839,3005012
2011,4,45,1896930,3005012
2011,4,46,1568054,3005012
2011,4,47,1248496,3005012
2011,4,48,1381758,3005012
2011,4,49,865212,3005012
2011,4,50,697597,3005012
2011,4,51,481012,3005012
2011,4,52,316777,3005012
2011,4,53,201657,3005012
2011,4,54,252614,3005012
2011,4,55,212266,3005012
2011,4,56,85692,3005012
2011,4,57,75735,3005012
2011,4,58,16297,3005012
2011,4,59,65097,3005012
2011,4,60,27630,3005012
2011,4,61,27078,3005012
2011,4,62,26783,3005012
2011,4,64,43375,3005012
2011,4,67,30620,3005012
2011,4,73,33148,3005012
2011,4,76,29335,3005012
2011,4,77,9574,3005012
2013,4,8,25998,3005012
2013,4,9,8814,3005012
2013,4,10,25998,3005012
2013,4,11,45512,3005012
2013,4,12,236328,3005012
2013,4,13,803210,3005012
2013,4,14,1096246,3005012
2013,4,15,712982,3005012
2013,4,16,546545,3005012
2013,4,17,478174,3005012
2013,4,18,953834,3005012
2013,4,19,842154,3005012
2013,4,20,1117431,3005012
2013,4,21,722056,3005012
2013,4,22,716993,3005012
2013,4,23,773066,3005012
2013,4,24,670443,3005012
2013,4,25,848461,3005012
2013,4,26,822263,3005012
2013,4,27,667559,3005012
2013,4,28,937494,3005012
2013,4,29,788105,3005012
2013,4,30,548054,3005012
2013,4,31,750738,3005012
2013,4,32,811931,3005012
2013,4,33,599065,3005012
2013,4,34,753445,3005012
2013,4,35,867008,3005012
2013,4,36,955525,3005012
2013,4,37,1135196,3005012
2013,4,38,1207667,3005012
2013,4,39,1265024,3005012
2013,4,40,1197076,3005012
2013,4,41,1320372,3005012
2013,4,42,1058125,3005012
2013,4,43,1376784,3005012
2013,4,44,778050,3005012
2013,4,45,938194,3005012
2013,4,46,876668,3005012
2013,4,47,934071,3005012
2013,4,48,666300,3005012
2013,4,49,628143,3005012
2013,4,50,717961,3005012
2013,4,51,388748,3005012
2013,4,52,359889,3005012
2013,4,53,167719,3005012
2013,4,54,107469,3005012
2013,4,55,118612,3005012
2013,4,56,97779,3005012
2013,4,57,36238,3005012
2013,4,58,19423,3005012
2013,4,59,38841,3005012
2013,4,60,8814,3005012
2013,4,62,8814,3005012
2013,4,63,21090,3005012
2013,4,74,17761,3005012
2013,4,76,17761,3005012
2015,4,10,23348,3005012
2015,4,11,50505,3005012
2015,4,12,116700,3005012
2015,4,13,221092,3005012
2015,4,14,235396,3005012
2015,4,15,329599,3005012
2015,4,16,364269,3005012
2015,4,17,382805,3005012
2015,4,18,822302,3005012
2015,4,19,788685,3005012
2015,4,20,958926,3005012
2015,4,21,1306555,3005012
2015,4,22,1097368,3005012
2015,4,23,1294956,3005012
2015,4,24,1241433,3005012
2015,4,25,1094142,3005012
2015,4,26,1194980,3005012
2015,4,27,716520,3005012
2015,4,28,1084051,3005012
2015,4,29,1138845,3005012
2015,4,30,1046617,3005012
2015,4,31,957117,3005012
2015,4,32,1226500,3005012
2015,4,33,1087076,3005012
2015,4,34,1559949,3005012
2015,4,35,1162910,3005012
2015,4,36,1403798,3005012
2015,4,37,1415391,3005012
2015,4,38,1373553,3005012
2015,4,39,1802729,3005012
2015,4,40,1749102,3005012
2015,4,41,1685810,3005012
2015,4,42,1434592,3005012
2015,4,43,1490752,3005012
2015,4,44,1159225,3005012
2015,4,45,882878,3005012
2015,4,46,889283,3005012
2015,4,47,854023,3005012
2015,4,48,590392,3005012
2015,4,49,572006,3005012
2015,4,50,343950,3005012
2015,4,51,360659,3005012
2015,4,52,242237,3005012
2015,4,53,208113,3005012
2015,4,54,204199,3005012
2015,4,55,125844,3005012
2015,4,56,36909,3005012
2015,4,57,127513,3005012
2015,4,58,135568,3005012
2015,4,59,22948,3005012
2015,4,60,32217,3005012
2015,4,61,16098,3005012
2015,4,62,39228,3005012
2015,4,63,4689,3005012
2015,4,64,20092,3005012
2015,4,65,34628,3005012
2015,4,70,16987,3005012
2015,4,71,16098,3005012
2015,4,72,16098,3005012
2015,4,80,16098,3005012
2017,4,10,18640,3005012
2017,4,11,43046,3005012
2017,4,12,50294,3005012
2017,4,13,192504,3005012
2017,4,14,340091,3005012
2017,4,15,650275,3005012
2017,4,16,739271,3005012
2017,4,17,454030,3005012
2017,4,18,389866,3005012
2017,4,19,828686,3005012
2017,4,20,944756,3005012
2017,4,21,632492,3005012
2017,4,22,643270,3005012
2017,4,23,757274,3005012
2017,4,24,1102460,3005012
2017,4,25,1365988,3005012
2017,4,26,1753763,3005012
2017,4,27,1924078,3005012
2017,4,28,2029172,3005012
2017,4,29,1892835,3005012
2017,4,30,1427382,3005012
2017,4,31,1304361,3005012
2017,4,32,1479329,3005012
2017,4,33,1471117,3005012
2017,4,34,1647531,3005012
2017,4,35,1610159,3005012
2017,4,36,1328699,3005012
2017,4,37,1456460,3005012
2017,4,38,1408610,3005012
2017,4,39,1894409,3005012
2017,4,40,1377146,3005012
2017,4,41,1384302,3005012
2017,4,42,1474804,3005012
2017,4,43,1637783,3005012
2017,4,44,1179976,3005012
2017,4,45,1299161,3005012
2017,4,46,1248145,3005012
2017,4,47,1364494,3005012
2017,4,48,1021119,3005012
2017,4,49,861001,3005012
2017,4,50,706215,3005012
2017,4,51,511270,3005012
2017,4,52,466693,3005012
2017,4,53,361999,3005012
2017,4,54,146249,3005012
2017,4,55,65545,3005012
2017,4,56,89959,3005012
2017,4,57,22106,3005012
2017,4,58,93030,3005012
2017,4,59,53980,3005012
2017,4,60,48261,3005012
2017,4,61,13578,3005012
2017,4,62,55894,3005012
2017,4,63,161497,3005012
2017,4,64,84448,3005012
2017,4,65,42224,3005012
2017,4,66,42224,3005012
2017,4,67,42224,3005012
2017,4,68,5356,3005012
2017,4,72,12896,3005012
2017,4,78,42224,3005012
2019,4,8,17354,3005012
2019,4,9,34941,3005012
2019,4,10,87924,3005012
2019,4,11,220315,3005012
2019,4,12,233757,3005012
2019,4,13,267039,3005012
2019,4,14,215574,3005012
2019,4,15,633314,3005012
2019,4,16,600057,3005012
2019,4,17,823004,3005012
2019,4,18,736969,3005012
2019,4,19,632677,3005012
2019,4,20,840470,3005012
2019,4,21,973874,3005012
2019,4,22,1097234,3005012
2019,4,23,998148,3005012
2019,4,24,1265046,3005012
2019,4,25,1191955,3005012
2019,4,26,1687758,3005012
2019,4,27,1575049,3005012
2019,4,28,1755921,3005012
2019,4,29,2102781,3005012
2019,4,30,1368431,3005012
2019,4,31,1414849,3005012
2019,4,32,1630505,3005012
2019,4,33,1634672,3005012
2019,4,34,1801289,3005012
2019,4,35,1539648,3005012
2019,4,36,1556776,3005012
2019,4,37,1772796,3005012
2019,4,38,1449161,3005012
2019,4,39,2685777,3005012
2019,4,40,3161111,3005012
2019,4,41,3591650,3005012
2019,4,42,5516929,3005012
2019,4,43,4543327,3005012
2019,4,44,3864164,3005012
2019,4,45,3280765,3005012
2019,4,46,2358663,3005012
2019,4,47,1026724,3005012
2019,4,48,754723,3005012
2019,4,49,587753,3005012
2019,4,50,569676,3005012
2019,4,51,235643,3005012
2019,4,52,186951,3005012
2019,4,53,148859,3005012
2019,4,54,160597,3005012
2019,4,55,70890,3005012
2019,4,56,64588,3005012
2019,4,57,33988,3005012
2019,4,58,83282,3005012
2019,4,59,71503,3005012
2019,4,60,59086,3005012
2019,4,61,51034,3005012
2019,4,62,25517,3005012
2019,4,63,25517,3005012
2019,4,64,15917,3005012
2019,4,65,38028,3005012
2019,4,71,25517,3005012
2019,4,72,17354,3005012
2021,4,12,38877,3005012
2021,4,13,158518,3005012
2021,4,14,320641,3005012
2021,4,15,456981,3005012
2021,4,16,832197,3005012
2021,4,17,1218877,3005012
2021,4,18,995185,3005012
2021,4,19,783669,3005012
2021,4,20,893252,3005012
2021,4,21,759120,3005012
2021,4,22,1101721,3005012
2021,4,23,1100993,3005012
2021,4,24,1186529,3005012
2021,4,25,1211192,3005012
2021,4,26,1126418,3005012
2021,4,27,1206585,3005012
2021,4,28,1835925,3005012
2021,4,29,1768589,3005012
2021,4,30,1497038,3005012
2021,4,31,1685359,3005012
2021,4,32,1315698,3005012
2021,4,33,1091750,3005012
2021,4,34,1368127,3005012
2021,4,35,1040813,3005012
2021,4,36,913242,3005012
2021,4,37,1012923,3005012
2021,4,38,1097066,3005012
2021,4,39,1214684,3005012
2021,4,40,1176545,3005012
2021,4,41,1006591,3005012
2021,4,42,1218466,3005012
2021,4,43,1049705,3005012
2021,4,44,661601,3005012
2021,4,45,709921,3005012
2021,4,46,599405,3005012
2021,4,47,329848,3005012
2021,4,48,431008,3005012
2021,4,49,382487,3005012
2021,4,50,206496,3005012
2021,4,51,228136,3005012
2021,4,52,231934,3005012
2021,4,53,120378,3005012
2021,4,54,126928,3005012
2021,4,55,41283,3005012
2021,4,56,38493,3005012
2021,4,58,42723,3005012
2021,4,59,35788,3005012
2021,4,60,44477,3005012
2021,4,62,59658,3005012
2021,4,70,46944,3005012
2023,4,11,71478,3005012
2023,4,12,23826,3005012
2023,4,13,299031,3005012
2023,4,14,255382,3005012
2023,4,15,268863,3005012
2023,4,16,447218,3005012
2023,4,17,661709,3005012
2023,4,18,725097,3005012
2023,4,19,452262,3005012
2023,4,20,1091124,3005012
2023,4,21,1200523,3005012
2023,4,22,1220374,3005012
2023,4,23,1431379,3005012
2023,4,24,1331252,3005012
2023,4,25,1320578,3005012
2023,4,26,1513077,3005012
2023,4,27,1345887,3005012
2023,4,28,1429791,3005012
2023,4,29,1284489,3005012
2023,4,30,1782594,3005012
2023,4,31,1514784,3005012
2023,4,32,1071464,3005012
2023,4,33,1713829,3005012
2023,4,34,1655978,3005012
2023,4,35,1016328,3005012
2023,4,36,1314450,3005012
2023,4,37,867830,3005012
2023,4,38,954107,3005012
2023,4,39,855452,3005012
2023,4,40,736848,3005012
2023,4,41,872196,3005012
2023,4,42,697342,3005012
2023,4,43,921780,3005012
2023,4,44,867745,3005012
2023,4,45,822630,3005012
2023,4,46,1140179,3005012
2023,4,47,1419863,3005012
2023,4,48,1126258,3005012
2023,4,49,818178,3005012
2023,4,50,825701,3005012
2023,4,51,393189,3005012
2023,4,52,298413,3005012
2023,4,53,240407,3005012
2023,4,54,272535,3005012
2023,4,55,205619,3005012
2023,4,56,96530,3005012
2023,4,57,135398,3005012
2023,4,58,48288,3005012
2023,4,59,86242,3005012
2023,4,62,43037,3005012
2023,4,65,21113,3005012
