year,sex,age,agepop,mean_length,sd_length,species_code
1990,0,6,104003,27,0,301502
1990,0,7,19424,33.32,1.97,301502
1990,0,8,20745,34.04,2.44,301502
1990,0,9,94186,39.08,1.48,301502
1990,0,10,1939577,41.87,2.39,301502
1990,0,11,1645496,42.220000000000006,1.48,301502
1990,0,12,1536171,43.43,1.65,301502
1990,0,13,2031094,43.98,1.93,301502
1990,0,14,2485088,44.75,1.7799999999999998,301502
1990,0,15,1561967,44.97,1.16,301502
1990,0,16,1125394,45.16,1.09,301502
1990,0,17,108443,48.44,0.5,301502
1990,0,18,1307848,44.55,1.8099999999999998,301502
1990,0,19,360592,45.53,1.36,301502
1990,0,20,183036,47,0,301502
1990,0,21,220441,46,0,301502
1990,0,29,10178,52,0,301502
1990,0,30,265028,44.91,1.68,301502
1990,0,31,10178,51,0,301502
1990,0,32,10178,53,0,301502
1990,0,46,60288,48,0,301502
1990,0,50,220441,46,0,301502
1990,1,7,15353,33.94,1.77,301502
1990,1,8,11859,34.28,2.37,301502
1990,1,9,7787,36,0,301502
1990,1,10,267770,41.6,2.69,301502
1990,1,11,620107,41.45,0.69,301502
1990,1,12,795982,43,1.58,301502
1990,1,13,717706,42.32,1.41,301502
1990,1,14,752072,42.88,1.12,301502
1990,1,15,634950,44.68,1.34,301502
1990,1,16,439973,45.11,0.94,301502
1990,1,17,18263,49,0,301502
1990,1,18,613890,43.48,1.7599999999999998,301502
1990,1,19,137423,45,0,301502
1990,1,20,29327,47,0,301502
1990,1,30,196738,45.14,1.8,301502
1990,1,46,55962,48,0,301502
1990,1,50,132447,46,0,301502
1990,2,6,39260,27,0,301502
1990,2,8,4072,36,0,301502
1990,2,9,113480,38.64,1.4900000000000002,301502
1990,2,10,1335405,42.95,1.87,301502
1990,2,11,1339125,43.01,1.68,301502
1990,2,12,872414,43.959999999999994,1.42,301502
1990,2,13,1543084,45.19,1.5399999999999998,301502
1990,2,14,2229983,45.8,1,301502
1990,2,15,858219,44.91,0.98,301502
1990,2,16,264565,44,0,301502
1990,2,17,62450,48,0,301502
1990,2,18,400294,45.59,2.27,301502
1990,2,19,63101,49,0,301502
1990,2,21,293770,46,0,301502
1990,2,29,10178,52,0,301502
1990,2,31,10178,51,0,301502
1990,2,32,10178,53,0,301502
1990,3,10,2070,44,0,301502
1990,3,13,6210,44,0,301502
1990,3,14,4140,44,0,301502
1990,3,15,2070,44,0,301502
1990,3,16,4140,44,0,301502
1990,3,18,4140,44,0,301502
1990,3,30,2070,44,0,301502
1993,0,3,290271,20.16,1.16,301502
1993,0,4,844676,24.16,1.06,301502
1993,0,5,2919719,27.160000000000004,1.02,301502
1993,0,6,4281640,30.73,1.76,301502
1993,0,7,10165415,33.64,2.11,301502
1993,0,8,6033985,36.14,2.8599999999999994,301502
1993,0,9,6506887,39.07,2.71,301502
1993,0,10,1891239,42.04,2.58,301502
1993,0,11,1933879,42.32,3.43,301502
1993,0,12,1232915,43.83,3.34,301502
1993,0,13,2919383,44.28,2.76,301502
1993,0,14,1383967,43.35,3.74,301502
1993,0,15,2428848,42.27,4.24,301502
1993,0,16,2508302,44.97,1.8200000000000003,301502
1993,0,17,2144954,44.18,2.8,301502
1993,0,18,887468,44.31000000000001,1.6999999999999997,301502
1993,0,19,744551,43.92,2.52,301502
1993,0,20,582102,44.22,2.24,301502
1993,0,21,629837,44.33,2.97,301502
1993,0,22,465281,44.84,2.9,301502
1993,0,23,548567,42.6,2.66,301502
1993,0,24,759184,46.5,2.64,301502
1993,0,25,618820,44.16,2.4,301502
1993,0,26,508058,42.77,2.17,301502
1993,0,27,213377,41.879999999999995,4.2,301502
1993,0,28,379220,45.24,1.4200000000000002,301502
1993,0,29,182941,44.01,1,301502
1993,0,30,451251,43.980000000000004,1.8599999999999999,301502
1993,0,31,627851,42.53,3.41,301502
1993,0,32,365280,41.49,4.03,301502
1993,0,33,121370,46,0,301502
1993,0,34,286116,43.66,1.24,301502
1993,0,38,220237,45.10000000000001,0.99,301502
1993,0,42,84309,52,0,301502
1993,0,43,74909,47,0,301502
1993,0,48,68228,48,0,301502
1993,0,49,68228,48,0,301502
1993,0,51,121370,46,0,301502
1993,1,3,211816,20.18,0.93,301502
1993,1,4,344196,24.31,1.44,301502
1993,1,5,1172047,27.47,1.02,301502
1993,1,6,1792916,30.569999999999997,1.57,301502
1993,1,7,5115566,33.58,1.95,301502
1993,1,8,3199009,35.22,2.77,301502
1993,1,9,4207278,39.3,2.55,301502
1993,1,10,723527,41,2.17,301502
1993,1,11,422560,43.68,1.78,301502
1993,1,12,523868,41.73,4.2,301502
1993,1,13,1298061,43.38,2.97,301502
1993,1,14,291529,44.68,2.44,301502
1993,1,15,1141413,41.97,3.44,301502
1993,1,16,1123870,43.92,1.78,301502
1993,1,17,1019298,45.36,1.67,301502
1993,1,18,768066,43.98,1.23,301502
1993,1,19,568494,43.22,2.39,301502
1993,1,20,415461,43.19,1.49,301502
1993,1,21,226523,40.79,0.98,301502
1993,1,22,89927,42,0,301502
1993,1,24,283957,44.05,1.4,301502
1993,1,25,204857,44.95,1,301502
1993,1,28,194664,45.5,0.5,301502
1993,1,30,207951,43.52000000000001,0.5,301502
1993,1,31,279792,44.12,1.8,301502
1993,1,32,254477,39.85,3.89,301502
1993,1,33,97649,46,0,301502
1993,1,34,186942,43.56,1.5,301502
1993,1,38,107208,44,0,301502
1993,1,43,78305,47,0,301502
1993,1,48,47197,48,0,301502
1993,1,49,47197,48,0,301502
1993,1,51,97649,46,0,301502
1993,2,3,47438,18.86,0.66,301502
1993,2,4,124071,24,0,301502
1993,2,5,1047444,27.03,0.95,301502
1993,2,6,1840687,30.64,2.23,301502
1993,2,7,6006498,33.22,2.35,301502
1993,2,8,2630179,37.71,1.69,301502
1993,2,9,2292750,38.95,2.71,301502
1993,2,10,1101866,42.73,2.66,301502
1993,2,11,1451391,42.15,3.3999999999999995,301502
1993,2,12,704620,45.1,1.63,301502
1993,2,13,1710358,45,2.46,301502
1993,2,14,1038969,42.72,3.97,301502
1993,2,15,1322172,42.58,4.8,301502
1993,2,16,1418885,45.7,1.65,301502
1993,2,17,1156584,43.41,3.27,301502
1993,2,18,161406,45.51,2.5,301502
1993,2,19,161763,45.91,1,301502
1993,2,20,197519,45.82,2.45,301502
1993,2,21,412386,46.540000000000006,1.38,301502
1993,2,22,353039,45.85,2.68,301502
1993,2,23,565598,42.68,2.64,301502
1993,2,24,426920,47.47,1.93,301502
1993,2,25,390797,43.57999999999999,2.78,301502
1993,2,26,475025,42.77,2.2,301502
1993,2,27,220498,42.31,4.34,301502
1993,2,28,153716,44.91,2,301502
1993,2,29,168520,44.05,1,301502
1993,2,30,274016,44.44,2.45,301502
1993,2,31,353974,41.42,3.8,301502
1993,2,32,91404,44,0,301502
1993,2,34,91404,44,0,301502
1993,2,38,135102,46,0,301502
1996,0,4,575156,22.96,1.52,301502
1996,0,5,403396,26.98,3.09,301502
1996,0,6,684040,32.83,1.8,301502
1996,0,7,146238,33.47,3.45,301502
1996,0,8,1248859,39.31,2.35,301502
1996,0,9,2345141,40.6,2.79,301502
1996,0,10,8130860,42.14,2.17,301502
1996,0,11,5476670,43.89,2.28,301502
1996,0,12,6831141,44.410000000000004,2.04,301502
1996,0,13,2299116,45.14,2.08,301502
1996,0,14,1667303,46.19,2.23,301502
1996,0,15,1650335,44.83,2.06,301502
1996,0,16,892441,44.39,2.32,301502
1996,0,17,926238,45.95,1.7399999999999998,301502
1996,0,18,2468492,46.34,1.7899999999999998,301502
1996,0,19,2260641,47.07,2.23,301502
1996,0,20,2227119,45.82,1.9899999999999998,301502
1996,0,21,1111669,47.05,0.97,301502
1996,0,22,850740,46.84,2.4,301502
1996,0,23,1127810,47.98,2.54,301502
1996,0,24,447818,45.49,1.8100000000000003,301502
1996,0,25,836641,46.74,1.6599999999999997,301502
1996,0,26,1050507,46.16,3.55,301502
1996,0,27,634764,45.45,1.41,301502
1996,0,28,331375,45.16,2.11,301502
1996,0,29,894000,44.92,2.01,301502
1996,0,30,549785,46.43,1.55,301502
1996,0,32,98654,45,0,301502
1996,0,34,109719,48,0,301502
1996,0,35,109719,48,0,301502
1996,0,41,281137,47.89,1.37,301502
1996,0,51,76875,49,0,301502
1996,1,4,444237,23.16,1.64,301502
1996,1,5,192262,28.81,1.65,301502
1996,1,6,300318,32.2,1.9199999999999997,301502
1996,1,7,68052,33.66,1.24,301502
1996,1,8,626769,39.71,2.06,301502
1996,1,9,1244434,40.4,2.84,301502
1996,1,10,3979619,42.25,2.39,301502
1996,1,11,2812548,43.35,1.91,301502
1996,1,12,3438222,43.980000000000004,1.85,301502
1996,1,13,381257,45.11,3.21,301502
1996,1,14,552169,46.01,1.77,301502
1996,1,15,694238,44.47,1.7399999999999998,301502
1996,1,16,537658,44.61,1.78,301502
1996,1,17,79971,45,0,301502
1996,1,18,502615,44.93,0.72,301502
1996,1,19,991337,45.42,1.93,301502
1996,1,20,1061945,45.47,2.13,301502
1996,1,21,549530,47.5,0.77,301502
1996,1,22,330886,44.96,2.52,301502
1996,1,23,301639,45.52,2,301502
1996,1,24,218107,44.57,1.5,301502
1996,1,25,469554,45.98,1.5,301502
1996,1,26,374478,42.83,0.36999999999999994,301502
1996,1,27,307435,45.12,1.7199999999999998,301502
1996,1,29,579014,43.7,0.99,301502
1996,1,30,366113,46.42,1.61,301502
1996,1,51,96034,49,0,301502
1996,2,4,169686,22.88,1.32,301502
1996,2,5,154950,25.39,2.7,301502
1996,2,6,404282,33.22,1.66,301502
1996,2,7,83620,34.88,3.07,301502
1996,2,8,580717,38.96,2.5,301502
1996,2,9,1098542,40.71,2.75,301502
1996,2,10,4145057,41.96,1.75,301502
1996,2,11,2598913,44.57,2.56,301502
1996,2,12,3497459,44.87,2.15,301502
1996,2,13,2016223,45.27,1.78,301502
1996,2,14,1000460,46.08,2.41,301502
1996,2,15,934985,44.93,2.22,301502
1996,2,16,269883,43.09,2.17,301502
1996,2,17,860182,46.13,1.71,301502
1996,2,18,2180942,46.66,1.73,301502
1996,2,19,1099708,47.94,1.06,301502
1996,2,20,1258900,45.95,1.63,301502
1996,2,21,378122,46.32999999999999,1.23,301502
1996,2,22,472252,48.15,1.23,301502
1996,2,23,851453,48.89999999999999,1.96,301502
1996,2,24,244574,46.51,1.5,301502
1996,2,25,275025,47.22,1.39,301502
1996,2,26,850755,48.58,3.0599999999999996,301502
1996,2,27,254621,45.52,0.5,301502
1996,2,28,290968,45.23,2.16,301502
1996,2,29,314592,47.46,0.8399999999999999,301502
1996,2,30,133548,46,0,301502
1996,2,32,121073,45,0,301502
1996,2,34,123501,48,0,301502
1996,2,35,123501,48,0,301502
1996,2,41,328719,47.78,1.32,301502
1999,0,4,19676,23,0,301502
1999,0,5,65919,25,0,301502
1999,0,6,16356,30,0,301502
1999,0,7,1764603,33.73,2,301502
1999,0,8,441033,36.85,1.33,301502
1999,0,9,1600434,39.18,2.08,301502
1999,0,10,1269807,42.35,1.61,301502
1999,0,11,3299347,42.18,2.46,301502
1999,0,12,9011110,44.52,1.85,301502
1999,0,13,4372821,43.67,2.15,301502
1999,0,14,2719509,45.98,1.42,301502
1999,0,15,648270,43.58,0.81,301502
1999,0,16,508901,45.62,2.53,301502
1999,0,17,59032,39,0,301502
1999,0,18,661801,45.88,3.76,301502
1999,0,19,589053,46,0,301502
1999,0,20,1321426,47.07,1.21,301502
1999,0,21,1612585,47.03,0.87,301502
1999,0,22,972300,48.35,0.48,301502
1999,0,23,688157,50,0,301502
1999,0,24,172526,51,0,301502
1999,0,27,391802,47,0,301502
1999,0,30,172526,51,0,301502
1999,0,31,117099,41,0,301502
1999,0,35,62617,38,0,301502
1999,0,37,172526,51,0,301502
1999,0,38,340570,49,0,301502
1999,0,41,256078,44,0,301502
1999,1,5,40380,25,0,301502
1999,1,7,1120675,34.2,2.04,301502
1999,1,8,187879,36.56,1.31,301502
1999,1,9,717327,39.83,1.72,301502
1999,1,10,619922,43.12,1.22,301502
1999,1,11,1988670,42.99,2.02,301502
1999,1,12,4595718,44.19,1.9,301502
1999,1,13,1771476,43.19,2.28,301502
1999,1,14,170115,42,0,301502
1999,1,15,456517,43.25,0.97,301502
1999,1,16,138256,41,0,301502
1999,1,19,733107,46,0,301502
1999,1,20,1253731,46.42,0.48999999999999994,301502
1999,1,35,65207,38,0,301502
1999,1,41,286402,44,0,301502
1999,2,4,19676,23,0,301502
1999,2,6,22308,30,0,301502
1999,2,7,705321,33.07,1.61,301502
1999,2,8,249246,36.89,1.17,301502
1999,2,9,913371,38.84,2.1,301502
1999,2,10,586767,41.87,1.62,301502
1999,2,11,1572989,41.87,2.47,301502
1999,2,12,4326510,44.89,1.73,301502
1999,2,13,2551204,44.01,1.97,301502
1999,2,14,1997908,46.2,1.07,301502
1999,2,15,229544,44,0,301502
1999,2,16,348862,47,0,301502
1999,2,17,36141,39,0,301502
1999,2,18,607890,45.5,4.06,301502
1999,2,20,296799,49,0,301502
1999,2,21,1314377,46.97,0.86,301502
1999,2,22,759693,48.39000000000001,0.49,301502
1999,2,23,664380,50,0,301502
1999,2,24,172526,51,0,301502
1999,2,27,348862,47,0,301502
1999,2,30,172526,51,0,301502
1999,2,31,85362,41,0,301502
1999,2,37,172526,51,0,301502
1999,2,38,296799,49,0,301502
2001,0,3,78328,19,0,301502
2001,0,4,377823,22.54,1.74,301502
2001,0,5,142701,25.81,1.02,301502
2001,0,6,2121624,30.19,1.64,301502
2001,0,7,2101568,32.62,2.19,301502
2001,0,8,1402815,35.47,2.01,301502
2001,0,9,5194688,38.33,2.61,301502
2001,0,10,2717338,40.21,2.6,301502
2001,0,11,2597780,42.08,2.29,301502
2001,0,12,991634,43.41,2.61,301502
2001,0,13,1940183,44.40999999999999,1.8,301502
2001,0,14,2781177,45.2,1.8000000000000003,301502
2001,0,15,1754427,45.75,1.88,301502
2001,0,16,848727,45.81,2.54,301502
2001,0,17,237926,47.85,0.99,301502
2001,0,18,229335,45.72,2.27,301502
2001,0,19,155639,47,0,301502
2001,0,20,239134,45.32,2.79,301502
2001,0,21,94209,46.6,1.9599999999999997,301502
2001,0,22,104449,44.989999999999995,2,301502
2001,0,23,489688,48.21,1.42,301502
2001,0,24,88030,48.43000000000001,0.49,301502
2001,0,26,75527,49,0,301502
2001,0,27,103630,45.46,0.5,301502
2001,0,28,155509,45.97,0.83,301502
2001,0,29,46322,50.269999999999996,0.45,301502
2001,0,37,56445,45,0,301502
2001,0,39,47184,46,0,301502
2001,0,41,50267,48,0,301502
2001,0,56,51880,47,0,301502
2001,1,3,78328,19,0,301502
2001,1,4,283804,22.16,1.74,301502
2001,1,5,128685,26.4,0.49,301502
2001,1,6,1191729,30.16,1.8200000000000003,301502
2001,1,7,1203325,32.57,1.74,301502
2001,1,8,749751,35.43,1.7,301502
2001,1,9,2594996,38.2,2.56,301502
2001,1,10,1447990,40.21,2.85,301502
2001,1,11,1264778,42.17,2.26,301502
2001,1,12,413140,44.540000000000006,2.13,301502
2001,1,13,747301,44.65,1.89,301502
2001,1,14,1412102,45.17,1.55,301502
2001,1,15,823619,45.35,1.87,301502
2001,1,16,527886,44.38,2.59,301502
2001,1,17,58736,48,0,301502
2001,1,18,158790,44.1,0.89,301502
2001,1,19,158893,47,0,301502
2001,1,20,45027,42,0,301502
2001,1,21,105234,46.29999999999999,1.87,301502
2001,1,22,134439,45.36,1.9700000000000002,301502
2001,1,23,15308,50,0,301502
2001,1,24,92922,48.37,0.48,301502
2001,1,27,71048,45,0,301502
2001,1,28,74268,46,0,301502
2001,1,37,71048,45,0,301502
2001,1,39,74268,46,0,301502
2001,1,41,58736,48,0,301502
2001,1,56,79447,47,0,301502
2001,2,4,91064,23.75,1.1,301502
2001,2,5,45709,24.51,0.5,301502
2001,2,6,902927,30.28,1.29,301502
2001,2,7,939863,32.72,2.59,301502
2001,2,8,669912,35.68,2.05,301502
2001,2,9,2536234,38.61,2.58,301502
2001,2,10,1332214,40.19,2.43,301502
2001,2,11,1299666,42.05,2.42,301502
2001,2,12,600410,42.84,2.72,301502
2001,2,13,1096314,44.3,1.77,301502
2001,2,14,1340721,45.26,1.98,301502
2001,2,15,880869,46,1.83,301502
2001,2,16,355298,47.48,1.43,301502
2001,2,17,163930,47.96,1.18,301502
2001,2,18,84383,48.46,0.5,301502
2001,2,19,40602,47,0,301502
2001,2,20,177118,46.09,2.82,301502
2001,2,23,407819,48.28,1.48,301502
2001,2,26,77912,49,0,301502
2001,2,27,30131,46,0,301502
2001,2,28,87313,45.93,1,301502
2001,2,29,49987,50.25,0.44,301502
2003,0,3,136991,20.41,2.09,301502
2003,0,4,161186,28.710000000000004,1.28,301502
2003,0,5,5437737,28.37,1.8799999999999997,301502
2003,0,6,7755657,31.72,1.69,301502
2003,0,7,682593,35.79,1.22,301502
2003,0,8,17280306,38.24,2.4,301502
2003,0,9,5508830,40.24,2.75,301502
2003,0,10,736113,43.47,0.8800000000000001,301502
2003,0,11,4850880,43.83,1.81,301502
2003,0,12,2095485,42.34,1.5,301502
2003,0,13,1042720,45.61,0.49,301502
2003,0,14,1237777,45.04,1.39,301502
2003,0,15,3069786,44.47,1.98,301502
2003,0,16,1442801,44.89,1.24,301502
2003,0,17,1791461,46.57,2.3999999999999995,301502
2003,0,18,1538705,47,0,301502
2003,0,21,1542571,44.27,0.9800000000000001,301502
2003,0,23,2079760,46.22,1.32,301502
2003,0,25,436709,48,0,301502
2003,0,28,639490,46,0,301502
2003,0,29,1277095,49.47,1.09,301502
2003,0,30,639490,46,0,301502
2003,1,3,30954,18,1,301502
2003,1,4,108168,28.570000000000004,1.55,301502
2003,1,5,2685313,28.84,1.57,301502
2003,1,6,4030697,31.93,1.6,301502
2003,1,7,514925,35.97,1.31,301502
2003,1,8,8761063,38.43,1.88,301502
2003,1,9,2653454,41.62,1.79,301502
2003,1,10,920124,43.63,0.7799999999999999,301502
2003,1,11,3052721,43.85,1.35,301502
2003,1,12,862209,42.32,0.95,301502
2003,1,13,1582950,45.56,0.5,301502
2003,1,15,742966,42.77,0.42,301502
2003,1,16,1176499,45.27,1.29,301502
2003,1,17,99703,50,0,301502
2003,1,21,172009,42,0,301502
2003,1,25,693230,48,0,301502
2003,1,29,340697,49,0,301502
2003,2,3,30954,19.5,2.5,301502
2003,2,5,2071387,27.48,1.15,301502
2003,2,6,1989823,31.88,1.88,301502
2003,2,7,175448,35,0,301502
2003,2,8,10785835,36.58,3.88,301502
2003,2,9,3107089,40.2,2.84,301502
2003,2,11,2293580,43.9,2,301502
2003,2,12,727565,42.29,1.98,301502
2003,2,14,1017918,44.84,1.57,301502
2003,2,15,1941103,44.87,2.02,301502
2003,2,16,279501,45,0,301502
2003,2,17,1047522,45.61,1.75,301502
2003,2,18,902396,47,0,301502
2003,2,21,975821,44.57,0.49,301502
2003,2,23,1319215,46.05,1.39,301502
2003,2,28,513725,46,0,301502
2003,2,29,179436,52,0,301502
2003,2,30,513725,46,0,301502
2005,0,2,40162,13,0,301502
2005,0,3,263434,18.99,1.72,301502
2005,0,4,700175,22.41,3.37,301502
2005,0,5,961385,27.25,2.9,301502
2005,0,6,3572221,32.11,2.14,301502
2005,0,7,7407099,35.18,2.3,301502
2005,0,8,7494023,36.34000000000001,2.29,301502
2005,0,9,4662134,37.44,2.5,301502
2005,0,10,12714022,40.31,2.45,301502
2005,0,11,11131345,41.73,2.76,301502
2005,0,12,7549713,43.09,1.33,301502
2005,0,13,17649802,43.65,2.56,301502
2005,0,14,8482358,43.91,2.37,301502
2005,0,15,4415621,44.85,1.27,301502
2005,0,16,3878093,46.17,1.23,301502
2005,0,17,3913287,45.41,2.09,301502
2005,0,18,4087057,46.5,1.87,301502
2005,0,19,6836715,47.14,1.38,301502
2005,0,20,4802756,46.71,1.53,301502
2005,0,21,2437250,48.16,1.25,301502
2005,0,22,750273,43.94,2.5,301502
2005,0,23,367537,48,0,301502
2005,0,24,679050,48.2,1.56,301502
2005,0,25,1227599,45.91,3.5200000000000005,301502
2005,0,26,2269931,46.81,1.44,301502
2005,0,27,601369,49.54,1.18,301502
2005,0,28,1006336,47.85,2.01,301502
2005,0,29,868471,47.76,1.76,301502
2005,0,30,200046,50,0,301502
2005,0,31,850041,47.74,2.52,301502
2005,0,32,200046,50,0,301502
2005,0,34,400774,44,0,301502
2005,0,35,72893,51,0,301502
2005,0,36,730721,46.51,1.5,301502
2005,0,52,276606,42,0,301502
2005,1,2,40162,13,0,301502
2005,1,3,136724,19.39,1.79,301502
2005,1,4,536940,21.23,3.47,301502
2005,1,5,343732,26.49,2.45,301502
2005,1,6,2358456,31.94,2.24,301502
2005,1,7,4142688,35.71,2.46,301502
2005,1,8,3700829,36.81,2.22,301502
2005,1,9,2708450,37.3,2.73,301502
2005,1,10,5500311,39.97,2.33,301502
2005,1,11,6807624,41.53,2.7,301502
2005,1,12,3730023,43.13,1.39,301502
2005,1,13,8074150,42.74,2.89,301502
2005,1,14,3762395,43.7,2.11,301502
2005,1,15,1391005,44.93,1.6700000000000002,301502
2005,1,16,2126293,45.31,0.87,301502
2005,1,17,1175589,45.1,1.37,301502
2005,1,18,1456363,46.02,1.87,301502
2005,1,19,2406149,46.36,1.12,301502
2005,1,20,2129839,46.13,0.63,301502
2005,1,21,744002,47.99000000000001,1.08,301502
2005,1,22,859527,43.35,0.9400000000000001,301502
2005,1,23,310103,48,0,301502
2005,1,24,293110,49,0,301502
2005,1,25,351049,43,0,301502
2005,1,26,2029260,46.73,1.29,301502
2005,1,28,412270,46,0,301502
2005,1,29,412270,46,0,301502
2005,1,31,309986,45,0,301502
2005,1,32,142376,50,0,301502
2005,1,34,579498,44,0,301502
2005,1,35,112189,51,0,301502
2005,2,3,14481,19,0,301502
2005,2,4,162935,24.93,0.58,301502
2005,2,5,636703,27.49,3.18,301502
2005,2,6,1423451,32.66,2,301502
2005,2,7,3443028,34.9,1.95,301502
2005,2,8,3679647,35.84,2.18,301502
2005,2,9,2129682,37.73,2.34,301502
2005,2,10,6885714,40.49,2.4900000000000007,301502
2005,2,11,4055136,42.62,2.63,301502
2005,2,12,3596161,43.03,1.25,301502
2005,2,13,10353002,44.37,1.94,301502
2005,2,14,4309688,44.16,2.45,301502
2005,2,15,2830791,44.75,1.08,301502
2005,2,16,1967191,46.99,1.06,301502
2005,2,17,2751345,45.62,2.28,301502
2005,2,18,2654731,46.61,1.9900000000000002,301502
2005,2,19,4187219,47.67,1.25,301502
2005,2,20,2751169,47.14,1.85,301502
2005,2,21,1664719,48.11,1.31,301502
2005,2,22,69321,51,0,301502
2005,2,24,523630,47.63,1.66,301502
2005,2,25,704186,48.019999999999996,3.41,301502
2005,2,26,69321,51,0,301502
2005,2,27,580648,49.55,1.19,301502
2005,2,28,597046,49.14,1.6,301502
2005,2,29,447554,49.48,0.5,301502
2005,2,30,214464,50,0,301502
2005,2,31,492701,49.8,1.1199999999999999,301502
2005,2,36,822720,46.43,1.5,301502
2005,2,52,273183,42,0,301502
2007,0,2,14744,12,0,301502
2007,0,4,14744,18,0,301502
2007,0,5,144212,26.34,0.88,301502
2007,0,6,299149,29.67,1.84,301502
2007,0,7,998406,35.41,2.03,301502
2007,0,8,1238580,37,3.4,301502
2007,0,9,5779413,39.27,2.25,301502
2007,0,10,5128755,40.8,2.27,301502
2007,0,11,2302545,41.67,2.01,301502
2007,0,12,7749405,42.68,1.83,301502
2007,0,13,6536639,43.64999999999999,2.12,301502
2007,0,14,3054404,43.89,1.8,301502
2007,0,15,3188857,45.47,1.7300000000000002,301502
2007,0,16,1961686,44.61,2.11,301502
2007,0,17,554426,46.62,1.48,301502
2007,0,18,1769171,45.279999999999994,2.03,301502
2007,0,19,1687928,46.5,1.62,301502
2007,0,20,1353610,47.25,1.64,301502
2007,0,21,978967,48.03,1.23,301502
2007,0,22,1104647,47.01,2.56,301502
2007,0,23,552063,47.69,2.02,301502
2007,0,24,350067,47.95,1.45,301502
2007,0,25,547727,47.18,2.35,301502
2007,0,26,428358,47.18,1.77,301502
2007,0,27,106854,49.07,2.29,301502
2007,0,28,123484,50.62,1.21,301502
2007,0,29,215079,48.66,1.97,301502
2007,0,30,317180,47.97,1.43,301502
2007,0,31,252224,49.52,1.85,301502
2007,0,32,197096,46.89,0.99,301502
2007,0,33,114911,43,0,301502
2007,0,34,114976,41,0,301502
2007,0,35,344114,46.37,0.48,301502
2007,0,37,193120,46.27,2.18,301502
2007,0,38,98010,50,0,301502
2007,0,39,114976,41,0,301502
2007,0,43,87847,48,0,301502
2007,0,44,103966,49,0,301502
2007,0,45,49005,50,0,301502
2007,0,48,125616,47,0,301502
2007,0,49,87847,48,0,301502
2007,0,52,125616,47,0,301502
2007,0,57,49005,50,0,301502
2007,1,5,55117,26.55,0.5,301502
2007,1,6,113164,28.850000000000005,2.12,301502
2007,1,7,721113,35.68,1.5500000000000003,301502
2007,1,8,331101,37.31,1.9000000000000001,301502
2007,1,9,2486364,39.19,2.11,301502
2007,1,10,2061165,40.61,1.99,301502
2007,1,11,1097498,42.04,1.62,301502
2007,1,12,5241645,42.97,1.75,301502
2007,1,13,2641084,43,1.9099999999999997,301502
2007,1,14,1997016,43.41,1.39,301502
2007,1,15,1201616,45.4,1.73,301502
2007,1,16,958691,44.78,1.19,301502
2007,1,17,128716,48.52,0.5,301502
2007,1,18,439755,43.93,2.78,301502
2007,1,19,720749,45.2,1.16,301502
2007,1,20,575809,47.26,1.02,301502
2007,1,21,268072,46.58,0.49,301502
2007,1,22,561816,45.61,2.77,301502
2007,1,23,89149,49.25,0.43999999999999995,301502
2007,1,24,173908,46.72,0.96,301502
2007,1,25,188945,45.76,2.39,301502
2007,1,26,165825,45,0,301502
2007,1,29,78188,47,0,301502
2007,1,30,178199,47.12,1.45,301502
2007,1,31,66504,49,0,301502
2007,1,32,111696,46,0,301502
2007,1,33,144584,43,0,301502
2007,1,34,131872,41,0,301502
2007,1,35,78188,47,0,301502
2007,1,37,165825,45,0,301502
2007,1,38,22645,50,0,301502
2007,1,39,131872,41,0,301502
2007,1,48,78188,47,0,301502
2007,1,49,62212,48,0,301502
2007,1,52,78188,47,0,301502
2007,2,5,41590,25.87,1.36,301502
2007,2,6,117878,30.06,1.33,301502
2007,2,7,323621,34.5,2.41,301502
2007,2,8,845230,36.94,3.59,301502
2007,2,9,3265767,39.26,2.27,301502
2007,2,10,2671278,40.95,2.52,301502
2007,2,11,1166526,41.22,2.13,301502
2007,2,12,2806830,42.18,1.8200000000000003,301502
2007,2,13,3809291,44.19,2.06,301502
2007,2,14,1255262,44.78,2.16,301502
2007,2,15,2015841,45.57,1.69,301502
2007,2,16,1145362,44.56,2.79,301502
2007,2,17,341559,45.63,0.48000000000000004,301502
2007,2,18,1398989,45.84,1.49,301502
2007,2,19,1156602,47.32,1.24,301502
2007,2,20,483424,47.08,2.31,301502
2007,2,21,741840,48.82999999999999,0.7899999999999999,301502
2007,2,22,438746,47.98,2.14,301502
2007,2,23,448406,47.25,1.97,301502
2007,2,24,187793,49.32,0.47,301502
2007,2,25,362211,47.61,1.88,301502
2007,2,26,337319,48.37,1.16,301502
2007,2,27,117118,48.77,2.01,301502
2007,2,28,145450,50.53,1.14,301502
2007,2,29,81877,51,0,301502
2007,2,30,127805,49,0,301502
2007,2,31,148171,49.45,2.22,301502
2007,2,32,102089,48,0,301502
2007,2,35,214584,46,0,301502
2007,2,37,59988,50,0,301502
2007,2,38,59988,50,0,301502
2007,2,43,102089,48,0,301502
2007,2,44,127805,49,0,301502
2007,2,45,59988,50,0,301502
2007,2,57,59988,50,0,301502
2007,3,2,14744,12,0,301502
2007,3,9,1554,42,0,301502
2007,3,10,1813,42,0,301502
2007,3,11,1554,42,0,301502
2007,3,12,3626,42,0,301502
2007,3,13,2849,42,0,301502
2007,3,14,1295,42,0,301502
2007,3,15,259,42,0,301502
2007,3,16,259,42,0,301502
2007,3,22,259,42,0,301502
2009,0,2,29345,12,0,301502
2009,0,3,124774,18.77,0.61,301502
2009,0,4,309431,24.32,0.93,301502
2009,0,5,1845269,25.17,1.79,301502
2009,0,6,710861,30.44,2.18,301502
2009,0,7,1324628,32.14,3.42,301502
2009,0,8,616864,35.48,1.48,301502
2009,0,9,993865,37.52,3.55,301502
2009,0,10,1504576,40.47,2.36,301502
2009,0,11,3071943,42.08,2.24,301502
2009,0,12,2570847,42.72,2.46,301502
2009,0,13,2086715,44.1,1.58,301502
2009,0,14,6694329,45.2,1.9,301502
2009,0,15,2531921,44.85,1.72,301502
2009,0,16,3014445,46.43999999999999,1.7,301502
2009,0,17,3471335,46.65,1.47,301502
2009,0,18,1117939,46.59,2.62,301502
2009,0,19,998650,46.7,1.9,301502
2009,0,20,2414039,48.25,1.85,301502
2009,0,21,1582924,47.70000000000001,1.02,301502
2009,0,22,1649845,49.15,1.8700000000000003,301502
2009,0,23,2874665,47.61,1.4,301502
2009,0,24,729534,47.6,1.86,301502
2009,0,25,822424,49.57,2.75,301502
2009,0,26,177491,50,0,301502
2009,0,27,369706,50.15999999999999,1.08,301502
2009,0,30,411373,46.5,0.87,301502
2009,0,31,451352,48.35,2.4899999999999998,301502
2009,0,32,286215,49.62,0.49000000000000005,301502
2009,0,33,103711,45,0,301502
2009,0,34,199133,49.68,1.97,301502
2009,0,35,262555,47.83,0.99,301502
2009,0,36,253093,51.39,0.8,301502
2009,0,37,103711,45,0,301502
2009,0,38,41368,54,0,301502
2009,0,39,115642,48,0,301502
2009,0,41,153831,47,0,301502
2009,0,47,153831,47,0,301502
2009,1,3,35892,19.33,0.4699999999999999,301502
2009,1,4,181878,24.5,1.12,301502
2009,1,5,743938,25.22,1.27,301502
2009,1,6,203077,32.43,1.36,301502
2009,1,7,742553,33.37,4.3,301502
2009,1,8,282642,35.49,1.24,301502
2009,1,9,249825,38.45,2.03,301502
2009,1,10,1040215,40.74,2.66,301502
2009,1,11,1299426,41.81,1.58,301502
2009,1,12,1382544,42.46,2.08,301502
2009,1,13,1580730,44.04,1.73,301502
2009,1,14,2105892,44.84,1.72,301502
2009,1,15,1668946,45.18,1.9600000000000002,301502
2009,1,16,1788434,46.72,1.17,301502
2009,1,17,1552630,46.07999999999999,0.86,301502
2009,1,18,566695,44.77,1.23,301502
2009,1,19,717333,45.9,1.6600000000000001,301502
2009,1,20,1358371,47.5,1.5600000000000003,301502
2009,1,21,551799,47.01,1,301502
2009,1,22,907474,48.04,1.8099999999999998,301502
2009,1,23,2360084,47.07,1.22,301502
2009,1,24,425685,47.49,1.67,301502
2009,1,25,107158,43,0,301502
2009,1,30,344755,46.27,0.96,301502
2009,1,31,272267,46,0,301502
2009,1,32,160265,49,0,301502
2009,1,33,125654,45,0,301502
2009,1,34,139766,48,0,301502
2009,1,35,379366,47.84,0.9900000000000001,301502
2009,1,37,125654,45,0,301502
2009,1,39,139766,48,0,301502
2009,1,41,219101,47,0,301502
2009,1,47,219101,47,0,301502
2009,2,2,29345,12,0,301502
2009,2,3,47857,19,0,301502
2009,2,5,209998,26.95,1.13,301502
2009,2,6,213802,28.13,1.65,301502
2009,2,7,385652,31.610000000000003,2.27,301502
2009,2,8,286387,35.46,1.54,301502
2009,2,9,728223,36.94,3.6700000000000004,301502
2009,2,10,559974,40.17,1.77,301502
2009,2,11,1647112,42.17,2.45,301502
2009,2,12,1154485,42.79,2.83,301502
2009,2,13,644953,44.26,1.29,301502
2009,2,14,3783959,45.27,1.96,301502
2009,2,15,928736,44.51,1.45,301502
2009,2,16,1228314,46.24,2.06,301502
2009,2,17,1705956,47.03,1.67,301502
2009,2,18,480579,47.78,2.6,301502
2009,2,19,346127,47.84,1.57,301502
2009,2,20,1064120,48.9,1.76,301502
2009,2,21,858255,48.03,0.88,301502
2009,2,22,783640,49.95,1.35,301502
2009,2,23,875435,48.66,1.07,301502
2009,2,24,319175,47.88,2,301502
2009,2,25,572842,50.35,1.81,301502
2009,2,26,149948,50,0,301502
2009,2,27,310586,50.19,1.09,301502
2009,2,30,106362,47,0,301502
2009,2,31,199843,50.75,1.3,301502
2009,2,32,149948,50,0,301502
2009,2,34,73615,52,0,301502
2009,2,36,190883,51.52,0.88,301502
2011,0,3,31371,15.5,0.5,301502
2011,0,4,26497,20,0,301502
2011,0,5,66850,21.76,1.79,301502
2011,0,6,222347,31.06,0.8599999999999999,301502
2011,0,7,280661,33.88,1.77,301502
2011,0,8,1249969,35.38,1.88,301502
2011,0,9,1081861,37.32,2.06,301502
2011,0,10,5324291,40.71,2.01,301502
2011,0,11,5236399,41.65,2.03,301502
2011,0,12,4064853,42.22,1.83,301502
2011,0,13,6528480,43.760000000000005,2.14,301502
2011,0,14,6169846,43.65,1.57,301502
2011,0,15,3875037,45.19,1.8100000000000003,301502
2011,0,16,4243819,44.72,2.61,301502
2011,0,17,2395599,45.83,2.37,301502
2011,0,18,2068344,46.43,2.6,301502
2011,0,19,2250246,46.13,2.55,301502
2011,0,20,926973,47.779999999999994,1.47,301502
2011,0,21,1296424,46.02,2.65,301502
2011,0,22,1586931,47.56,3.45,301502
2011,0,23,1734945,47.760000000000005,2.8,301502
2011,0,24,1368286,47.28,3.37,301502
2011,0,25,1179398,48.32,1.8500000000000003,301502
2011,0,26,677774,48.1,1.52,301502
2011,0,27,768832,48.35,2.51,301502
2011,0,28,69020,50,0,301502
2011,0,29,443184,45.96,1.96,301502
2011,0,30,226532,46,0,301502
2011,0,33,138041,50,0,301502
2011,0,34,70366,52.51,1.12,301502
2011,0,35,388790,49.16,2.04,301502
2011,0,37,401439,45.74,2.18,301502
2011,0,40,58484,52,0,301502
2011,0,42,213435,47.97,1.4,301502
2011,0,48,144415,47,0,301502
2011,0,52,153592,48,0,301502
2011,1,3,15687,15,0,301502
2011,1,4,26497,20,0,301502
2011,1,5,10102,26,0,301502
2011,1,6,202923,31.33,0.79,301502
2011,1,7,189248,34.48,1.5,301502
2011,1,8,419547,35.76,1.56,301502
2011,1,9,665830,36.91,1.86,301502
2011,1,10,3416111,40.44,2.13,301502
2011,1,11,3408292,41.46,1.9,301502
2011,1,12,1367184,41.67,2.21,301502
2011,1,13,2207154,42.69,2.12,301502
2011,1,14,2813703,43.63,1.07,301502
2011,1,15,1306328,45.46,1.42,301502
2011,1,16,1031676,42.71,3.46,301502
2011,1,17,1015783,45.48,2.07,301502
2011,1,18,1105007,45.34,2.82,301502
2011,1,19,954102,45.22999999999999,2.52,301502
2011,1,20,344368,47.78,0.8200000000000001,301502
2011,1,21,404745,44.81999999999999,2.82,301502
2011,1,22,304168,43.49,4.2,301502
2011,1,23,589241,45.69,2.58,301502
2011,1,24,451459,45.03,0.85,301502
2011,1,25,436194,46.61,0.49,301502
2011,1,26,334741,47.48,1.5,301502
2011,1,27,548489,46.98,1.9199999999999997,301502
2011,1,28,28561,50,0,301502
2011,1,29,170114,46,0,301502
2011,1,33,57123,50,0,301502
2011,1,35,133040,47,0,301502
2011,1,37,324508,45.05,1,301502
2011,1,42,161601,47.53,1.14,301502
2011,1,48,133040,47,0,301502
2011,1,52,182767,48,0,301502
2011,2,3,15684,16,0,301502
2011,2,5,10102,21,0,301502
2011,2,6,51920,30.78,0.86,301502
2011,2,7,14716,32,0,301502
2011,2,8,847335,35.56,1.5699999999999998,301502
2011,2,9,362398,38.35,2.13,301502
2011,2,10,1920990,40.88,2,301502
2011,2,11,1773409,42.08,2.23,301502
2011,2,12,2681510,42.6,1.47,301502
2011,2,13,4493464,44.33,2.02,301502
2011,2,14,3474004,43.66,1.9,301502
2011,2,15,2407614,45.01,1.9900000000000002,301502
2011,2,16,3444389,45.38000000000001,1.63,301502
2011,2,17,1247919,45.97,2.51,301502
2011,2,18,991192,47.75999999999999,1.69,301502
2011,2,19,1222306,46.81,2.3,301502
2011,2,20,576294,47.6,1.72,301502
2011,2,21,810314,46.55,2.59,301502
2011,2,22,1051256,48.3,2.23,301502
2011,2,23,1148796,48.99,2.12,301502
2011,2,24,869269,48.58,3.64,301502
2011,2,25,740467,49.739999999999995,1.13,301502
2011,2,26,236836,49.42,0.49,301502
2011,2,27,271872,50.77,0.77,301502
2011,2,29,239588,46.49,2.96,301502
2011,2,30,268851,46,0,301502
2011,2,34,61281,52.58,1.19,301502
2011,2,35,236269,50.25,1.48,301502
2011,2,37,18819,53,0,301502
2011,2,40,49399,52,0,301502
2011,3,10,7574,42.209999999999994,0.41,301502
2011,3,11,11470,43.33,1.7200000000000002,301502
2011,3,12,7044,42.27,0.45,301502
2011,3,13,26763,45.77,2.29,301502
2011,3,14,16408,45.66,2.53,301502
2011,3,15,36224,46.42,1.18,301502
2011,3,16,37873,46.6,1.22,301502
2011,3,17,27676,48.85,1.8100000000000003,301502
2011,3,18,37730,48.33,1.9100000000000001,301502
2011,3,19,32346,47.51,1.41,301502
2011,3,20,19171,48.31,0.72,301502
2011,3,21,18051,47.19,1.39,301502
2011,3,22,46420,50.25,1.84,301502
2011,3,23,40893,49.49,1.57,301502
2011,3,24,29555,50.260000000000005,2.4,301502
2011,3,25,35065,49.78,2.43,301502
2011,3,26,16605,48.41,1.19,301502
2011,3,27,25206,50.79999999999999,1.98,301502
2011,3,29,3253,46,0,301502
2011,3,30,3253,46,0,301502
2011,3,35,7367,48.21,0.98,301502
2011,3,37,11709,51.06,3.14,301502
2011,3,42,2916,47,0,301502
2011,3,48,2916,47,0,301502
2011,3,52,3677,48,0,301502
2013,0,3,62104,15,0,301502
2013,0,4,60318,22,0,301502
2013,0,5,224018,26.62,2.15,301502
2013,0,6,419792,29.57,1.29,301502
2013,0,7,547043,33.03,2.41,301502
2013,0,8,859970,34.9,2.15,301502
2013,0,9,1340985,36.96,2.41,301502
2013,0,10,695145,38.71,1.3,301502
2013,0,11,1472106,41.22,2.34,301502
2013,0,12,3916817,42.66,1.65,301502
2013,0,13,6244790,43.76,1.39,301502
2013,0,14,5700287,44.69,1.79,301502
2013,0,15,8127234,45,1.99,301502
2013,0,16,5431288,46.07,1.63,301502
2013,0,17,3719021,45.95,1.46,301502
2013,0,18,5071979,46.16,1.5,301502
2013,0,19,4052796,46.03,1.41,301502
2013,0,20,1452634,46.66,2.29,301502
2013,0,21,1870699,47.14,2.36,301502
2013,0,22,1527997,47.730000000000004,2.5,301502
2013,0,23,1101844,46.94,2.63,301502
2013,0,24,1250017,48.01,0.8599999999999999,301502
2013,0,25,1767050,47.32,1.61,301502
2013,0,26,1161895,47.3,1.62,301502
2013,0,27,1215818,47.87,2.64,301502
2013,0,28,842874,47.25,1.75,301502
2013,0,29,517365,47.82,1.47,301502
2013,0,31,249176,45.19,2.48,301502
2013,0,33,226334,47,0,301502
2013,0,34,108968,48,0,301502
2013,0,35,73854,41,0,301502
2013,0,36,97117,50,0,301502
2013,0,37,108968,48,0,301502
2013,0,38,108968,48,0,301502
2013,0,41,117424,51.93,1.39,301502
2013,0,43,108968,48,0,301502
2013,0,54,108968,48,0,301502
2013,0,57,161838,52,0,301502
2013,0,59,203735,46,0,301502
2013,0,75,97117,50,0,301502
2013,1,3,19862,15,0,301502
2013,1,4,34907,22,0,301502
2013,1,5,60825,26,0,301502
2013,1,6,230329,29.85,1.5900000000000003,301502
2013,1,7,287205,33.18,2.54,301502
2013,1,8,326989,35.81,2.46,301502
2013,1,9,613353,37.59,1.39,301502
2013,1,10,467608,38.94,1.31,301502
2013,1,11,869017,40.38,2.23,301502
2013,1,12,1626223,42.22,1.45,301502
2013,1,13,3818937,43.25,1.12,301502
2013,1,14,1791546,44.7,2.23,301502
2013,1,15,2626175,44.54,1.26,301502
2013,1,16,2271265,45.77,1.82,301502
2013,1,17,1830254,45.53,1.06,301502
2013,1,18,2232574,45.7,1.7,301502
2013,1,19,1744816,45.40999999999999,1.85,301502
2013,1,20,217059,45,0,301502
2013,1,21,1151523,45.65,1.51,301502
2013,1,22,273594,47.98,1,301502
2013,1,23,788657,46.32,2.86,301502
2013,1,24,332360,47.58,0.49,301502
2013,1,25,668014,45.96,0.9499999999999998,301502
2013,1,26,592271,46.43,1.14,301502
2013,1,27,564715,46.11,1.8,301502
2013,1,28,447801,46.85,1.82,301502
2013,1,29,311466,47.29,1.49,301502
2013,1,31,169175,43,0,301502
2013,1,33,139354,47,0,301502
2013,1,35,117854,41,0,301502
2013,1,36,52128,50,0,301502
2013,1,37,96503,48,0,301502
2013,1,43,96503,48,0,301502
2013,1,59,177226,46,0,301502
2013,2,5,141282,26.83,2.39,301502
2013,2,6,169034,29.28,0.62,301502
2013,2,7,131506,31.28,1.26,301502
2013,2,8,541094,34.41,1.52,301502
2013,2,9,725540,36.53,2.44,301502
2013,2,10,207288,38.56,1.17,301502
2013,2,11,561105,42.32,1.77,301502
2013,2,12,2203124,43.07,1.72,301502
2013,2,13,2883958,44.51,1.48,301502
2013,2,14,3782551,44.64,1.27,301502
2013,2,15,5709755,45.42,2.14,301502
2013,2,16,3125073,46.35,1.46,301502
2013,2,17,1753770,46.52,1.74,301502
2013,2,18,2724205,46.43,1.33,301502
2013,2,19,2362622,46.35,1.05,301502
2013,2,20,1286833,47.11,2.34,301502
2013,2,21,641757,49.63,1.6500000000000001,301502
2013,2,22,1287022,47.93,2.56,301502
2013,2,23,227062,46,0,301502
2013,2,24,952694,48.19,0.9199999999999999,301502
2013,2,25,1160700,48.26,1.17,301502
2013,2,26,362802,49.1,1.08,301502
2013,2,27,685265,49.14,2.51,301502
2013,2,28,446544,47.78999999999999,1.32,301502
2013,2,29,168971,49,0,301502
2013,2,31,117118,48,0,301502
2013,2,34,117118,48,0,301502
2013,2,38,117118,48,0,301502
2013,2,41,113302,51.97,1.4,301502
2013,2,54,117118,48,0,301502
2013,2,57,161838,52,0,301502
2013,2,75,117881,50,0,301502
2013,3,3,22381,15,0,301502
2015,0,5,135588,25.87,0.74,301502
2015,0,6,209089,30.679999999999996,0.4699999999999999,301502
2015,0,7,81635,35.08,0.85,301502
2015,0,8,525185,34.73,2.65,301502
2015,0,9,856539,37.25,2.12,301502
2015,0,10,948018,38.68,3.2199999999999998,301502
2015,0,11,862202,41.03,1.8,301502
2015,0,12,795132,40.38,2.34,301502
2015,0,13,1040271,42.93,2.24,301502
2015,0,14,1229335,43.3,2.38,301502
2015,0,15,1961422,44.93,1.4,301502
2015,0,16,1349242,45.73,2.02,301502
2015,0,17,1511047,45.55,1.65,301502
2015,0,18,1582942,46.47,1.74,301502
2015,0,19,925513,46.81,2.2,301502
2015,0,20,815975,46.94,1.78,301502
2015,0,21,764072,47.09,1.58,301502
2015,0,22,444817,47.08,1.75,301502
2015,0,23,383792,48.11,2.53,301502
2015,0,24,773608,47.82,1.78,301502
2015,0,25,302453,49.06,1.26,301502
2015,0,26,405514,48.63,1.71,301502
2015,0,27,357538,49.13,2.05,301502
2015,0,28,701980,49.17,2.16,301502
2015,0,29,508467,49.51,1.82,301502
2015,0,30,548056,48.24,2.21,301502
2015,0,31,173798,50.760000000000005,0.9500000000000001,301502
2015,0,33,83103,51.330000000000005,0.47,301502
2015,0,34,53754,47,0,301502
2015,0,35,48493,45,0,301502
2015,0,37,157603,49.56,0.5,301502
2015,0,38,76220,48,0,301502
2015,0,39,83103,51.330000000000005,0.47,301502
2015,0,40,144448,49.03,1.74,301502
2015,0,42,76220,48,0,301502
2015,0,45,37773,53,0,301502
2015,0,46,53754,47,0,301502
2015,0,50,27130,52,0,301502
2015,0,65,48493,45,0,301502
2015,1,5,87655,26,0.82,301502
2015,1,6,20310,30,0,301502
2015,1,7,22244,35,0,301502
2015,1,8,330555,34.76,2.75,301502
2015,1,9,321299,37.35,1.77,301502
2015,1,10,353456,39.21,1.8299999999999998,301502
2015,1,11,461074,40.84,1.69,301502
2015,1,12,386736,40.73,1.4700000000000002,301502
2015,1,13,314811,42.27,2.95,301502
2015,1,14,479625,42.26,1.85,301502
2015,1,15,835350,44.23,0.99,301502
2015,1,16,570169,45.03,1.82,301502
2015,1,17,761332,45.99,1.42,301502
2015,1,18,640802,46.14,1.97,301502
2015,1,19,285739,46.47,2.25,301502
2015,1,20,339019,46.06,1.5700000000000003,301502
2015,1,21,410191,46.68,0.93,301502
2015,1,22,256642,48.11,0.95,301502
2015,1,23,215372,46.67999999999999,2.7299999999999995,301502
2015,1,24,438571,47.42,1.73,301502
2015,1,25,195656,49.05,0.9099999999999999,301502
2015,1,26,274826,48,1.62,301502
2015,1,27,114212,47.66,1.49,301502
2015,1,28,254528,47.66,1.52,301502
2015,1,29,333887,48.83,1.45,301502
2015,1,30,278295,46.7,1.4,301502
2015,1,34,58901,47,0,301502
2015,1,35,53987,45,0,301502
2015,1,37,31509,49,0,301502
2015,1,38,77111,48,0,301502
2015,1,40,58901,47,0,301502
2015,1,46,58901,47,0,301502
2015,1,65,53987,45,0,301502
2015,2,5,30665,26,0,301502
2015,2,6,86111,31,0,301502
2015,2,7,58367,35.18,0.98,301502
2015,2,8,184756,35.69,1.05,301502
2015,2,9,534399,37.22,2.45,301502
2015,2,10,619486,38.35,3.6700000000000004,301502
2015,2,11,355445,41.32,1.95,301502
2015,2,12,426036,40.03,2.83,301502
2015,2,13,658327,43.41,1.52,301502
2015,2,14,782293,43.71,2.52,301502
2015,2,15,1158041,45.44,1.44,301502
2015,2,16,784633,46.31,1.8700000000000003,301502
2015,2,17,723900,45.14,1.7,301502
2015,2,18,924768,46.7,1.51,301502
2015,2,19,639344,46.91,2.21,301502
2015,2,20,483062,47.54,1.73,301502
2015,2,21,368583,47.51,1.92,301502
2015,2,22,177612,45.74,1.57,301502
2015,2,23,171080,49.78,0.41000000000000003,301502
2015,2,24,340147,48.29,1.7299999999999998,301502
2015,2,25,102922,49.06,1.77,301502
2015,2,26,120841,49.76,0.9699999999999999,301502
2015,2,27,222155,49.84,1.8899999999999997,301502
2015,2,28,422459,50.019999999999996,1.99,301502
2015,2,29,160727,50.87,1.74,301502
2015,2,30,259671,49.72,1.77,301502
2015,2,31,156518,50.7,1.02,301502
2015,2,33,73193,51.37,0.48,301502
2015,2,37,126559,49.7,0.46,301502
2015,2,39,73193,51.37,0.48,301502
2015,2,40,83325,50.1,1,301502
2015,2,42,75539,48,0,301502
2015,2,45,34167,53,0,301502
2015,2,50,27383,52,0,301502
2017,0,5,96147,28.29,0.96,301502
2017,0,6,101996,30.490000000000002,2.5,301502
2017,0,7,2642938,32.93,1.88,301502
2017,0,8,1201510,34.7,2.07,301502
2017,0,9,3011144,38.19,1.78,301502
2017,0,10,5167158,39.32,2.11,301502
2017,0,11,2378356,40.69,3,301502
2017,0,12,3093915,41.76,1.56,301502
2017,0,13,2865635,43.86,2.28,301502
2017,0,14,1750292,44.13,1.76,301502
2017,0,15,1354802,43.65,3.01,301502
2017,0,16,1703672,45.4,2.15,301502
2017,0,17,2047522,45.53,1.77,301502
2017,0,18,1410997,45.64,1.6099999999999999,301502
2017,0,19,1550058,46.88,2.15,301502
2017,0,20,860338,46.84,1.7399999999999998,301502
2017,0,21,1122242,46.69,2.82,301502
2017,0,22,833988,47.92,1.01,301502
2017,0,23,440763,49.45,1.17,301502
2017,0,24,409077,48.43,2,301502
2017,0,25,173242,48,0,301502
2017,0,26,688384,48.18,0.8999999999999999,301502
2017,0,27,548130,49.46,1.91,301502
2017,0,28,166224,49.3,1.51,301502
2017,0,29,249170,48.46000000000001,1.95,301502
2017,0,30,204331,49.169999999999995,1.98,301502
2017,0,31,229283,48.59,2.4500000000000006,301502
2017,0,32,310512,48.68,0.9599999999999999,301502
2017,0,33,86621,48,0,301502
2017,0,34,151689,49.34,0.47000000000000003,301502
2017,0,37,288959,49.43,0.71,301502
2017,0,38,88097,47,0,301502
2017,0,40,28552,52,0,301502
2017,0,41,137672,48.74,0.97,301502
2017,0,42,86621,48,0,301502
2017,0,43,113689,42,0,301502
2017,0,44,36632,51,0,301502
2017,0,48,70321,53,0,301502
2017,0,69,51051,50,0,301502
2017,1,5,50694,29,0,301502
2017,1,7,1437322,32.58,1.78,301502
2017,1,8,586260,35.44,1.8699999999999999,301502
2017,1,9,1484634,38.04,1.84,301502
2017,1,10,2820200,38.88,1.86,301502
2017,1,11,1229130,40.44,3.37,301502
2017,1,12,1626973,41.19,1.19,301502
2017,1,13,825525,43.12,1.2,301502
2017,1,14,562530,44.49,1.61,301502
2017,1,15,578172,43.18,1.43,301502
2017,1,16,944073,45.33,1.97,301502
2017,1,17,1514597,45.25,1.6,301502
2017,1,18,640723,45.64,1.06,301502
2017,1,19,513599,46.65,1.44,301502
2017,1,20,422622,46.65,0.86,301502
2017,1,21,648323,46.26,2.67,301502
2017,1,22,101481,47,0,301502
2017,1,23,42619,51,0,301502
2017,1,24,125793,47.97,1.97,301502
2017,1,25,60994,48,0,301502
2017,1,26,400970,48.27,0.94,301502
2017,1,27,183785,47.8,1.25,301502
2017,1,28,60994,48,0,301502
2017,1,29,178089,47.53,1.94,301502
2017,1,31,70010,46.83,2.76,301502
2017,1,32,82303,48.78,1.31,301502
2017,1,34,177501,49.19,0.39,301502
2017,1,37,177501,49.19,0.39,301502
2017,1,38,101481,47,0,301502
2017,1,41,95056,48.720000000000006,0.96,301502
2017,1,42,60994,48,0,301502
2017,2,5,23838,27.96,1,301502
2017,2,6,88946,30.92,2.46,301502
2017,2,7,1120028,33.14,1.94,301502
2017,2,8,631772,34.16,1.94,301502
2017,2,9,1499053,38.33,1.7200000000000002,301502
2017,2,10,2430238,39.66,2.3,301502
2017,2,11,1170421,40.82,2.62,301502
2017,2,12,1521656,42.44,1.64,301502
2017,2,13,1979247,44.2,2.44,301502
2017,2,14,1275565,44.16,1.84,301502
2017,2,15,773500,44.22,3.53,301502
2017,2,16,816473,45.71,2.47,301502
2017,2,17,631123,46.05,2.03,301502
2017,2,18,717900,45.65,2.01,301502
2017,2,19,836725,46.94,2.43,301502
2017,2,20,455608,47.29,2.29,301502
2017,2,21,487322,47.14,3.1,301502
2017,2,22,769199,48.02,0.94,301502
2017,2,23,385715,49.1,1.07,301502
2017,2,24,299068,48.77,1.9400000000000002,301502
2017,2,25,115909,48,0,301502
2017,2,26,280711,48.03,0.77,301502
2017,2,27,303976,50.33,1.64,301502
2017,2,28,97063,50.6,0.92,301502
2017,2,29,68040,50,0,301502
2017,2,30,220638,49.4,1.8900000000000001,301502
2017,2,31,115394,49.75,1.3,301502
2017,2,32,202280,48.43,0.49,301502
2017,2,33,115909,48,0,301502
2017,2,37,131515,49.69,0.95,301502
2017,2,40,29023,52,0,301502
2017,2,43,93929,42,0,301502
2017,2,44,45144,51,0,301502
2017,2,48,57068,53,0,301502
2017,2,69,68040,50,0,301502
2019,0,3,34132,17.5,0.5,301502
2019,0,4,38630,19,0,301502
2019,0,5,213480,28.6,0.49,301502
2019,0,6,601996,30.99,1.52,301502
2019,0,7,534259,32.54,1.23,301502
2019,0,8,1608240,36.59,2.1,301502
2019,0,9,5866599,37.99,2.08,301502
2019,0,10,4658794,39.54,1.8700000000000003,301502
2019,0,11,7247916,40.72,1.71,301502
2019,0,12,7540156,42.06,1.59,301502
2019,0,13,3748460,42.39,1.85,301502
2019,0,14,3998773,43.56,1.76,301502
2019,0,15,2814139,44.75,1.9100000000000001,301502
2019,0,16,3608589,44.42,1.79,301502
2019,0,17,3127892,45.16,1.98,301502
2019,0,18,2401277,45.89,1.9699999999999998,301502
2019,0,19,3075382,46.129999999999995,2.03,301502
2019,0,20,1784345,47.08,2.11,301502
2019,0,21,2208551,47.18,1.8999999999999997,301502
2019,0,22,1601385,46.74,3.47,301502
2019,0,23,322176,48.87,2.47,301502
2019,0,24,1245962,48.95,2.16,301502
2019,0,25,929558,46.51,1.55,301502
2019,0,26,621269,48.68,1.05,301502
2019,0,27,683553,47.17,1.5,301502
2019,0,28,812156,49.08,2.07,301502
2019,0,29,127590,48,0,301502
2019,0,30,619261,49,1.91,301502
2019,0,31,437673,49,0,301502
2019,0,32,492998,47.85,0.85,301502
2019,0,33,169495,50,0,301502
2019,0,34,273481,48.53,0.5,301502
2019,0,35,219517,47,0,301502
2019,0,37,92607,51,0,301502
2019,0,45,241503,44,0,301502
2019,1,3,17066,18,0,301502
2019,1,5,74910,29,0,301502
2019,1,6,92917,32,0,301502
2019,1,7,348719,32.57,1.24,301502
2019,1,8,626547,35.17,1.9599999999999997,301502
2019,1,9,2589650,38.36,1.86,301502
2019,1,10,2082301,39.02,1.93,301502
2019,1,11,3815667,40.220000000000006,1.52,301502
2019,1,12,3712135,41.67,1.29,301502
2019,1,13,1980307,42.95,1.88,301502
2019,1,14,2247005,43.43,1.69,301502
2019,1,15,1089351,43.71,1.78,301502
2019,1,16,1158724,43.79,1.76,301502
2019,1,17,1451083,44.74,2.22,301502
2019,1,18,1414325,45.12,1.7,301502
2019,1,19,1081825,44.52,1.5,301502
2019,1,20,845754,47.02000000000001,2.09,301502
2019,1,21,1671251,46.89999999999999,1.92,301502
2019,1,22,338271,46.67,1.49,301502
2019,1,23,148152,46,0,301502
2019,1,24,478453,49.04,2.14,301502
2019,1,25,905029,46.11,1.14,301502
2019,1,26,267767,48.3,0.46,301502
2019,1,27,417482,47.11,1.62,301502
2019,1,28,321641,47.33,1.28,301502
2019,1,29,94278,48,0,301502
2019,1,30,94278,48,0,301502
2019,1,31,158422,49,0,301502
2019,1,32,94278,48,0,301502
2019,1,34,79211,49,0,301502
2019,1,37,112445,51,0,301502
2019,2,3,17066,17,0,301502
2019,2,4,38630,19,0,301502
2019,2,5,139433,28.46,0.5,301502
2019,2,6,279733,30.670000000000005,1.8799999999999997,301502
2019,2,7,177176,32.75,0.97,301502
2019,2,8,938073,37.39,1.69,301502
2019,2,9,2840009,37.83,2.11,301502
2019,2,10,2852841,39.7,1.7899999999999998,301502
2019,2,11,4127339,41.4,1.89,301502
2019,2,12,3987389,42.51,1.76,301502
2019,2,13,1660826,41.72,1.52,301502
2019,2,14,1300299,43.91,2.02,301502
2019,2,15,1517783,45.3,1.67,301502
2019,2,16,2422378,44.57,1.7,301502
2019,2,17,1991562,45.54,1.82,301502
2019,2,18,1106642,47.77,0.64,301502
2019,2,19,1756298,47.37,1.5700000000000003,301502
2019,2,20,645918,47.01,2.1,301502
2019,2,21,887527,48,1.12,301502
2019,2,22,1167055,47.13,3.7,301502
2019,2,23,175296,51,0,301502
2019,2,24,708292,48.239999999999995,1.77,301502
2019,2,25,212571,49,0,301502
2019,2,26,250930,49.05,1.43,301502
2019,2,27,126950,46,0,301502
2019,2,28,546982,50.65,1.76,301502
2019,2,30,493359,49.33,2,301502
2019,2,31,212571,49,0,301502
2019,2,32,384724,48.11,0.99,301502
2019,2,33,191114,50,0,301502
2019,2,34,163282,48,0,301502
2019,2,35,172153,47,0,301502
2019,2,45,384780,44,0,301502
2019,3,8,9274,35.71,0.45,301502
2019,3,9,17771,35.56,1.08,301502
2019,3,10,5619,36.99,2.61,301502
2019,3,11,6259,39.94,2.04,301502
2019,3,12,4386,41,0,301502
2019,3,13,2193,41,0,301502
2019,3,14,548,41,0,301502
2019,3,16,1096,41,0,301502
2019,3,17,548,41,0,301502
2021,0,5,310120,29.02,1.31,301502
2021,0,6,282921,31.349999999999998,2.03,301502
2021,0,7,1360359,35.5,1.7,301502
2021,0,8,655922,37.23,2.62,301502
2021,0,9,1624153,39.07,1.94,301502
2021,0,10,1832032,40.86999999999999,2.16,301502
2021,0,11,4763787,41.74,1.9900000000000002,301502
2021,0,12,3838106,42.87,1.79,301502
2021,0,13,2549233,43.91,1.51,301502
2021,0,14,4178548,44.66,2.09,301502
2021,0,15,3278234,45.12,1.81,301502
2021,0,16,3491590,45.28000000000001,1.56,301502
2021,0,17,1108337,46.29,2.49,301502
2021,0,18,3864238,46.55,1.88,301502
2021,0,19,2938583,46.910000000000004,1.5,301502
2021,0,20,2509002,47.07,1.5,301502
2021,0,21,4740073,47.72,2.38,301502
2021,0,22,2790592,46.9,1.51,301502
2021,0,23,2117705,49.31,2.13,301502
2021,0,24,834980,47.6,1.5299999999999998,301502
2021,0,25,2178633,48.06,2.23,301502
2021,0,26,1647915,49.13999999999999,1.54,301502
2021,0,27,1577252,49.97,1.94,301502
2021,0,28,633693,47.13,1.36,301502
2021,0,29,693811,48.38,0.9299999999999999,301502
2021,0,30,1305359,49.92,1.87,301502
2021,0,31,837740,49.72,1.66,301502
2021,0,32,1166402,48.58,3.12,301502
2021,0,33,883622,50.76,1.84,301502
2021,0,34,1074551,48.31,2.63,301502
2021,0,35,620937,50.67,0.4699999999999999,301502
2021,0,36,609361,50.57,2.62,301502
2021,0,38,415868,51,0,301502
2021,0,39,415868,51,0,301502
2021,0,40,205069,50,0,301502
2021,0,41,205069,50,0,301502
2021,0,44,263309,46,0,301502
2021,1,5,208202,29.26,1.36,301502
2021,1,6,87962,30.99,1,301502
2021,1,7,466577,35.28,1.7099999999999997,301502
2021,1,8,487732,37.06,2.91,301502
2021,1,9,1045328,39.46,1.87,301502
2021,1,10,1061021,40.36,1.8,301502
2021,1,11,2786657,41.85,2.04,301502
2021,1,12,2074883,42.65,1.88,301502
2021,1,13,581215,43.91,1.2,301502
2021,1,14,1072504,44.57,2.27,301502
2021,1,15,1312487,43.7,1.57,301502
2021,1,16,1585034,45.19,1.42,301502
2021,1,17,581215,43.91,1.2,301502
2021,1,18,2382979,46.18,2.12,301502
2021,1,19,2577840,47.02,1.34,301502
2021,1,20,1685197,46.67000000000001,1.4,301502
2021,1,21,2229946,47.17,1.62,301502
2021,1,22,1933156,46.97,1.13,301502
2021,1,23,674459,48.33,1.97,301502
2021,1,24,188377,47,0,301502
2021,1,25,1166610,47.76,2.73,301502
2021,1,26,555109,48.29,1.87,301502
2021,1,27,396465,49.35,1.49,301502
2021,1,28,462250,46.42,1.5,301502
2021,1,29,683194,48.45,0.89,301502
2021,1,30,218111,48,0,301502
2021,1,31,178354,51,0,301502
2021,1,32,581226,49.03,1.4,301502
2021,1,35,571203,50.31,0.46,301502
2021,1,36,218111,48,0,301502
2021,2,5,22011,29,0,301502
2021,2,6,114901,31.03,3.09,301502
2021,2,7,860881,35.66,1.47,301502
2021,2,8,177866,37.08,1.52,301502
2021,2,9,761159,37.83,2.7,301502
2021,2,10,676165,41.7,2.05,301502
2021,2,11,1994093,41.79,1.91,301502
2021,2,12,1628355,43.01,1.5099999999999998,301502
2021,2,13,1807090,43.85,1.63,301502
2021,2,14,2795528,44.81,2.03,301502
2021,2,15,1928067,45.81,1.37,301502
2021,2,16,1867224,45.29,1.75,301502
2021,2,17,611541,48.04,1.71,301502
2021,2,18,1811052,46.93,1.59,301502
2021,2,19,804432,46.78,1.64,301502
2021,2,20,622600,47.73,1.58,301502
2021,2,21,2530763,47.83,2.94,301502
2021,2,22,830387,46.72,2.13,301502
2021,2,23,1563297,49.54,2.04,301502
2021,2,24,512212,47.67,1.74,301502
2021,2,25,1089431,48.41,1.43,301502
2021,2,26,658779,49.31,0.74,301502
2021,2,27,800297,49.77,2.13,301502
2021,2,28,220775,48,0,301502
2021,2,30,969789,50.03,1.77,301502
2021,2,31,410460,48.16,1.46,301502
2021,2,32,716281,48.68,3.7099999999999995,301502
2021,2,33,663625,50.74,1.83,301502
2021,2,34,1346868,49.03,2.52,301502
2021,2,36,447232,51.4,2.5,301502
2021,2,38,732554,51,0,301502
2021,2,39,732554,51,0,301502
2021,2,40,158124,50,0,301502
2021,2,41,158124,50,0,301502
2021,2,44,243701,46,0,301502
1990,4,6,39260,27,0,301502
1990,4,7,15353,33.94,1.77,301502
1990,4,8,15931,34.7196359299479,1.76422258489737,301502
1990,4,9,121267,38.47047589203988,1.394321620886144,301502
1990,4,10,1605245,42.726161271332415,2.0043723232279183,301502
1990,4,11,1959232,42.51625198036782,1.3666599106180382,301502
1990,4,12,1668396,43.50198959959146,1.496335066734756,301502
1990,4,13,2267000,44.27813139832377,1.4946249757388619,301502
1990,4,14,2986195,45.062103700528596,1.0288355716890558,301502
1990,4,15,1495239,44.81107119998877,1.1315165134135747,301502
1990,4,16,708678,44.689128250065615,0.5835860856411516,301502
1990,4,17,80713,48.226270860951765,0,301502
1990,4,18,1018324,44.31153607299837,1.9533211237287933,301502
1990,4,19,200524,46.258722147972314,0,301502
1990,4,20,29327,47,0,301502
1990,4,21,293770,46,0,301502
1990,4,29,10178,52,0,301502
1990,4,30,198808,45.128130256327715,1.7812582994648103,301502
1990,4,31,10178,51,0,301502
1990,4,32,10178,53,0,301502
1990,4,46,55962,48,0,301502
1990,4,50,132447,46,0,301502
1993,4,3,259254,19.938467911777636,0.8805957092272444,301502
1993,4,4,468267,24.22786307811569,1.0584607499567553,301502
1993,4,5,2219491,27.262350876845186,0.9869649122253705,301502
1993,4,6,3633603,30.605460145205736,1.904338511939802,301502
1993,4,7,11122064,33.38558111515992,2.1660209831556445,301502
1993,4,8,5829188,36.34350909080304,2.2826948521818133,301502
1993,4,9,6500028,39.176544762576405,2.606436679965071,301502
1993,4,10,1825393,42.04428371315109,2.465779780025452,301502
1993,4,11,1873951,42.49500197710613,3.0347037889464556,301502
1993,4,12,1228488,43.662920305285844,2.7259331796484787,301502
1993,4,13,3008419,44.30100866268961,2.6800528284125313,301502
1993,4,14,1330498,43.14946087855825,3.6347575794927915,301502
1993,4,15,2463585,42.29737856416564,4.169893192238141,301502
1993,4,16,2542755,44.913259397779186,1.707458583308262,301502
1993,4,17,2175882,44.323482946225944,2.5204755313017895,301502
1993,4,18,929472,44.24568974643669,1.450539854885354,301502
1993,4,19,730257,43.8158757944121,2.082093920359545,301502
1993,4,20,612980,44.037458269437835,1.799338379718751,301502
1993,4,21,638909,44.50135717293073,1.238181368551703,301502
1993,4,22,442966,45.06840739469846,2.1359303422836065,301502
1993,4,23,565598,42.68,2.64,301502
1993,4,24,710877,46.103894555598224,1.7182936007213623,301502
1993,4,25,595654,44.051169655538274,2.16782336725683,301502
1993,4,26,475025,42.77,2.2,301502
1993,4,27,220498,42.31,4.34,301502
1993,4,28,348380,45.239673804466385,1.1618462598312187,301502
1993,4,29,168520,44.05,1,301502
1993,4,30,481967,44.04305390203064,1.608646857564937,301502
1993,4,31,633766,42.61198316097739,2.9170495103871144,301502
1993,4,32,345881,40.94669684082098,2.862011876917206,301502
1993,4,33,97649,46,0,301502
1993,4,34,278346,43.70448837058912,1.007426009355263,301502
1993,4,38,242310,45.115116998885725,0,301502
1993,4,43,78305,47,0,301502
1993,4,48,47197,48,0,301502
1993,4,49,47197,48,0,301502
1993,4,51,97649,46,0,301502
1996,4,4,613923,23.082609056836116,1.5515532078127061,301502
1996,4,5,347212,27.283759547481075,2.118582595071599,301502
1996,4,6,704600,32.78525069543003,1.7708184501845017,301502
1996,4,7,151672,34.33261195210718,2.248917928160768,301502
1996,4,8,1207486,39.349302029174666,2.2716094762175296,301502
1996,4,9,2342976,40.54534848841815,2.79780205174957,301502
1996,4,10,8124676,42.1020474502614,2.063484028163092,301502
1996,4,11,5411461,43.9359182686524,2.2221695693639854,301502
1996,4,12,6935681,44.428800703204196,2.001281135911528,301502
1996,4,13,2397480,45.244556150624824,2.007404403790647,301502
1996,4,14,1552629,46.055105559666856,2.182393688382737,301502
1996,4,15,1629223,44.73398663657461,2.0154643164256827,301502
1996,4,16,807541,44.10201073382033,1.9103393511908375,301502
1996,4,17,940153,46.03388029395216,1.5645445156267117,301502
1996,4,18,2683557,46.33598081576058,1.5408327305885434,301502
1996,4,19,2091045,46.74530106238747,1.4724555856043269,301502
1996,4,20,2320845,45.730367236933105,1.8587841281946875,301502
1996,4,21,927652,47.02309406975892,0.9575014768469211,301502
1996,4,22,803138,46.835747231484504,1.7614689878949819,301502
1996,4,23,1153092,48.01582092322208,1.970463657713348,301502
1996,4,24,462681,45.59548745247806,1.5,301502
1996,4,25,744579,46.438018558138225,1.4593693214554802,301502
1996,4,26,1225233,46.82258039083179,2.237833261102174,301502
1996,4,27,562056,45.30120685483296,1.1673190927594403,301502
1996,4,28,290968,45.23,2.16,301502
1996,4,29,893606,45.02369961705719,0.9371928344259102,301502
1996,4,30,499661,46.30774357014056,1.1796836855387953,301502
1996,4,32,121073,45,0,301502
1996,4,34,123501,48,0,301502
1996,4,35,123501,48,0,301502
1996,4,41,328719,47.78,1.32,301502
1996,4,51,96034,49,0,301502
1999,4,4,19676,23,0,301502
1999,4,5,40380,25,0,301502
1999,4,6,22308,30,0,301502
1999,4,7,1825996,33.76351890694175,1.8739054247654432,301502
1999,4,8,437125,36.74816398055476,1.230172856734344,301502
1999,4,9,1630698,39.275490648789656,1.932841973191848,301502
1999,4,10,1206689,42.51217250675194,1.414504797839377,301502
1999,4,11,3561659,42.49535756511221,2.2187402640174145,301502
1999,4,12,8922228,44.52943954357588,1.8175646822744274,301502
1999,4,13,4322680,43.67395608280048,2.0970409930876217,301502
1999,4,14,2168023,45.87044491686666,0.9860419192969817,301502
1999,4,15,686061,43.50093687004508,0.6454549814083587,301502
1999,4,16,487118,45.29705328072459,0,301502
1999,4,17,36141,39,0,301502
1999,4,18,607890,45.5,4.06,301502
1999,4,19,733107,46,0,301502
1999,4,20,1550530,46.91385785505602,0.396205291094013,301502
1999,4,21,1314377,46.97,0.86,301502
1999,4,22,759693,48.39000000000001,0.49,301502
1999,4,23,664380,50,0,301502
1999,4,24,172526,51,0,301502
1999,4,27,348862,47,0,301502
1999,4,30,172526,51,0,301502
1999,4,31,85362,41,0,301502
1999,4,35,65207,38,0,301502
1999,4,37,172526,51,0,301502
1999,4,38,296799,49,0,301502
1999,4,41,286402,44,0,301502
2001,4,3,78328,19,0,301502
2001,4,4,374868,22.54624731905631,1.5845293810087817,301502
2001,4,5,174394,25.904627395437917,0.49262101907175704,301502
2001,4,6,2094656,30.211727462647808,1.591537039972196,301502
2001,4,7,2143188,32.63578025352886,2.1127547699968456,301502
2001,4,8,1419663,35.547970250686255,1.865158350960756,301502
2001,4,9,5131230,38.402652373797316,2.5698854816486496,301502
2001,4,10,2780204,40.20041642987349,2.6487450273433173,301502
2001,4,11,2564444,42.10918372949458,2.3410883606738926,301502
2001,4,12,1013550,43.53294854718563,2.479506092447339,301502
2001,4,13,1843615,44.44187091665017,1.8186414571372005,301502
2001,4,14,2752823,45.21383314510232,1.7594250265999665,301502
2001,4,15,1704488,45.68591603460981,1.8493282440240117,301502
2001,4,16,883184,45.62710569937861,2.1233410931357453,301502
2001,4,17,222666,47.970551408836556,0.8687334393216746,301502
2001,4,18,243173,45.612955303425956,0.7546668421247424,301502
2001,4,19,199495,47,0,301502
2001,4,20,222145,45.26098998401945,2.248408742037858,301502
2001,4,21,105234,46.29999999999999,1.87,301502
2001,4,22,134439,45.36,1.9700000000000002,301502
2001,4,23,423127,48.34222661281365,1.4264561703696526,301502
2001,4,24,92922,48.37,0.48,301502
2001,4,26,77912,49,0,301502
2001,4,27,101179,45.297798950375075,0,301502
2001,4,28,161581,45.96217432742711,0.5403667510412734,301502
2001,4,29,49987,50.25,0.44,301502
2001,4,37,71048,45,0,301502
2001,4,39,74268,46,0,301502
2001,4,41,58736,48,0,301502
2001,4,56,79447,47,0,301502
2003,4,3,61908,18.75,1.75,301502
2003,4,4,108168,28.570000000000004,1.55,301502
2003,4,5,4756700,28.247764559463494,1.3871037610107848,301502
2003,4,6,6020520,31.913474658335158,1.6925419133231017,301502
2003,4,7,690373,35.72348896900661,0.9770830406171737,301502
2003,4,8,19546898,37.409183564062175,2.983585336148989,301502
2003,4,9,5760543,40.85408845659168,2.3563430426610825,301502
2003,4,10,920124,43.63,0.7799999999999999,301502
2003,4,11,5346301,43.87145015778199,1.6288520511658433,301502
2003,4,12,1589774,42.306270406988666,1.4213826933891232,301502
2003,4,13,1582950,45.56,0.5,301502
2003,4,14,1017918,44.84,1.57,301502
2003,4,15,2684069,44.28870771578525,1.5771106405982858,301502
2003,4,16,1456000,45.21816945741759,1.0423651854395604,301502
2003,4,17,1147225,45.99152600405326,1.597911046220227,301502
2003,4,18,902396,47,0,301502
2003,4,21,1147830,44.18487055574432,0.416570650706115,301502
2003,4,23,1319215,46.05,1.39,301502
2003,4,25,693230,48,0,301502
2003,4,28,513725,46,0,301502
2003,4,29,520133,50.03494298573634,0,301502
2003,4,30,513725,46,0,301502
2005,4,2,40162,13,0,301502
2005,4,3,151205,19.35264944942297,1.6185705499156773,301502
2005,4,4,699875,22.09138167529916,2.797191069833899,301502
2005,4,5,980435,27.139408680840646,2.9240683370136726,301502
2005,4,6,3781907,32.210996806637496,2.149667731120834,301502
2005,4,7,7585716,35.34235472037181,2.2285196387526236,301502
2005,4,8,7380476,36.326391952226395,2.20005740009181,301502
2005,4,9,4838132,37.48928033794861,2.558327135348932,301502
2005,4,10,12386025,40.259081547954246,2.418948168601307,301502
2005,4,11,10862760,41.936903792406355,2.673868563790418,301502
2005,4,12,7326184,43.080913586117966,1.32127902056514,301502
2005,4,13,18427152,43.6557895512014,2.3562576235329256,301502
2005,4,14,8072083,43.94559416448022,2.2915261215723377,301502
2005,4,15,4221796,44.80930672633164,1.2743942696425883,301502
2005,4,16,4093484,46.11735160562495,0.9613076220647253,301502
2005,4,17,3926934,45.46432988178563,2.007577293124865,301502
2005,4,18,4111094,46.400991358991064,1.9474897679303855,301502
2005,4,19,6593368,47.191935497912446,1.202558484525663,301502
2005,4,20,4881008,46.69928419088844,1.317650210776135,301502
2005,4,21,2408721,48.0729345864465,1.2389579573557918,301502
2005,4,22,928848,43.92092834349646,0.8698467133481473,301502
2005,4,23,310103,48,0,301502
2005,4,24,816740,48.12166283027647,1.0642625560153782,301502
2005,4,25,1055235,46.349977701649394,2.2755824626741914,301502
2005,4,26,2098581,46.87104800815408,1.2473883066700784,301502
2005,4,27,580648,49.55,1.19,301502
2005,4,28,1009316,47.85742070867796,0.9464564120652007,301502
2005,4,29,859824,47.81140317088148,0.2602590762760751,301502
2005,4,30,214464,50,0,301502
2005,4,31,802687,47.94631008101538,0.6874723522369243,301502
2005,4,32,142376,50,0,301502
2005,4,34,579498,44,0,301502
2005,4,35,112189,51,0,301502
2005,4,36,822720,46.43,1.5,301502
2005,4,52,273183,42,0,301502
2007,4,2,14744,12,0,301502
2007,4,5,96707,26.25755788102206,0.869853268119164,301502
2007,4,6,231042,29.46734394612235,1.7169407293911931,301502
2007,4,7,1044734,35.31447846054594,1.8163970541783845,301502
2007,4,8,1176331,37.04414362114065,3.1143169737089305,301502
2007,4,9,5753685,39.230490647298204,2.2002454305371253,301502
2007,4,10,4734256,40.802375441885694,2.2882875176162845,301502
2007,4,11,2265578,41.61776184267326,1.8814832859429247,301502
2007,4,12,8052101,42.694182183010376,1.7736127937292392,301502
2007,4,13,6453224,43.7020068248057,1.9977006686890149,301502
2007,4,14,3253573,43.93799890766243,1.6865206835684954,301502
2007,4,15,3217716,45.50622825942377,1.7048014709812798,301502
2007,4,16,2104312,44.65991340637701,2.0607221125004274,301502
2007,4,17,470275,46.421003646802404,0.48547407368029344,301502
2007,4,18,1838744,45.3832033768703,1.798517091014301,301502
2007,4,19,1877351,46.506093660695306,1.209286553233785,301502
2007,4,20,1059233,47.17784968935069,1.608743892986718,301502
2007,4,21,1009912,48.232757864051514,0.7103677152068695,301502
2007,4,22,1000821,46.648040798504425,2.493099924961607,301502
2007,4,23,537555,47.58168326961892,1.716262298741524,301502
2007,4,24,361701,48.069904479113966,0.7055949250900605,301502
2007,4,25,551156,46.97579071986878,2.0548360718199565,301502
2007,4,26,503144,47.259323434245466,0.7776899654969551,301502
2007,4,27,117118,48.77,2.01,301502
2007,4,28,145450,50.53,1.14,301502
2007,4,29,160065,49.04609377440415,0,301502
2007,4,30,306004,47.90519692553038,0.8443959882877348,301502
2007,4,31,214675,49.31059485268429,1.5322679399091652,301502
2007,4,32,213785,46.95506232897537,0,301502
2007,4,33,144584,43,0,301502
2007,4,34,131872,41,0,301502
2007,4,35,292772,46.26706105775143,0,301502
2007,4,37,225813,46.32826719453707,0,301502
2007,4,38,82633,50,0,301502
2007,4,39,131872,41,0,301502
2007,4,43,102089,48,0,301502
2007,4,44,127805,49,0,301502
2007,4,45,59988,50,0,301502
2007,4,48,78188,47,0,301502
2007,4,49,62212,48,0,301502
2007,4,52,78188,47,0,301502
2007,4,57,59988,50,0,301502
2009,4,2,29345,12,0,301502
2009,4,3,83749,19.141426882709045,0.20142616628258245,301502
2009,4,4,181878,24.5,1.12,301502
2009,4,5,953936,25.600839532211804,1.2391806158903742,301502
2009,4,6,416879,30.224687187409298,1.5087303989886753,301502
2009,4,7,1128205,32.76838281163441,3.606089265691962,301502
2009,4,8,569029,35.47490127919667,1.390987208033334,301502
2009,4,9,978048,37.32570269557322,3.251091112092658,301502
2009,4,10,1600189,40.5405328245601,2.3485512523833125,301502
2009,4,11,2946538,42.0112396649899,2.0663291903922505,301502
2009,4,12,2537029,42.61016779469214,2.4212904424821318,301502
2009,4,13,2225683,44.10375106428005,1.602497871439913,301502
2009,4,14,5889851,45.11625526859678,1.8741889871237827,301502
2009,4,15,2597682,44.940458316298916,1.777662300466339,301502
2009,4,16,3016748,46.524560831730064,1.532376791167177,301502
2009,4,17,3258586,46.57735013898666,1.2840564342938932,301502
2009,4,18,1047274,46.15124577713187,1.8586733271331093,301502
2009,4,19,1063460,46.53141667763715,1.6307074737178642,301502
2009,4,20,2422491,48.114973595361135,1.647853370765877,301502
2009,4,21,1410054,47.630841542238805,0.9269598185601402,301502
2009,4,22,1691114,48.925068895414505,1.5968420461305388,301502
2009,4,23,3235519,47.50020660672986,1.1794144710632206,301502
2009,4,24,744860,47.65711630373494,1.8114061031603255,301502
2009,4,25,680000,49.19174808823529,1.5247706176470588,301502
2009,4,26,149948,50,0,301502
2009,4,27,310586,50.19,1.09,301502
2009,4,30,451117,46.44211557090511,0.7336562355220486,301502
2009,4,31,472110,48.01066329880748,0.5502867975683634,301502
2009,4,32,310213,49.483371103080785,0,301502
2009,4,33,125654,45,0,301502
2009,4,34,213381,49.37997291230241,0,301502
2009,4,35,379366,47.84,0.9900000000000001,301502
2009,4,36,190883,51.52,0.88,301502
2009,4,37,125654,45,0,301502
2009,4,39,139766,48,0,301502
2009,4,41,219101,47,0,301502
2009,4,47,219101,47,0,301502
2011,4,3,31371,15.499952185139142,0,301502
2011,4,4,26497,20,0,301502
2011,4,5,20204,23.5,0,301502
2011,4,6,254843,31.217946696593586,0.8042613295244523,301502
2011,4,7,203964,34.30106803161342,1.3917750191210214,301502
2011,4,8,1266882,35.62623300354729,1.5666883498226354,301502
2011,4,9,1028228,37.41752665751175,1.9551612482834546,301502
2011,4,10,5344675,40.60065365620922,2.080837800240426,301502
2011,4,11,5193171,41.67585318103332,2.0122936968568914,301502
2011,4,12,4055738,42.28592506715177,1.717681502108864,301502
2011,4,13,6727381,43.79766894278769,2.053882637240257,301502
2011,4,14,6304115,43.65181564898483,1.5311874942002166,301502
2011,4,15,3750166,45.1803720421976,1.783622895626487,301502
2011,4,16,4513938,44.779998435955484,2.0448127754523875,301502
2011,4,17,2291378,45.78756532968371,2.3064902691742697,301502
2011,4,18,2133929,46.516935755594496,2.279034831993004,301502
2011,4,19,2208754,46.137748151220094,2.38199849326815,301502
2011,4,20,939833,47.68043732237536,1.3698290653765084,301502
2011,4,21,1233110,45.991528971462394,2.647926827290347,301502
2011,4,22,1401844,47.32091168489504,2.644530546908215,301502
2011,4,23,1778930,47.90842354673877,2.2597242780772713,301502
2011,4,24,1350283,47.429850697964795,2.680039154754966,301502
2011,4,25,1211726,48.61442819581324,0.9372339291225904,301502
2011,4,26,588182,48.28741078441707,1.0845641145087745,301502
2011,4,27,845567,48.312457155967536,1.5520333693249617,301502
2011,4,28,28561,50,0,301502
2011,4,29,412955,46.28428792483443,1.7173311377753024,301502
2011,4,30,272104,46,0,301502
2011,4,33,57123,50,0,301502
2011,4,34,61281,52.58,1.19,301502
2011,4,35,376676,49.06221877687987,0.9474927523919761,301502
2011,4,37,355036,45.66960516679998,1.0175707815545465,301502
2011,4,40,49399,52,0,301502
2011,4,42,164517,47.52060595561553,1.1197939422673644,301502
2011,4,48,135956,47,0,301502
2011,4,52,186444,48,0,301502
2013,4,3,42243,15,0,301502
2013,4,4,34907,22,0,301502
2013,4,5,202107,26.580207810714125,1.6707188766346541,301502
2013,4,6,399363,29.608742347187903,1.1794387311794035,301502
2013,4,7,418711,32.58326048276735,2.1379860094432677,301502
2013,4,8,868083,34.93735118646489,1.8740786537692822,301502
2013,4,9,1338893,37.01559084258413,1.9589902031006208,301502
2013,4,10,674896,38.82328655081672,1.267000308195633,301502
2013,4,11,1430122,41.141154432978446,2.049520082902018,301502
2013,4,12,3829347,42.709027345915636,1.605338098114378,301502
2013,4,13,6702895,43.792122035329506,1.274892010094146,301502
2013,4,14,5574097,44.659284336099645,1.5785493775942545,301502
2013,4,15,8335930,45.14276230726506,1.8627623072650563,301502
2013,4,16,5396338,46.10588376784405,1.6115204199588686,301502
2013,4,17,3584024,46.01443657185332,1.3927443119800538,301502
2013,4,18,4956779,46.10120200033127,1.4966510409279898,301502
2013,4,19,4107438,45.950693415214054,1.3898353913071848,301502
2013,4,20,1503892,46.80546051844148,2.002264271636527,301502
2013,4,21,1793280,47.07431347028908,1.5601014788543899,301502
2013,4,22,1560616,47.938765577182345,2.2865139919108866,301502
2013,4,23,1015719,46.248464624566445,2.2206525820625584,301502
2013,4,24,1285054,48.032232622131055,0.8087869303546777,301502
2013,4,25,1828714,47.41982914769614,1.089635831518761,301502
2013,4,26,955073,47.44424848152969,1.1172078992914678,301502
2013,4,27,1249980,47.771108937743,2.1892367477879646,301502
2013,4,28,894345,47.319339415997185,1.570351374469584,301502
2013,4,29,480437,47.891411652308214,0.9659629462343658,301502
2013,4,31,286293,45.04542199774357,0,301502
2013,4,33,139354,47,0,301502
2013,4,34,117118,48,0,301502
2013,4,35,117854,41,0,301502
2013,4,36,52128,50,0,301502
2013,4,37,96503,48,0,301502
2013,4,38,117118,48,0,301502
2013,4,41,113302,51.97,1.4,301502
2013,4,43,96503,48,0,301502
2013,4,54,117118,48,0,301502
2013,4,57,161838,52,0,301502
2013,4,59,177226,46,0,301502
2013,4,75,117881,50,0,301502
2015,4,5,118320,26,0.6074805611899932,301502
2015,4,6,106421,30.809154208285957,0,301502
2015,4,7,80611,35.13033035193708,0.7095763605463273,301502
2015,4,8,515311,35.093435692232454,2.1404938959191635,301502
2015,4,9,855698,37.2688126301569,2.194672396102363,301502
2015,4,10,972942,38.662425776665,3.0015541522516247,301502
2015,4,11,816519,41.04895239424925,1.8031825468850082,301502
2015,4,12,812772,40.3630764347197,2.18288006968744,301502
2015,4,13,973138,43.04120899605195,1.9826062593383469,301502
2015,4,14,1261918,43.158889507876104,2.265348945018615,301502
2015,4,15,1993391,44.93293766250574,1.2514230976261054,301502
2015,4,16,1354802,45.77131145362939,1.848957478657398,301502
2015,4,17,1485232,45.57571118855506,1.5564716084759822,301502
2015,4,18,1565570,46.4707869210575,1.698282171988477,301502
2015,4,19,925083,46.77409310299724,2.222355172454796,301502
2015,4,20,822081,46.929660970147715,1.6640174021781309,301502
2015,4,21,778774,47.07282755972849,1.3985533543749535,301502
2015,4,22,434254,47.140658462558775,1.2035830182335683,301502
2015,4,23,386452,48.05235154689328,1.7029498100669682,301502
2015,4,24,778718,47.800019326636864,1.7299999999999998,301502
2015,4,25,298578,49.05344707245678,1.2064482312829479,301502
2015,4,26,395667,48.53752311918861,1.4214829389360246,301502
2015,4,27,336367,49.09979016966587,1.7541816825074992,301502
2015,4,28,676987,49.132706625090286,1.813293268556117,301502
2015,4,29,494614,49.49290699414088,1.544236778578851,301502
2015,4,30,537966,48.157724874806206,1.578595431681556,301502
2015,4,31,156518,50.7,1.02,301502
2015,4,33,73193,51.37,0.48,301502
2015,4,34,58901,47,0,301502
2015,4,35,53987,45,0,301502
2015,4,37,158068,49.560463218361726,0.3683044006377002,301502
2015,4,38,77111,48,0,301502
2015,4,39,73193,51.37,0.48,301502
2015,4,40,142226,48.816176367190245,0.5858633442549183,301502
2015,4,42,75539,48,0,301502
2015,4,45,34167,53,0,301502
2015,4,46,58901,47,0,301502
2015,4,50,27383,52,0,301502
2015,4,65,53987,45,0,301502
2017,4,5,74532,28.66737079375302,0.3198357752374819,301502
2017,4,6,88946,30.92,2.46,301502
2017,4,7,2557350,32.82526000742957,1.8500742878370189,301502
2017,4,8,1218032,34.776086276879425,1.9063077817331564,301502
2017,4,9,2983687,38.18570072866222,1.7797100433121842,301502
2017,4,10,5250438,39.24103381089349,2.0636600984527385,301502
2017,4,11,2399551,40.62535133447882,3.0041749977391605,301502
2017,4,12,3148629,41.79409467104571,1.4074740815764575,301502
2017,4,13,2804772,43.88212496416821,2.0750323662672043,301502
2017,4,14,1838095,44.260993093392884,1.769610874301927,301502
2017,4,15,1351672,43.77514438414053,2.631733852591457,301502
2017,4,16,1760546,45.506229272055364,2.201880621125492,301502
2017,4,17,2145720,45.48530488600563,1.7264763762280262,301502
2017,4,18,1358623,45.645284026547465,1.5619825220094168,301502
2017,4,19,1350324,46.82969779845429,2.0534511050681172,301502
2017,4,20,878230,46.98201908383909,1.6018551404529564,301502
2017,4,21,1135645,46.637620964297824,2.8545193348273448,301502
2017,4,22,870680,47.90111519731705,0.8304394955666834,301502
2017,4,23,428334,49.289048966460754,0.9635355820457868,301502
2017,4,24,424861,48.533135707913885,1.9488824109532294,301502
2017,4,25,176903,48,0,301502
2017,4,26,681681,48.171169843372496,0.869995305722178,301502
2017,4,27,487761,49.37671334936577,1.4930506744081629,301502
2017,4,28,158057,49.596663229088236,0.5649731426004543,301502
2017,4,29,246129,48.2128077959119,1.4037056177857952,301502
2017,4,30,220638,49.4,1.8900000000000001,301502
2017,4,31,185404,48.6473851696835,1.851307415158249,301502
2017,4,32,284583,48.53122196336394,0.7271485998812297,301502
2017,4,33,115909,48,0,301502
2017,4,34,177501,49.19,0.39,301502
2017,4,37,309016,49.40279642478059,0.6283319957542652,301502
2017,4,38,101481,47,0,301502
2017,4,40,29023,52,0,301502
2017,4,41,95056,48.720000000000006,0.96,301502
2017,4,42,60994,48,0,301502
2017,4,43,93929,42,0,301502
2017,4,44,45144,51,0,301502
2017,4,48,57068,53,0,301502
2017,4,69,68040,50,0,301502
2019,4,3,34132,17.5,0,301502
2019,4,4,38630,19,0,301502
2019,4,5,214343,28.64872274811867,0.32525671470493556,301502
2019,4,6,372650,31.001623802495644,1.4112385348181937,301502
2019,4,7,525895,32.63064267581932,1.1490359862710238,301502
2019,4,8,1573894,36.49634727624605,1.7901769687158091,301502
2019,4,9,5447430,38.07455097724982,1.9877925315240397,301502
2019,4,10,4940761,39.410329609143204,1.8499360543851444,301502
2019,4,11,7949265,40.83244750300814,1.7125171836641502,301502
2019,4,12,7703910,42.10438567428748,1.5325281305207354,301502
2019,4,13,3643326,42.3881254024482,1.7147608201956124,301502
2019,4,14,3547852,43.605546184000914,1.8106850088447883,301502
2019,4,15,2607134,44.635642859170254,1.7159618147743843,301502
2019,4,16,3582198,44.31660321958752,1.718887911835136,301502
2019,4,17,3443193,45.20212921552756,1.9882844499277272,301502
2019,4,18,2520967,46.283284287338944,1.2346862850644216,301502
2019,4,19,2838123,46.28364777002265,1.5433176645268722,301502
2019,4,20,1491672,47.01566983894583,2.094330161054173,301502
2019,4,21,2558778,47.281541384207614,1.6425153569399142,301502
2019,4,22,1505326,47.02663059031731,3.203377401307092,301502
2019,4,23,323448,48.70980188469244,0,301502
2019,4,24,1186745,48.56253129358034,1.9191707232809072,301502
2019,4,25,1117600,46.65968699892627,0.9231684502505368,301502
2019,4,26,518697,48.66282743104356,0.9292568108163339,301502
2019,4,27,544432,46.851171532900345,1.2422503453140155,301502
2019,4,28,868623,49.42064259178032,1.5822615795345043,301502
2019,4,29,94278,48,0,301502
2019,4,30,587637,49.11662041362269,1.6791284415378882,301502
2019,4,31,370993,49,0,301502
2019,4,32,479002,48.088349610231276,0.7951464920814527,301502
2019,4,33,191114,50,0,301502
2019,4,34,242493,48.32665272811999,0,301502
2019,4,35,172153,47,0,301502
2019,4,37,112445,51,0,301502
2019,4,45,384780,44,0,301502
2021,4,5,230213,29.235141021575675,1.229968420549665,301502
2021,4,6,202863,31.01265588106259,2.183769785520277,301502
2021,4,7,1327458,35.526437009683164,1.554355572831683,301502
2021,4,8,665598,37.065344547309344,2.538553962001088,301502
2021,4,9,1806487,38.77320337760526,2.2197185255138843,301502
2021,4,10,1737186,40.8815682719064,1.8973075134153738,301502
2021,4,11,4780750,41.82497347068975,1.985775853161115,301502
2021,4,12,3703238,42.80829601014032,1.7173068784668983,301502
2021,4,13,2388305,43.8646015270244,1.5253557229918289,301502
2021,4,14,3868032,44.74345428372878,2.09654571627122,301502
2021,4,15,3240554,44.95540922015187,1.451003865388449,301502
2021,4,16,3452258,45.24408703520999,1.5984872161929957,301502
2021,4,17,1192756,46.02750293438054,1.461483413204377,301502
2021,4,18,4194031,46.50386241303414,1.891137228122539,301502
2021,4,19,3382272,46.962918937329704,1.4113513283378747,301502
2021,4,20,2307797,46.95596795992022,1.448560596967584,301502
2021,4,21,4760709,47.52085185420911,2.321703708418221,301502
2021,4,22,2763543,46.894880217170495,1.4304791313180218,301502
2021,4,23,2237756,49.17530635601022,2.018902020595632,301502
2021,4,24,700589,47.48984788513665,1.272142268862343,301502
2021,4,25,2256041,48.073881773425214,2.102236453149566,301502
2021,4,26,1213888,48.843555665761585,1.2567471545974587,301502
2021,4,27,1196762,49.6308618087807,1.9179798990943897,301502
2021,4,28,683025,46.93070531825336,1.015153178873394,301502
2021,4,29,683194,48.45,0.89,301502
2021,4,30,1187900,49.657270536240425,1.445009285293375,301502
2021,4,31,588814,49.020246801196976,1.017760447271974,301502
2021,4,32,1297507,48.83678458767467,2.675221721347168,301502
2021,4,33,663625,50.74,1.83,301502
2021,4,34,1346868,49.03,2.52,301502
2021,4,35,571203,50.31,0.46,301502
2021,4,36,665343,50.28542090320331,1.6804565464730221,301502
2021,4,38,732554,51,0,301502
2021,4,39,732554,51,0,301502
2021,4,40,158124,50,0,301502
2021,4,41,158124,50,0,301502
2021,4,44,243701,46,0,301502
