year,species_code,sex,age,mean_length_bs,sd_length_bs,mean_length,sd_length
1990,21740,0,1,18.081499999999973,1.4902943012064485,17.46,2.13
1990,21740,0,2,26.64438000000001,0.7681791549033702,26.83,2.38
1990,21740,0,3,32.305679999999974,1.4427950140283303,33.13,3.11
1990,21740,0,4,42.72905999999999,1.240182333708106,41.55,3.51
1990,21740,0,5,46.83769999999996,0.5074843749137141,46.44,3.57
1990,21740,0,6,49.092419999999976,0.5320323867219382,49.08,4.12
1990,21740,0,7,51.77494,0.7703377420805418,52.96,4.52
1990,21740,0,8,53.323619999999984,0.8280623588476176,53.41,4.5
1990,21740,0,9,55.112280000000005,0.963530998759844,55.8,4.6
1990,21740,0,10,57.08865999999994,1.1239999805661143,58.21,3.59
1990,21740,0,11,58.162579999999984,1.2270409947534806,59.19,3.06
1990,21740,0,12,58.85775999999997,1.32563312751966,58.92,3.64
1990,21740,0,13,59.22166,1.6009851189508926,60.38,2.47
1990,21740,0,14,59.77661855670105,2.8622722777198706,58.52,6.28
1990,21740,0,15,61.59602298850574,4.296554084854351,NA,NA
1990,21740,0,16,63.68964577656674,4.100819874692711,62.87,2.67
1990,21740,0,17,64.42357414448674,4.239388927008637,NA,NA
1990,21740,0,18,64.52233333333332,4.4784914319018165,NA,NA
1990,21740,0,19,62.86358974358974,4.295204478423697,NA,NA
1990,21740,0,20,63.24541666666667,5.086986789981794,NA,NA
1990,21740,0,24,65.5,4.135214625627067,NA,NA
1990,21740,1,1,19.569700000000022,1.2806408520674202,18.74,1.68
1990,21740,1,2,26.62946000000002,0.4662762437342716,26.7,2.31
1990,21740,1,3,32.6492,1.959429531311691,33.5,3.31
1990,21740,1,4,41.59622000000004,1.3420999874646842,40.86,2.92
1990,21740,1,5,45.35652000000001,0.5957221326412484,44.98,3.42
1990,21740,1,6,47.518820000000005,0.6022895591209034,47.47,3.85
1990,21740,1,7,50.032299999999985,0.9184318942026007,51.75,4.31
1990,21740,1,8,51.120499999999936,1.0691633038692834,51.21,4.48
1990,21740,1,9,52.45394,1.502166863891608,53.65,4.03
1990,21740,1,10,54.19939999999993,1.8787911412141078,55.99,2.83
1990,21740,1,11,55.82261133603236,1.8842791119032245,55,0
1990,21740,1,12,57.06490909090912,1.662562878728773,57.45,2.65
1990,21740,1,13,57.55313025210084,2.0959617493116665,59.88,1.36
1990,21740,1,14,57.47281725888324,2.7214139851334633,55,0
1990,21740,1,15,58.234705882352955,2.740537013400048,NA,NA
1990,21740,1,16,60.00788888888888,2.079624211027976,61,0
1990,21740,1,17,60.09701923076922,2.0497505790997574,NA,NA
1990,21740,1,18,59.38620689655173,2.7281291519923943,NA,NA
1990,21740,1,19,59.8,2.2424476423255526,NA,NA
1990,21740,1,20,58.5,3.5355339059327378,NA,NA
1990,21740,1,24,61,0,NA,NA
1990,21740,2,1,20.050779999999985,1.6639386332284916,18.7,1.63
1990,21740,2,2,26.853500000000018,0.459584143732506,26.94,2.39
1990,21740,2,3,32.29997999999996,2.0714389003385234,32.81,2.79
1990,21740,2,4,43.92983999999998,1.5612209311919898,42.16,3.81
1990,21740,2,5,48.020300000000034,0.5674180438380029,47.62,3.33
1990,21740,2,6,50.341980000000056,0.6084576575589169,50.43,4.03
1990,21740,2,7,52.90435999999997,0.9440027928697521,53.86,4.54
1990,21740,2,8,54.95777999999994,1.0930982568819678,55.25,4.12
1990,21740,2,9,56.676439999999964,1.1826952534465713,57.24,4.37
1990,21740,2,10,58.03041999999998,1.0892773171913084,58.41,3.45
1990,21740,2,11,59.01111999999999,1.475764108863615,59.79,2.69
1990,21740,2,12,60.151459999999986,1.749466356769096,60.51,3.78
1990,21740,2,13,60.722323232323284,2.415079829647144,60.34,2.61
1990,21740,2,14,61.93064655172414,3.9361257020312634,69.51,2.3
1990,21740,2,15,65.06759999999998,4.217948293600412,NA,NA
1990,21740,2,16,66.44277439024388,3.601932702110743,65.34,2.17
1990,21740,2,17,66.71954545454544,3.387487021415495,NA,NA
1990,21740,2,18,67.64409836065573,3.2221288909917822,NA,NA
1990,21740,2,19,64.6032,4.336818841808667,NA,NA
1990,21740,2,20,67.80928571428572,4.35607173827647,NA,NA
1990,21740,2,24,68.75,1.5,NA,NA
1990,21740,3,1,15.669559999999983,1.8479176945989841,15.9,1.51
1990,21740,3,2,23.95405999999999,4.5017792648572845,25.88,1.92
1990,21740,3,3,31.149820000000034,4.285148628126014,31.4,3.6
1990,21740,3,4,46.23145790554415,3.4424540440573255,45.35,3
1990,21740,3,5,48.714036885245854,1.2660166859682507,48.19,2.51
1990,21740,3,6,50.56266802443996,1.0248792909391256,50.4,3.2
1990,21740,3,7,52.585723014256644,1.0211624211991268,53.06,3.79
1990,21740,3,8,53.49704684317716,1.0477517406552646,53.25,3.8
1990,21740,3,9,54.69910204081628,1.3468364849430463,54.31,3.57
1990,21740,3,10,56.37918200408997,1.419771449514256,57.11,3.36
1990,21740,3,11,57.352448979591884,1.7079405920285262,58.28,2.7
1990,21740,3,12,58.14685185185185,1.7187454567262663,58.02,3.62
1990,21740,3,13,58.8589352818371,2.237258276601342,60.46,3
1990,21740,3,14,59.29865934065932,3.2438852955997652,57.79,5.34
1990,21740,3,15,61.0355027932961,4.104315778518521,NA,NA
1990,21740,3,16,63.61435483870966,3.911519466125177,65.26,3.44
1990,21740,3,17,63.71864583333334,3.818257907029052,NA,NA
1990,21740,3,18,63.57033898305084,4.519861519888785,NA,NA
1990,21740,3,19,62.33,3.991980754566282,NA,NA
1990,21740,3,20,65.937,5.89518456972393,NA,NA
1990,21740,3,24,67.2,3.7013511046643495,NA,NA
1990,21740,4,1,18.04165954497062,1.5061266803419278,17.481291168952577,1.5927310884871204
1990,21740,4,2,26.573193707060017,0.7539726414259835,26.812433703629463,2.3462278817307785
1990,21740,4,3,32.378176600542396,1.5709596536421875,33.17210183271602,3.066545022460752
1990,21740,4,4,42.94036538145425,1.189323551304587,41.5804487806465,3.3885116211938207
1990,21740,4,5,46.985277718658814,0.4885800627495629,46.59812818499619,3.3468860207143005
1990,21740,4,6,49.196251799854025,0.521688543001069,49.216322705570086,3.9325634035185764
1990,21740,4,7,51.70241627147952,0.7746380143408861,53.00862322628092,4.424966143743477
1990,21740,4,8,53.23624856232143,0.8754909272606578,53.39010840348712,4.269081789661302
1990,21740,4,9,55.11764032847496,1.1308545150474087,55.760963140757084,4.214672252543263
1990,21740,4,10,57.057965655990884,1.070129074407445,58.0932438476811,3.375124149333834
1990,21740,4,11,58.07974728775786,1.2196507733683486,59.360412935075246,2.4700499640998306
1990,21740,4,12,58.935058296262454,1.3446509942538163,59.10582440215943,3.2845344535144196
1990,21740,4,13,59.34433212568074,1.6876812454698595,60.24880848128495,2.363914483242015
1990,21740,4,14,59.8331111502838,3.00767306362287,59.65654308013375,0.9742728022502617
1990,21740,4,15,62.077022098672174,4.277911013744752,NA,NA
1990,21740,4,16,63.84243414547967,3.780511141487703,63.870387423998515,1.476427283502952
1990,21740,4,17,64.2976156466859,4.00243911050226,NA,NA
1990,21740,4,18,64.81549703849278,4.652848007892178,NA,NA
1990,21740,4,19,62.95158306213428,4.393107247569956,NA,NA
1990,21740,4,20,66.70232549564123,5.27048565912788,NA,NA
1990,21740,4,24,66.16666666666667,4.167333280008532,NA,NA
1993,21740,0,1,18.074399999999994,0.6028641059646205,17.66,2.15
1993,21740,0,2,28.67795999999999,1.0966503190372439,28,3.12
1993,21740,0,3,39.984599999999986,1.0414950137794492,39.62,3.51
1993,21740,0,4,45.27967999999998,0.8073422450245015,45.03,3.92
1993,21740,0,5,47.375920000000015,0.4603594413395481,47.35,3.51
1993,21740,0,6,49.60263999999996,0.7466557573876199,50.19,4.54
1993,21740,0,7,53.14218000000001,0.950209051779748,53,4.44
1993,21740,0,8,55.870840000000015,0.694443228201117,56.25,3.44
1993,21740,0,9,56.48396000000002,0.7107366682697936,56.88,3.69
1993,21740,0,10,56.65989999999999,1.0295319626530535,55.45,4.41
1993,21740,0,11,57.847659999999976,1.4309351751042747,60.1,3.52
1993,21740,0,12,58.74619238476955,2.1572206039249013,59.2,2.42
1993,21740,0,13,58.78457905544145,2.6348098254462773,57.36,4.02
1993,21740,0,14,59.31745054945057,2.882515972514352,57.52,1.94
1993,21740,0,15,59.91645739910315,2.831803174574356,61.77,1.58
1993,21740,0,16,59.823650793650756,3.0426638382054683,58.76,2.46
1993,21740,0,17,60.45538904899136,3.5735623741366327,NA,NA
1993,21740,0,18,60.37008547008546,3.8056057779885024,NA,NA
1993,21740,0,19,61.506206896551724,3.614725255112861,NA,NA
1993,21740,0,20,60.89741935483872,5.360142390982996,NA,NA
1993,21740,0,21,65,NA,NA,NA
1993,21740,0,24,58.857142857142854,3.933978962347216,NA,NA
1993,21740,1,1,18.36544,0.6983065734626033,17.94,1.71
1993,21740,1,2,28.811660000000007,1.2080071220045134,28.22,3.16
1993,21740,1,3,39.86726000000006,1.4192502368749986,39.56,3.48
1993,21740,1,4,45.100379999999994,0.9696248761251959,45.12,4.16
1993,21740,1,5,46.45619999999999,0.5960679104832063,46.39,3.37
1993,21740,1,6,48.161860000000004,0.9945151890859413,48.41,3.48
1993,21740,1,7,51.75483999999999,1.3061322050520567,51.68,4.14
1993,21740,1,8,54.49471999999997,0.976144167873243,55.31,3.24
1993,21740,1,9,54.70551999999999,1.0094098007706203,55.11,3.16
1993,21740,1,10,54.742299999999986,1.5691678959791213,53.9,3.88
1993,21740,1,11,55.83016227180529,2.622499035867609,59.16,3.36
1993,21740,1,12,58.02370535714287,3.025457921635409,60.06,2.07
1993,21740,1,13,58.54989333333337,2.814882049244452,59,0
1993,21740,1,14,57.7834169278997,2.068375365514809,56.81,0.98
1993,21740,1,15,58.058975903614474,1.7735896075739581,NA,NA
1993,21740,1,16,57.97552112676053,1.6335554258593918,57.79,1.69
1993,21740,1,17,58.14797570850202,1.6441767009046713,NA,NA
1993,21740,1,18,58.145,1.5196776806825048,NA,NA
1993,21740,1,19,59.39913043478261,2.195149431739895,NA,NA
1993,21740,1,20,57.857142857142854,2.4133329285815135,NA,NA
1993,21740,1,24,58.714285714285715,2.2886885410853175,NA,NA
1993,21740,2,1,18.87840000000001,1.2634744855164675,18.05,1.99
1993,21740,2,2,28.84544000000001,1.3647766252664746,27.97,3.08
1993,21740,2,3,40.01902,1.279258944269293,39.69,3.61
1993,21740,2,4,45.574460000000016,1.0570182986909615,45.03,3.84
1993,21740,2,5,47.96641999999997,0.5798705746688078,47.91,3.47
1993,21740,2,6,50.59117999999997,1.0148846186529565,51.66,4.8
1993,21740,2,7,54.03856000000001,1.3082868015501115,53.92,4.25
1993,21740,2,8,56.889600000000016,0.8566111166745509,56.92,3.51
1993,21740,2,9,57.55822000000001,0.9374376834866633,58,3.5
1993,21740,2,10,57.955020000000005,1.3209886531092105,56.8,4.28
1993,21740,2,11,58.928520000000034,1.8196730006400923,60.28,3.45
1993,21740,2,12,59.48282565130265,2.3517342638688463,58.86,2.43
1993,21740,2,13,59.822331932773174,3.627874050954454,57.09,4.35
1993,21740,2,14,61.438595238095175,4.0281285062649665,63,0
1993,21740,2,15,62.57874673629243,3.246852280920538,61.52,1.34
1993,21740,2,16,63.57337142857145,3.6265978680579596,62.19,2.42
1993,21740,2,17,64.471862745098,3.1817966639345356,NA,NA
1993,21740,2,18,64.54893333333334,3.2745053570475853,NA,NA
1993,21740,2,19,62.5995652173913,3.5703227232038963,NA,NA
1993,21740,2,20,65.3157894736842,2.7899150042598344,NA,NA
1993,21740,2,24,66,NA,NA,NA
1993,21740,3,1,16.77568,1.2183303308997855,16.81,2.59
1993,21740,3,2,19.9367203219316,3.6089262527560955,21.13,2.15
1993,21740,3,3,38.98193899782133,7.857857299623656,41.85,3.04
1993,21740,3,4,46.964680851063804,3.4527851015005693,48.35,3.63
1993,21740,3,5,48.18815789473685,3.243767121061703,49.74,3.2
1993,21740,3,6,49.773615960099725,3.6822649473041236,51.79,3.32
1993,21740,3,7,52.71377840909093,2.9018098658882048,53.67,2.95
1993,21740,3,8,54.388562874251484,1.609929316132191,54.68,2.27
1993,21740,3,9,54.752887537993914,0.5503489935965736,54.99,2.27
1993,21740,3,10,54.72857142857148,0.7873977451448749,54.16,2.49
1993,21740,3,11,55.11920972644374,1.475174022938951,56.36,2.28
1993,21740,3,12,56.23958333333334,1.7076795013136568,57.46,0.5
1993,21740,3,13,56.42873684210524,1.910595498627932,55.1,2.14
1993,21740,3,14,56.862244897959194,1.8385004417202133,56.51,0.87
1993,21740,3,15,57.98215999999998,1.9656443128548549,61,0
1993,21740,3,16,57.883855421686775,1.6955688202411945,57.25,1.58
1993,21740,3,17,58.18206703910616,1.6233221851588255,NA,NA
1993,21740,3,18,58.468474576271184,1.5694747787839858,NA,NA
1993,21740,3,19,59.113,1.9352168381156454,NA,NA
1993,21740,3,20,59,1.8257418583505538,NA,NA
1993,21740,3,24,60,1.7320508075688772,NA,NA
1993,21740,4,1,18.085972441020512,0.6537630671654812,17.662395689100663,2.0593139794760313
1993,21740,4,2,28.706683655267792,1.12172154027517,28.049326381335682,3.1139970556757595
1993,21740,4,3,40.00705568776325,1.0937408583503772,39.63156543430169,3.5496005167884395
1993,21740,4,4,45.37014511424122,0.8556153066701297,45.08591263032218,4.008122086032018
1993,21740,4,5,47.36479473291972,0.45519432577406155,47.316917304783814,3.429502658263141
1993,21740,4,6,49.61039574362834,0.8215767203019325,50.33090518695607,4.25246508169871
1993,21740,4,7,52.97132918672126,0.9985492880364326,52.827017484188204,4.188432142573839
1993,21740,4,8,55.793061398915334,0.6905861810659791,56.15890123774332,3.3767682081814367
1993,21740,4,9,56.39277440812366,0.7545251204464976,56.91426717739545,3.367530193951691
1993,21740,4,10,56.551436794478924,1.0339046820771536,55.38597659713044,4.076767846995411
1993,21740,4,11,57.66088142700265,1.5846004577514272,60.06317082657644,3.4307974489631783
1993,21740,4,12,58.747539041653475,1.8942590317649939,59.098084123377525,2.351374339171092
1993,21740,4,13,58.74782658106052,2.6428801925164604,57.38010032625871,3.6430284222604774
1993,21740,4,14,59.231479015523426,2.909894290522951,57.65152304019565,0.8457730434492307
1993,21740,4,15,59.97939724105243,2.7677141998115697,61.51948652438533,1.338676812839093
1993,21740,4,16,59.89407280020538,2.871381073762256,58.92411985708859,1.878068329839423
1993,21740,4,17,60.159541789737354,3.191938795101553,NA,NA
1993,21740,4,18,60.74183193009708,3.56357240022975,NA,NA
1993,21740,4,19,60.81287588452083,3.2359625490140793,NA,NA
1993,21740,4,20,61.809034207429754,4.39201256864102,NA,NA
1993,21740,4,24,59.625,3.3354160160315836,NA,NA
1996,21740,0,1,15.987180000000011,0.35141261966314896,15.82,1.82
1996,21740,0,2,23.418499999999987,0.4652195271233072,23.37,2.37
1996,21740,0,3,32.14746,2.588961411605349,34.37,5.9
1996,21740,0,4,45.423400000000015,1.506202686581767,45.33,4.63
1996,21740,0,5,50.35796,0.7692891849624562,50.21,2.91
1996,21740,0,6,52.05836000000001,0.4958477997137446,51.41,3.13
1996,21740,0,7,53.19293999999996,0.44669612855108237,52.95,3.18
1996,21740,0,8,54.43875999999997,0.5659712973454021,54.7,3.47
1996,21740,0,9,55.574520000000014,0.7073954950186956,55.9,3.21
1996,21740,0,10,56.54246000000002,1.0962011961884779,56.58,4.6
1996,21740,0,11,57.73717999999995,1.5577829190377237,58.65,4.09
1996,21740,0,12,58.57831999999996,1.7261622315701959,58.61,5
1996,21740,0,13,59.36952,1.8763049886467928,60.38,2.73
1996,21740,0,14,59.72841999999999,1.9113326472849133,59.06,3.74
1996,21740,0,15,60.13457142857142,2.4390617895182434,61.39,1
1996,21740,0,16,60.84752913752913,3.070353712189759,57,0
1996,21740,0,17,62.12279487179486,3.097061155100302,62.77,1.31
1996,21740,0,18,63.42839285714282,3.0577352272003635,66,0
1996,21740,0,19,63.652932330827085,2.9672749926068245,NA,NA
1996,21740,0,20,63.35241379310345,3.881304691514747,NA,NA
1996,21740,0,21,63.27272727272727,2.101947149236112,NA,NA
1996,21740,0,22,63.5,1.5811388300841898,NA,NA
1996,21740,0,23,63.8,1.6431676725154982,NA,NA
1996,21740,0,24,57,NA,NA,NA
1996,21740,0,26,66,0,NA,NA
1996,21740,1,1,16.380980000000005,0.33774870536532325,16.23,1.57
1996,21740,1,2,23.53163999999999,0.5291049181673307,23.32,2.29
1996,21740,1,3,32.43594000000001,3.470449907652183,34.59,5.75
1996,21740,1,4,44.31173999999999,2.0749957076518366,44.32,4.07
1996,21740,1,5,49.16882000000004,1.0593587161008102,48.95,2.55
1996,21740,1,6,50.92438000000002,0.594970078565954,50.37,2.65
1996,21740,1,7,51.92368000000005,0.5319273926977293,51.82,2.8
1996,21740,1,8,52.81228000000001,0.6763813903193531,52.89,3.31
1996,21740,1,9,53.989940000000004,0.9574394900745993,54.78,2.81
1996,21740,1,10,54.533559999999966,1.544396856283837,53.76,3.9
1996,21740,1,11,56.242044088176364,2.363069066215998,58.77,4.83
1996,21740,1,12,57.076973947895816,2.6592621083991164,56.82,4.39
1996,21740,1,13,57.53985915492962,2.402460554097328,59.26,2.11
1996,21740,1,14,57.480550847457536,2.1295613499161288,56.25,1.07
1996,21740,1,15,58.29319148936164,2.7273955040948463,64,0
1996,21740,1,16,59.4594670846395,3.2950242692936156,57,0
1996,21740,1,17,61.559189189189205,3.2944860998934575,62,0
1996,21740,1,18,62.98281690140846,3.4092793115061633,66,0
1996,21740,1,19,63.158024691358015,3.8086787143815,NA,NA
1996,21740,1,20,64.08571428571429,3.6651894146657895,NA,NA
1996,21740,1,21,64,2.1081851067789197,NA,NA
1996,21740,1,22,62,0,NA,NA
1996,21740,1,23,62,NA,NA,NA
1996,21740,1,26,66,0,NA,NA
1996,21740,2,1,16.708399999999987,0.505304368682896,16.61,1.91
1996,21740,2,2,23.69824000000002,0.558295881215296,23.54,2.33
1996,21740,2,3,32.67519999999997,3.1096217865378133,34.68,5.86
1996,21740,2,4,46.06851999999997,2.163864605205076,45.71,4.9
1996,21740,2,5,51.41406000000005,0.9927802080435355,51.27,2.95
1996,21740,2,6,53.22706000000003,0.7464840475633306,52.61,3.15
1996,21740,2,7,54.46863999999997,0.6070766298161525,54.26,3.25
1996,21740,2,8,55.82236000000002,0.7063298337661637,56.26,2.98
1996,21740,2,9,56.70869999999996,1.0078515960593397,56.43,3.31
1996,21740,2,10,58.06965999999994,1.4743415650726943,59.55,3.89
1996,21740,2,11,59.32032064128252,2.135160212707822,58.63,3.6
1996,21740,2,12,60.2783,2.4454950013449643,60.27,5.46
1996,21740,2,13,61.28414000000002,2.174072086955388,61.24,3.01
1996,21740,2,14,61.997208835341375,1.9269237273092708,62.32,3.02
1996,21740,2,15,62.4104883227176,2.6632329528288667,61,0
1996,21740,2,16,62.894000000000034,2.6932985233599984,NA,NA
1996,21740,2,17,63.663211382113836,2.7908841134534876,65,0
1996,21740,2,18,64.21260869565218,1.8677860460874018,NA,NA
1996,21740,2,19,64.02235294117648,3.018448997902926,NA,NA
1996,21740,2,20,63.152,1.8318078501851665,NA,NA
1996,21740,2,21,63.857142857142854,1.9518001458970664,NA,NA
1996,21740,2,22,65,0,NA,NA
1996,21740,2,23,65,NA,NA,NA
1996,21740,3,1,15.277660000000001,0.3850876645892954,15.17,1.6
1996,21740,3,2,19.08794,1.613275572413185,20.04,1.25
1996,21740,3,3,21.520552016985167,1.312340816264265,23,0
1996,21740,3,4,35.317190082644636,15.138630949942847,NA,NA
1996,21740,3,5,52.191989247311824,4.5442181642399255,53,0
1996,21740,3,6,53,0,53,0
1996,21740,3,7,53,0,53,0
1996,21740,3,8,53,0,53,0
1996,21740,3,9,53,0,53,0
1996,21740,3,10,53,0,53,0
1996,21740,3,11,53,0,NA,NA
1996,21740,3,12,53,0,NA,NA
1996,21740,3,13,53,0,NA,NA
1996,21740,3,14,53,0,NA,NA
1996,21740,3,15,53,NA,NA,NA
1996,21740,4,1,15.966627353911027,0.3355753049814932,15.84270061787058,1.676841482632676
1996,21740,4,2,23.44627607868995,0.47638195099908587,23.36752899573853,2.2900100988357215
1996,21740,4,3,32.31189387389692,2.670947504416505,34.63199226410339,5.805123958482618
1996,21740,4,4,45.47122124040734,1.6216199814308931,45.074818127506134,4.52071873800726
1996,21740,4,5,50.55734014430235,0.7982991274063483,50.3822838751214,2.7967748679809414
1996,21740,4,6,52.13304057064682,0.5492068218730886,51.517507395828645,2.906070757106567
1996,21740,4,7,53.20506943046089,0.47762377077006307,53.03865821236503,3.0243637688239664
1996,21740,4,8,54.377042055297785,0.5819976537388215,54.6333872511038,3.1390767832201005
1996,21740,4,9,55.42486356252806,0.7919293358361469,55.75128238288253,3.104129520800686
1996,21740,4,10,56.24572907537875,1.158357640858231,56.31606564539199,3.8953665079862687
1996,21740,4,11,57.67376273125567,1.6332625379772543,58.66686580387741,3.9238924197800067
1996,21740,4,12,58.444051843365145,1.8731011909315114,58.29944221334056,4.848841498050548
1996,21740,4,13,59.403511610321424,1.9485027965584956,60.69970720130672,2.7644123642303287
1996,21740,4,14,59.95401530484404,1.7191674702655286,59.80566279624899,2.2122639955000882
1996,21740,4,15,60.47511518845381,2.4773878114558907,61.206555071108404,0
1996,21740,4,16,60.90094966213928,3.053751990656449,57,0
1996,21740,4,17,62.16937403055877,3.0791446455600453,62.91722909364771,0
1996,21740,4,18,63.20198371899859,3.009422245649852,66,0
1996,21740,4,19,63.33133477828882,3.523847353101806,NA,NA
1996,21740,4,20,64.0061266793831,3.514052691419806,NA,NA
1996,21740,4,21,63.908784995065396,1.9999473744751821,NA,NA
1996,21740,4,22,62.857142857142854,1.4638501094227998,NA,NA
1996,21740,4,23,63.5,2.1213203435596424,NA,NA
1996,21740,4,26,66,0,NA,NA
1999,21740,0,1,15.765279999999992,0.3771527674829393,15.75,2.21
1999,21740,0,2,26.999000000000013,1.2600277536148796,27.38,3.69
1999,21740,0,3,38.03249999999999,1.470996128213272,37.3,4.68
1999,21740,0,4,44.22876000000001,0.7361085340816907,43.97,3.75
1999,21740,0,5,46.651519999999984,0.7504390762842968,46.66,3.66
1999,21740,0,6,48.45008000000006,0.9349673370994762,48.55,4.2
1999,21740,0,7,50.83511999999996,1.0698188680430167,49.83,4.16
1999,21740,0,8,53.795020000000015,0.9545191528861289,53.67,4.37
1999,21740,0,9,55.74565999999995,0.7501274203049684,56.03,4.12
1999,21740,0,10,56.49259999999998,0.6127751845935893,56.83,4.09
1999,21740,0,11,56.883640000000014,0.7096037100033376,57.19,3.66
1999,21740,0,12,57.068299999999994,0.9549630457968912,57.46,3.86
1999,21740,0,13,57.361239999999945,1.719391251271769,56.32,3.29
1999,21740,0,14,58.05469387755103,2.988030383165319,57.64,4.18
1999,21740,0,15,59.98804295942725,4.1244719526385705,65,0
1999,21740,0,16,62.17243161094229,4.849605419802542,68,0
1999,21740,0,17,64.16809734513275,4.048812655504166,65,0
1999,21740,0,18,64.25924528301887,3.3940282845618874,NA,NA
1999,21740,0,19,63.9765625,3.8543855285141566,NA,NA
1999,21740,0,20,61.324999999999996,6.870920607895277,NA,NA
1999,21740,0,21,65,0,NA,NA
1999,21740,0,22,65,0,NA,NA
1999,21740,0,23,65,0,NA,NA
1999,21740,0,24,68,0,NA,NA
1999,21740,1,1,16.497040000000005,0.30517848255148144,16.52,1.7
1999,21740,1,2,27.06721999999999,1.610330525203072,27.06,3.81
1999,21740,1,3,37.98542000000001,1.9828776136871695,37.96,4.7
1999,21740,1,4,43.286239999999985,1.0628591635786966,43.06,3.56
1999,21740,1,5,45.96728000000002,0.9110467682990023,46,3.14
1999,21740,1,6,47.81837999999999,1.2772981471502363,47.72,3.69
1999,21740,1,7,50.246820000000014,1.5811743459291416,49.82,4.45
1999,21740,1,8,53.01376000000003,1.294840951073588,53,3.88
1999,21740,1,9,54.69812000000003,0.93747051555506,55.03,3.02
1999,21740,1,10,55.32217999999998,0.8940208017646882,55.47,3.41
1999,21740,1,11,55.67282000000002,0.9199533008536374,56.02,3.01
1999,21740,1,12,55.80498997996,1.3659561834407867,56,3.21
1999,21740,1,13,56.160588235294114,2.537952382443841,56.17,4.06
1999,21740,1,14,56.93676886792453,4.037630930431361,53,0
1999,21740,1,15,59.02524647887322,4.961000868878405,65,0
1999,21740,1,16,59.18943661971832,5.291160804499804,NA,NA
1999,21740,1,17,59.076307692307694,5.218730859016026,NA,NA
1999,21740,1,18,57.05882352941177,4.801960383990248,NA,NA
1999,21740,1,19,59.691818181818185,4.980033771334925,NA,NA
1999,21740,1,20,58.25,4.978525312350464,NA,NA
1999,21740,2,1,16.57881999999999,0.30557939251569394,16.58,1.62
1999,21740,2,2,27.74445999999999,1.4113880901729914,27.68,3.6
1999,21740,2,3,38.0346,1.837255959010022,36.73,4.57
1999,21740,2,4,44.56018000000003,0.8398058796119862,44.41,3.75
1999,21740,2,5,46.61062000000005,0.6704506123849053,46.66,3.67
1999,21740,2,6,48.63798000000001,1.151466834669017,48.92,4.31
1999,21740,2,7,51.51726000000006,1.4994356628458683,50.22,3.7
1999,21740,2,8,54.82170000000001,1.6238661251423314,54.05,4.97
1999,21740,2,9,57.465599999999945,1.4342830179400097,58.46,4.91
1999,21740,2,10,58.46768000000004,1.1504894042704945,59.2,4.43
1999,21740,2,11,58.81876000000001,1.1510412043485745,59.15,3.91
1999,21740,2,12,59.14398000000004,1.572641714926529,61.53,2.99
1999,21740,2,13,58.90919354838705,2.4451077840444286,57.06,3.32
1999,21740,2,14,60.17631465517237,3.260768966159714,61.4,2.18
1999,21740,2,15,61.66637462235647,4.2303490971166005,NA,NA
1999,21740,2,16,64.00004032258067,4.123344471905669,68,0
1999,21740,2,17,65.09586206896552,2.721146129502892,65,0
1999,21740,2,18,64.96039999999999,2.1592020224465736,NA,NA
1999,21740,2,19,65.33151515151515,1.2376492869855165,NA,NA
1999,21740,2,20,63.95272727272727,4.076344173175496,NA,NA
1999,21740,2,21,65,0,NA,NA
1999,21740,2,22,65,0,NA,NA
1999,21740,2,23,65,0,NA,NA
1999,21740,2,24,68,0,NA,NA
1999,21740,3,1,13.347700000000005,0.37185192982614845,13.21,1.8
1999,21740,3,2,21.228886639676112,4.819541755558683,27.11,1.86
1999,21740,3,3,27.768019559902207,3.1751782780901747,29.77,3.9
1999,21740,3,4,35.37477744807123,8.002375727659427,37,0
1999,21740,3,5,45.35508928571429,8.417482694807124,44.29,8.29
1999,21740,3,6,49.91971631205673,6.671950841628988,53,0
1999,21740,3,7,53.03187499999998,2.5933828152757656,53.61,0.49
1999,21740,3,8,53.43909385113269,1.8448386638697767,53.7,0.46
1999,21740,3,9,53.622903225806425,0.3282807381367838,53.58,0.49
1999,21740,3,10,53.629417475728175,0.33075128542530335,53.62,0.48
1999,21740,3,11,53.658859060402655,0.34807799389426736,53.74,0.44
1999,21740,3,12,53.69611320754717,0.3783651865701088,54,0
1999,21740,3,13,53.689951456310695,0.42664830729749775,54,0
1999,21740,3,14,53.55124031007751,0.46991855636099655,53,0
1999,21740,3,15,53.48066666666667,0.5015767229841792,NA,NA
1999,21740,3,16,53.473684210526315,0.5129891760425771,NA,NA
1999,21740,3,17,53.666666666666664,0.5773502691896258,NA,NA
1999,21740,3,18,53.333333333333336,0.5773502691896258,NA,NA
1999,21740,4,1,15.733258113120003,0.38039067962303863,15.777085474294458,1.6940653519186621
1999,21740,4,2,27.15657354180833,1.257780560107422,27.362276927832454,3.655826862560817
1999,21740,4,3,38.10401386299218,1.529453300513381,37.359282962432985,4.6368265398817305
1999,21740,4,4,44.09039523140686,0.702897573720604,43.8664575695429,3.6731783523817736
1999,21740,4,5,46.34595271423619,0.5982715131416727,46.33233966121382,3.407479782636925
1999,21740,4,6,48.209069731731134,0.9041763509887215,48.204459073714695,3.940223650156598
1999,21740,4,7,50.69818167731166,1.1567941161263628,49.907006597157206,4.2871458206896715
1999,21740,4,8,53.633808539713975,0.9926101851167025,53.43020995103439,4.325629728261373
1999,21740,4,9,55.5003790795877,0.7689600964154596,55.70328753178853,3.3907268791213445
1999,21740,4,10,56.29341109037042,0.7394495765117717,56.557695935888695,3.7070436284963204
1999,21740,4,11,56.7293473169415,0.7470392079844871,57.03817858670745,3.3024359649575468
1999,21740,4,12,56.930647796875085,1.1097696235240206,57.05131971459472,3.16765600879862
1999,21740,4,13,56.98914162715692,1.7503830711042265,56.56683334272564,3.728671569680761
1999,21740,4,14,58.00388578144297,3.103243736453406,56.57154652767639,0.9269013607541117
1999,21740,4,15,60.02676773912961,4.370675831956456,65,0
1999,21740,4,16,62.34482036573538,5.043511792169722,68,0
1999,21740,4,17,63.8449420387634,4.106376882760111,65,0
1999,21740,4,18,63.92277210845644,3.8080445502617764,NA,NA
1999,21740,4,19,64.14472038470936,3.1149342286202537,NA,NA
1999,21740,4,20,61.41392208806157,5.3511304057007,NA,NA
1999,21740,4,21,65,0,NA,NA
1999,21740,4,22,65,0,NA,NA
1999,21740,4,23,65,0,NA,NA
1999,21740,4,24,68,0,NA,NA
2001,21740,0,1,16.30116000000001,0.7048064689809784,16.23,2.69
2001,21740,0,2,23.97988000000002,0.8530113964566768,24.32,3.76
2001,21740,0,3,35.73004,2.293142254898811,37.89,5.91
2001,21740,0,4,45.06333999999996,1.2907942298785564,45.4,4.06
2001,21740,0,5,49.87911999999996,1.1806518127737797,49.69,4.58
2001,21740,0,6,52.76650000000004,0.996365112232332,52.51,4.09
2001,21740,0,7,54.33795999999997,0.987692924458838,54.56,4.51
2001,21740,0,8,55.600020000000015,1.2796078274158718,57.73,5.09
2001,21740,0,9,56.15392000000001,1.5592288551863358,55.78,2.75
2001,21740,0,10,56.84824949698191,1.9878388213236098,57.43,1.5
2001,21740,0,11,57.97981781376516,2.2464048733874717,57.04,2.29
2001,21740,0,12,59.560991902834076,2.6241360652953567,60.72,4.03
2001,21740,0,13,59.96946695095948,3.224274306060461,59.7,3.31
2001,21740,0,14,60.89361516034984,3.5501767179477675,NA,NA
2001,21740,0,15,62.153755274261606,3.243455834972146,64,0
2001,21740,0,16,62.19300813008129,3.1605200171208985,NA,NA
2001,21740,0,17,62.89736842105264,3.2665426670613953,NA,NA
2001,21740,0,18,63.5,0.8366600265340756,NA,NA
2001,21740,0,19,61.295,3.445178825962034,NA,NA
2001,21740,0,20,62,4,NA,NA
2001,21740,0,21,64,0,NA,NA
2001,21740,1,1,17.152260000000005,0.5089242578227144,17.11,2.29
2001,21740,1,2,23.634359999999994,0.7824276173248906,24.09,3.51
2001,21740,1,3,35.943659999999994,2.96504262362615,38.5,5.39
2001,21740,1,4,45.25747999999997,1.886743451373982,45.15,3.84
2001,21740,1,5,49.42323999999995,1.103653752592371,49.34,3.04
2001,21740,1,6,50.98013999999998,1.0118225883526228,50.81,3.34
2001,21740,1,7,52.07718000000003,1.4009801348615023,51.63,4.41
2001,21740,1,8,53.26390000000003,1.8860274624666409,54.53,4.91
2001,21740,1,9,54.87788000000001,1.7900708961453045,54.9,2.26
2001,21740,1,10,55.84513513513516,1.69946879949308,57.16,1.46
2001,21740,1,11,56.30497835497839,2.056524641330163,56.64,1.8
2001,21740,1,12,56.940307692307705,2.4371941497589216,57.26,3.57
2001,21740,1,13,57.428587896253575,2.4680765298963747,57.33,1.88
2001,21740,1,14,57.97005494505492,2.8906745656469486,NA,NA
2001,21740,1,15,57.810317460317464,2.9309053804594836,NA,NA
2001,21740,1,16,57.87695652173913,2.884210045910805,NA,NA
2001,21740,1,17,59.3,3.0568684048294332,NA,NA
2001,21740,1,19,60,5.656854249492381,NA,NA
2001,21740,1,20,56,NA,NA,NA
2001,21740,2,1,17.096580000000003,0.5552125950042043,17.11,2.31
2001,21740,2,2,23.87045999999999,0.8494744269276198,24.5,4.15
2001,21740,2,3,34.98155999999998,3.065101901361758,37.07,6.29
2001,21740,2,4,45.600660000000055,1.5414728156158204,45.79,3.95
2001,21740,2,5,50.96483999999999,1.6579211016083717,50.62,5.7
2001,21740,2,6,54.29377999999998,1.0004153003359617,54.24,3.9
2001,21740,2,7,55.66563999999997,0.8185336799242536,55.9,4.04
2001,21740,2,8,56.895160000000004,1.2496170853986595,59.29,4.69
2001,21740,2,9,57.652937625754575,2.1227086845368257,57.83,2.86
2001,21740,2,10,59.20082039911311,3.224397410181157,NA,NA
2001,21740,2,11,61.73279620853083,3.5407369700264315,62,0
2001,21740,2,12,61.96625531914894,2.7017090103236847,62.54,2.88
2001,21740,2,13,61.94788029925188,3.1734615557204897,60.97,3.84
2001,21740,2,14,62.529044368600665,3.5383126794967823,NA,NA
2001,21740,2,15,63.687837837837826,2.8400837548266216,64,0
2001,21740,2,16,63.72354838709678,1.375249104045052,NA,NA
2001,21740,2,17,63.23434782608696,3.697395270651978,NA,NA
2001,21740,2,18,63.1888888888889,1.3678856352455453,NA,NA
2001,21740,2,19,63.48444444444445,4.20263938231414,NA,NA
2001,21740,2,20,64,0,NA,NA
2001,21740,2,21,64,0,NA,NA
2001,21740,3,1,13.391040000000004,0.4005678814574511,13.19,1.14
2001,21740,3,2,15.500551020408153,2.7859882949503185,21.6,2.97
2001,21740,3,3,26.64428152492668,5.257008920583914,33,0
2001,21740,3,4,29.63057971014493,5.20294540000802,NA,NA
2001,21740,3,5,33,0,NA,NA
2001,21740,4,1,16.26656982720249,0.7163072785058001,16.194524709289894,2.0291614476781343
2001,21740,4,2,23.618264414846685,0.6967144781989056,24.305571125691756,3.8483369948428887
2001,21740,4,3,35.460426901133474,2.649475657697727,37.885232017401194,5.774075391006422
2001,21740,4,4,45.44245893059588,1.3589956671492434,45.439576460930844,3.8897709542224894
2001,21740,4,5,50.11216762396287,1.0089500638934585,49.8574529401173,4.115331891181249
2001,21740,4,6,52.67761880837293,0.9370471003419565,52.338937480710754,3.5896224458303276
2001,21740,4,7,54.28144764157801,1.0073118397285634,54.34409204541244,4.174821063980655
2001,21740,4,8,55.313707030544315,1.3411948338497586,57.42468186482496,4.776212182718174
2001,21740,4,9,55.87717883332187,1.5644969665357846,55.50717115243266,2.384335389576655
2001,21740,4,10,56.76501119880831,1.821075276251055,57.15999999999999,1.46
2001,21740,4,11,57.74138231475223,2.50714326809511,56.92248091932412,1.705137004704586
2001,21740,4,12,58.901471090773036,2.479386915974984,60.10592616603666,3.198089194211118
2001,21740,4,13,59.73449546635117,3.105635084480589,59.42963792444144,3.010574267006922
2001,21740,4,14,60.79017838828765,3.7025436916237973,NA,NA
2001,21740,4,15,62.36521468125469,3.2576377930404052,64,0
2001,21740,4,16,62.64086075198458,2.8094807105833364,NA,NA
2001,21740,4,17,62.78277760231323,3.6846339379483557,NA,NA
2001,21740,4,18,63.1888888888889,1.3678856352455453,NA,NA
2001,21740,4,19,61.83213757348102,2.6165619575727863,NA,NA
2001,21740,4,20,62.4,3.5777087639996634,NA,NA
2001,21740,4,21,64,0,NA,NA
2003,21740,0,1,19.523420000000016,0.6746480590702195,19.27,2.78
2003,21740,0,2,29.063999999999993,3.1955833122312463,25.5,7.22
2003,21740,0,3,39.63879999999999,0.4712624923260353,39.38,3.23
2003,21740,0,4,42.72802000000002,0.575860321449255,42.67,4.71
2003,21740,0,5,46.00166000000004,0.7480581705007343,46.41,4.67
2003,21740,0,6,49.58463999999998,0.7690634483416502,50.07,3.69
2003,21740,0,7,52.754039999999996,0.8253018385107951,53.62,3.49
2003,21740,0,8,54.01538000000003,1.0490696592218267,53.57,4.23
2003,21740,0,9,55.803819999999966,1.3001609302270924,57.63,4.73
2003,21740,0,10,57.138300000000015,1.6449688005276633,58.19,4.44
2003,21740,0,11,58.29885080645163,2.4859762811872543,61.54,4.8
2003,21740,0,12,59.36713665943601,3.3790874187356432,62.26,2.91
2003,21740,0,13,59.866495956873315,2.784394662120129,58.97,1
2003,21740,0,14,59.569064039408886,3.223620375844808,NA,NA
2003,21740,0,15,60.01825581395349,2.86918688701396,NA,NA
2003,21740,0,16,59.80206896551724,2.393824464429767,NA,NA
2003,21740,0,17,60.666666666666664,3.605551275463989,NA,NA
2003,21740,0,18,60,0,NA,NA
2003,21740,0,19,60,NA,NA,NA
2003,21740,0,20,57.333333333333336,6.110100926607787,NA,NA
2003,21740,1,1,20.31099999999999,0.47079538718342,20.23,2.08
2003,21740,1,2,31.794120000000007,3.3233264092539705,28.43,6.45
2003,21740,1,3,39.66275999999999,0.7335077707150749,39.44,3.61
2003,21740,1,4,41.806139999999985,0.8158593956724493,41.88,4.68
2003,21740,1,5,45.23990000000004,0.8604706907380626,45.62,4.3
2003,21740,1,6,48.82663999999995,0.9708704802283142,49.48,2.96
2003,21740,1,7,51.63569999999999,0.9663030545260491,52.54,3.19
2003,21740,1,8,52.83138000000001,1.2394298157363621,53.01,3.53
2003,21740,1,9,53.87294589178353,1.7301481989237548,55.64,3.91
2003,21740,1,10,54.80796780684104,2.2722791455035938,54.47,3.31
2003,21740,1,11,55.95742528735633,2.875855519403487,56.34,2.93
2003,21740,1,12,57.29231012658227,3.246599301935134,60,0
2003,21740,1,13,58.05967136150235,2.1592247003453875,58,0
2003,21740,1,14,58.15185185185186,1.5344213486012466,NA,NA
2003,21740,1,15,57.6,2,NA,NA
2003,21740,1,16,58.8,1.01418510567422,NA,NA
2003,21740,1,17,58.8,1.0954451150103321,NA,NA
2003,21740,1,19,60,NA,NA,NA
2003,21740,1,20,55,NA,NA,NA
2003,21740,2,1,20.050500000000003,0.4535638768473097,19.81,2.19
2003,21740,2,2,30.766060000000007,3.29535956546952,27.62,5.16
2003,21740,2,3,39.81318000000003,0.6284469577915985,39.32,2.88
2003,21740,2,4,43.405820000000006,0.7246379288001088,43.37,4.65
2003,21740,2,5,46.46245999999998,0.9551370173141062,46.88,5.1
2003,21740,2,6,50.02724000000004,1.1197154584159454,50.48,4.21
2003,21740,2,7,53.47842000000004,1.1276089337242898,54.65,3.58
2003,21740,2,8,54.70502000000005,1.3563353164248,54.09,4.34
2003,21740,2,9,56.785039999999974,1.6308735375223862,58.04,3.94
2003,21740,2,10,58.38904000000004,2.0302097876731677,59.53,3.86
2003,21740,2,11,59.8189648033127,3.1065805815312446,62.83,4.39
2003,21740,2,12,61.0153588516747,3.5067473831238773,62.8,2.99
2003,21740,2,13,61.14440860215054,3.1374346147673142,60,0
2003,21740,2,14,60.86724832214766,3.1487356662679025,NA,NA
2003,21740,2,15,61.68000000000001,3.19668386849592,NA,NA
2003,21740,2,16,61.055,2.126637408367178,NA,NA
2003,21740,2,17,62.4,3.286335345030997,NA,NA
2003,21740,2,18,60,NA,NA,NA
2003,21740,2,19,62,3.4641016151377544,NA,NA
2003,21740,2,20,63,NA,NA,NA
2003,21740,3,1,15.52140280561122,0.7677610724238773,15.09,1.25
2003,21740,3,2,15.478438818565396,2.1247009214858124,15.01,1.34
2003,21740,3,3,17.789473684210524,7.780115889905709,NA,NA
2003,21740,3,4,55.00205882352941,13.04784291458583,NA,NA
2003,21740,3,5,59,0,59,0
2003,21740,3,6,59,0,59,0
2003,21740,3,7,59,0,59,0
2003,21740,3,8,59,0,NA,NA
2003,21740,3,9,59,0,59,0
2003,21740,3,10,59,0,59,0
2003,21740,3,11,59,0,59,0
2003,21740,3,12,59,0,NA,NA
2003,21740,3,13,59,0,NA,NA
2003,21740,3,14,59,0,NA,NA
2003,21740,3,15,59,0,NA,NA
2003,21740,4,1,19.55993036718472,0.6903401101933778,19.259614612130438,2.0024317880277342
2003,21740,4,2,29.46219839205771,3.130333624049404,25.95623315709881,4.982686792961561
2003,21740,4,3,39.71800586763603,0.5637061074751674,39.379112068036264,3.239598413887294
2003,21740,4,4,42.71598876570676,0.5854799221817375,42.7190623496761,4.66310612718773
2003,21740,4,5,45.88818069009952,0.7019237216204334,46.254288311714774,4.702567471061547
2003,21740,4,6,49.46882603355658,0.8008638297976627,50.02587914458216,3.6420502193658097
2003,21740,4,7,52.58303524737877,0.7697361691765854,53.57214690122863,3.3799390935115716
2003,21740,4,8,53.865654556078,0.9766697111335868,53.62115269519824,3.988364521398681
2003,21740,4,9,55.5161339279566,1.3488741843529828,57.10276220636351,3.9274608279472276
2003,21740,4,10,56.89966976522775,1.637046396158004,57.70548705007933,3.661244916831821
2003,21740,4,11,58.02407244702493,2.437943595871848,60.703918233732914,3.9106195166922646
2003,21740,4,12,59.65568568289629,3.126167544841514,62.14196295081284,2.2873104367608605
2003,21740,4,13,59.882966740562686,2.897243430816501,59.14147229351794,0
2003,21740,4,14,59.92474271947304,2.8591516850758,NA,NA
2003,21740,4,15,60.29855106295049,3.383661887345855,NA,NA
2003,21740,4,16,59.993172723122825,2.059888285112047,NA,NA
2003,21740,4,17,60.6,2.988868236194653,NA,NA
2003,21740,4,18,60,NA,NA,NA
2003,21740,4,19,61.5,3,NA,NA
2003,21740,4,20,59,5.656854249492381,NA,NA
2005,21740,0,1,15.639180000000012,0.6316120606752066,15.24,2.02
2005,21740,0,2,28.714060000000003,2.089970926435747,29,4.41
2005,21740,0,3,37.52995999999999,1.1642156133589592,37.58,4.37
2005,21740,0,4,44.97413999999997,0.8928591464002714,44.44,3.32
2005,21740,0,5,48.62558000000001,0.48342368634670985,48.56,3.9
2005,21740,0,6,49.882940000000055,0.5761192438778041,49.86,4.46
2005,21740,0,7,51.39944000000001,0.7693547294971281,51.5,4.87
2005,21740,0,8,53.6333,1.2329516005499153,55.47,5.82
2005,21740,0,9,55.61332000000002,1.4700599750556167,56,4.74
2005,21740,0,10,57.336279999999974,1.6809956735545213,57.95,4.12
2005,21740,0,11,59.02238476953912,1.987954823876941,61.17,3.05
2005,21740,0,12,59.76733471074377,2.326514850465067,59.25,0.43
2005,21740,0,13,60.36724719101124,3.1510995631738363,63,0
2005,21740,0,14,60.60587209302325,3.482831550516781,NA,NA
2005,21740,0,15,60.38357142857144,3.0036129420549282,NA,NA
2005,21740,0,16,61.05444444444444,3.454737074506286,NA,NA
2005,21740,0,17,62.28588235294119,3.3401928440277393,NA,NA
2005,21740,0,18,61,2.8284271247461903,NA,NA
2005,21740,0,19,59,NA,NA,NA
2005,21740,0,20,58.396,5.30863730160575,NA,NA
2005,21740,1,1,18.020080000000014,0.96806978664952,17.52,2.28
2005,21740,1,2,30.918799999999987,1.2940957954709966,30,3.33
2005,21740,1,3,37.50559999999999,1.3818964924449526,36.93,4.32
2005,21740,1,4,44.04131999999997,1.1389469953058537,43.9,3.58
2005,21740,1,5,46.82925999999997,0.5660445789252481,46.83,2.9
2005,21740,1,6,47.84534000000005,0.6594417420989097,47.96,3.61
2005,21740,1,7,49.00888000000004,0.8684690106416519,49.1,3.42
2005,21740,1,8,51.18197999999999,1.2247312410588909,52.31,4.22
2005,21740,1,9,53.157619999999966,1.459515160801428,53.61,2.91
2005,21740,1,10,54.7130661322645,1.965396640235519,54.91,2.51
2005,21740,1,11,56.684285714285735,2.9612780499577465,61.17,2.76
2005,21740,1,12,58.298049999999975,2.8328972739780522,59,0
2005,21740,1,13,58.070439024390254,2.9653560614230883,NA,NA
2005,21740,1,14,58.06585714285714,2.9091029011434077,NA,NA
2005,21740,1,15,58.56464285714286,3.217366627519005,NA,NA
2005,21740,1,16,58.839166666666664,3.9163351568278806,NA,NA
2005,21740,1,17,60.25,2.454124543035107,NA,NA
2005,21740,1,18,59,NA,NA,NA
2005,21740,1,19,59,NA,NA,NA
2005,21740,1,20,53.38333333333333,3.184467511740909,NA,NA
2005,21740,2,1,18.112639999999985,1.1343071611656799,17.31,1.99
2005,21740,2,2,30.23109999999999,1.196606670986795,29.6,3.98
2005,21740,2,3,38.16514000000001,1.4503451943470325,38.11,4.57
2005,21740,2,4,46.18429999999997,1.2347372441634084,44.95,3
2005,21740,2,5,49.954280000000004,0.6658663812472821,49.88,3.99
2005,21740,2,6,51.33678,0.7128777039869344,51.36,4.49
2005,21740,2,7,52.684540000000034,0.9680880007283988,52.66,4.91
2005,21740,2,8,55.127499999999976,1.517848238972891,57.51,5.48
2005,21740,2,9,57.909579999999984,2.1938811847741007,61.2,4.21
2005,21740,2,10,60.04897590361448,2.2195414256695605,60.94,3.34
2005,21740,2,11,60.82808467741934,2.6065822974967294,60.88,3.23
2005,21740,2,12,61.261306306306345,2.8260879334417024,60,0
2005,21740,2,13,61.6260447761194,2.840034292839515,63,0
2005,21740,2,14,62.0915748031496,3.48995984540434,NA,NA
2005,21740,2,15,62.12511111111111,2.805328227613743,NA,NA
2005,21740,2,16,62.844166666666666,2.8589431258948554,NA,NA
2005,21740,2,17,63.784285714285716,2.7994752909718463,NA,NA
2005,21740,2,18,60,NA,NA,NA
2005,21740,2,20,63,2.6457513110645907,NA,NA
2005,21740,3,1,15.40006,0.6483969722842131,15.1,1.86
2005,21740,3,2,18.78547325102881,2.6006959580645574,19.11,1.32
2005,21740,3,3,20.79134502923977,3.078911181344389,NA,NA
2005,21740,3,4,52.42084745762712,10.731133611123193,NA,NA
2005,21740,3,5,56,0,56,0
2005,21740,3,6,56,0,56,0
2005,21740,3,7,56,0,56,0
2005,21740,3,8,56,0,56,0
2005,21740,3,9,56,0,56,0
2005,21740,3,10,56,0,56,0
2005,21740,3,11,56,0,NA,NA
2005,21740,3,12,56,0,NA,NA
2005,21740,3,13,56,0,NA,NA
2005,21740,3,15,56,NA,NA,NA
2005,21740,3,16,56,NA,NA,NA
2005,21740,4,1,15.624330778457907,0.6330087446100952,15.278373175788712,1.8818832415616962
2005,21740,4,2,28.86601819521542,2.249323608141849,29.131408146530394,3.5589340065058632
2005,21740,4,3,37.76628392048597,1.1541941625035508,37.515606227109664,4.444069115913064
2005,21740,4,4,45.05213446693214,0.8908065017488171,44.34702922138881,3.3330695729471334
2005,21740,4,5,48.56598942291938,0.4973755216279496,48.511708362364196,3.50078943933787
2005,21740,4,6,49.84961431381454,0.5862540965147075,49.87205582684789,4.104307070662328
2005,21740,4,7,51.15895518757441,0.7475671828217865,51.268778095518876,4.326900815526441
2005,21740,4,8,53.245380793106314,1.1032743611187086,54.988540536945635,4.866698281775318
2005,21740,4,9,55.17382211406011,1.5731069279471692,55.652853058137914,3.2588994921772168
2005,21740,4,10,56.997786696757686,1.780399518396829,57.223732716628945,2.8280579572491384
2005,21740,4,11,58.62657083198143,2.2377223660054675,60.97258889036354,3.0799421432039242
2005,21740,4,12,59.8664160585202,2.6611255075664357,59.40377553971883,0
2005,21740,4,13,60.26972413298854,3.1523521304443105,63,0
2005,21740,4,14,60.732463061867286,3.634619955785177,NA,NA
2005,21740,4,15,60.68612782554607,3.314223072709241,NA,NA
2005,21740,4,16,61.47351129074037,3.537220450042715,NA,NA
2005,21740,4,17,61.3322096479951,3.0413178603837974,NA,NA
2005,21740,4,18,59.79215459737046,NA,NA,NA
2005,21740,4,19,59,NA,NA,NA
2005,21740,4,20,58.149448692152916,5.470136595812263,NA,NA
2007,21740,0,1,14.671779999999995,0.2548657385553789,14.57,1.8
2007,21740,0,2,26.48293999999997,0.7291911930296361,26.57,2.8
2007,21740,0,3,34.58881999999999,1.1938246278596234,34.69,4.59
2007,21740,0,4,41.87499999999999,1.439399855456355,42.6,5.29
2007,21740,0,5,49.484900000000025,1.6229153701278431,50.64,4.69
2007,21740,0,6,54.704559999999965,0.9227498800228393,54.33,4.32
2007,21740,0,7,56.696160000000006,0.6483715182295583,56.89,4.23
2007,21740,0,8,57.23895999999996,0.8684104973939271,57.36,4.32
2007,21740,0,9,58.37499999999998,1.2903406363886367,61.48,3.64
2007,21740,0,10,59.226839999999974,1.9683608671701471,58.87,4.88
2007,21740,0,11,60.02936734693878,2.61701444963654,61.36,4.25
2007,21740,0,12,61.14863436123344,3.154639931561326,64.05,4.48
2007,21740,0,13,61.70565714285715,3.21179166936219,61.59,1.5
2007,21740,0,14,61.87835294117648,3.344674950661576,NA,NA
2007,21740,0,15,61.95648148148148,3.361054505128271,NA,NA
2007,21740,0,16,60.340999999999994,2.12739747108997,NA,NA
2007,21740,0,17,62.84615384615385,3.3626912299068294,NA,NA
2007,21740,0,18,60,NA,NA,NA
2007,21740,0,19,69,NA,NA,NA
2007,21740,0,20,61,7.0710678118654755,NA,NA
2007,21740,1,1,14.821959999999988,0.35577592867259256,14.72,1.87
2007,21740,1,2,26.462460000000007,0.986433093979412,26.51,2.84
2007,21740,1,3,34.60372,1.2417476539426777,34.37,4.48
2007,21740,1,4,41.38976,2.075857005435111,42.18,5.69
2007,21740,1,5,48.60984000000001,1.8566933496917521,49.68,3.3
2007,21740,1,6,52.81393999999997,1.0976615133983663,52.5,2.91
2007,21740,1,7,54.375180000000015,0.7734635475047531,54.59,3.09
2007,21740,1,8,55.186140000000044,1.0710205742846783,56.13,3.49
2007,21740,1,9,55.88477911646588,1.5736833631229128,57.91,1
2007,21740,1,10,56.54153846153845,1.7730110109279622,55.97,2.5
2007,21740,1,11,57.442070588235325,2.389381570084272,57.47,1.93
2007,21740,1,12,58.805289017341096,2.7472433725665653,60,0
2007,21740,1,13,60.622085106382976,2.593973191033954,63,0
2007,21740,1,14,60.871348314606735,2.7967047131040244,NA,NA
2007,21740,1,15,61.64705882352941,2.1864923194700694,NA,NA
2007,21740,1,16,61.1,3.0713731999438516,NA,NA
2007,21740,1,17,63,NA,NA,NA
2007,21740,1,19,60,NA,NA,NA
2007,21740,1,20,56,NA,NA,NA
2007,21740,2,1,14.786280000000007,0.3679207699844791,14.73,1.76
2007,21740,2,2,26.73728000000002,0.8575183245586697,26.49,2.84
2007,21740,2,3,34.83692000000002,1.3803406805527312,34.76,4.65
2007,21740,2,4,42.2549,1.5181144663911652,43,4.76
2007,21740,2,5,50.25537999999997,2.135164797627118,51.7,5.39
2007,21740,2,6,56.27469999999995,1.3112461412281722,55.65,4.81
2007,21740,2,7,57.917740000000045,0.779705697265768,58.16,4.19
2007,21740,2,8,58.36624000000001,1.037277084437808,58.41,4.47
2007,21740,2,9,59.816119999999984,1.5510839656630695,62.06,3.64
2007,21740,2,10,61.345401606425696,2.442715351630636,66,0
2007,21740,2,11,62.601484716157195,3.0973776550237284,63.77,3.71
2007,21740,2,12,63.31433420365538,3.8087319093269714,69,0
2007,21740,2,13,62.55824034334765,3.6639807695888797,60,0
2007,21740,2,14,62.57818181818182,4.135705387138652,NA,NA
2007,21740,2,15,62.46048780487805,3.7399932828947113,NA,NA
2007,21740,2,16,60.916666666666664,2.6097137890209456,NA,NA
2007,21740,2,17,62.42857142857143,4.157609203101499,NA,NA
2007,21740,2,18,60,NA,NA,NA
2007,21740,2,19,69,NA,NA,NA
2007,21740,3,1,14.085079999999998,0.20040288479077573,14.09,1.59
2007,21740,3,2,15.893820000000009,1.5353546285046138,20.15,1.54
2007,21740,3,3,22.37874692874693,2.483704458024741,27,0
2007,21740,3,4,25.135,2.8189433802086055,NA,NA
2007,21740,3,5,27,0,NA,NA
2007,21740,3,6,27,NA,NA,NA
2007,21740,4,1,14.60834958669233,0.22972032604140094,14.554646098157548,1.7533974552350982
2007,21740,4,2,26.507434724468926,0.7597003159209843,26.48518821961357,2.8372844595449194
2007,21740,4,3,34.66010911006938,1.134441919507785,34.56003185742445,4.562804095404603
2007,21740,4,4,41.84157993919877,1.4692384079555019,42.65116937324538,5.155624979124146
2007,21740,4,5,49.45685411168839,1.558299337243003,50.617159287093074,4.269635103972537
2007,21740,4,6,54.741145714064174,0.9719164492524612,54.22859630545063,3.95264539058927
2007,21740,4,7,56.47676636412393,0.6499929233740926,56.691441875333005,3.7375030988421045
2007,21740,4,8,57.17094383962358,0.8572903897328371,57.48273590699215,4.071439117917677
2007,21740,4,9,58.45548027877339,1.3081913520393063,61.150449195231644,3.061394186846153
2007,21740,4,10,59.156741406954396,1.8502858638617359,59.05202363533051,1.7317986950821267
2007,21740,4,11,60.14397744157189,2.6409074222232576,61.37876592304339,3.0343814830186093
2007,21740,4,12,61.01811138383898,3.212384102878818,62.71484890895113,0
2007,21740,4,13,61.468854457875274,2.960168561136002,62.059992815660785,0
2007,21740,4,14,61.9315613430563,3.4360334862392232,NA,NA
2007,21740,4,15,62.03057319699524,2.8891884804671197,NA,NA
2007,21740,4,16,60.99526531633158,2.7911517203682368,NA,NA
2007,21740,4,17,62.5,3.854496446637726,NA,NA
2007,21740,4,18,60,NA,NA,NA
2007,21740,4,19,64.5,6.363961030678928,NA,NA
2007,21740,4,20,56,NA,NA,NA
2009,21740,0,1,15.20966,0.4079226472903223,15.13,2.41
2009,21740,0,2,30.679619999999993,1.2286162343476523,30.54,3.43
2009,21740,0,3,39.96071999999999,1.067947050844195,39.19,4.14
2009,21740,0,4,47.63978000000001,0.8531691196318503,47.8,5.02
2009,21740,0,5,51.02611999999996,0.9452779731343506,51.28,5.7
2009,21740,0,6,54.85364000000005,1.2369562935464973,56.53,5.46
2009,21740,0,7,59.36098,1.1902020001673685,59.39,3.75
2009,21740,0,8,61.79468000000001,1.0105295827809055,61.45,5.09
2009,21740,0,9,62.59610000000002,0.8953801434041325,62.79,4.75
2009,21740,0,10,62.74776,0.9693644915277586,63.42,4.46
2009,21740,0,11,62.663319999999985,1.2158860701031746,62.18,4.66
2009,21740,0,12,62.556580000000025,1.598927027377346,64.24,5.54
2009,21740,0,13,62.787900000000015,1.8809316835004914,62.06,3.44
2009,21740,0,14,63.38528806584361,2.5104479863372404,64.1,2.89
2009,21740,0,15,63.95690026954179,3.394491617116708,NA,NA
2009,21740,0,16,64.1291975308642,3.451583483647779,NA,NA
2009,21740,0,17,64.51137931034482,3.8034681534029433,NA,NA
2009,21740,0,18,64.9504347826087,3.310829995169942,NA,NA
2009,21740,0,19,62.4725,4.4889093489239835,NA,NA
2009,21740,0,20,65.388,3.2185048288503983,NA,NA
2009,21740,1,1,16.687820000000006,0.6091942899978068,16.77,2.97
2009,21740,1,2,31.474600000000056,1.2082659696054563,30.87,3.43
2009,21740,1,3,40.01808,1.3388408805406316,39.11,4.19
2009,21740,1,4,46.96112,0.8800566715218857,47.08,4.72
2009,21740,1,5,49.520380000000024,1.0872465524118542,49.58,5.18
2009,21740,1,6,53.06258000000004,1.5222091133512303,54.79,5.16
2009,21740,1,7,57.58931999999998,1.4872497305840215,58.54,3.4
2009,21740,1,8,59.228240000000014,1.121080436494269,59.7,3.58
2009,21740,1,9,59.69001999999998,0.9744901547596295,60.01,4.31
2009,21740,1,10,59.92023999999999,1.110685006997726,60.71,2.86
2009,21740,1,11,59.75699398797599,1.5425554418329481,58.02,3.12
2009,21740,1,12,60.296297786720345,1.8854286262525748,60.27,2.46
2009,21740,1,13,60.905433884297516,1.9344856683373712,60.57,2.66
2009,21740,1,14,61.8402606635071,2.221455019171429,62.74,1.55
2009,21740,1,15,61.99669014084505,2.7230674664092027,NA,NA
2009,21740,1,16,62.160249999999984,2.7039464711764065,NA,NA
2009,21740,1,17,62.21205882352941,2.164921132879083,NA,NA
2009,21740,1,18,63.4775,2.50068923832344,NA,NA
2009,21740,1,19,61.25454545454545,2.998787633815918,NA,NA
2009,21740,1,20,63.51666666666667,5.775018037489868,NA,NA
2009,21740,2,1,16.6323,0.6011242889965795,16.64,2.72
2009,21740,2,2,31.80694000000003,1.1903260850613815,30.67,3.18
2009,21740,2,3,40.52716000000003,1.3211177990163314,39.46,3.85
2009,21740,2,4,48.42566000000001,1.0726408911479768,48.46,5.26
2009,21740,2,5,52.374,1.1523255218107566,52.72,5.74
2009,21740,2,6,56.19174000000003,1.6595208921803803,57.78,5.22
2009,21740,2,7,60.783520000000046,1.6157940433052604,60.25,4.33
2009,21740,2,8,63.02776000000004,1.3649010558221313,62.54,5.38
2009,21740,2,9,63.73434000000001,1.1744095708398155,63.94,4.29
2009,21740,2,10,63.92515999999994,1.2046705095057926,64.32,4.4
2009,21740,2,11,63.92141999999998,1.4116455894240172,63.66,4.16
2009,21740,2,12,64.40455999999992,2.122385980659928,66.54,5.41
2009,21740,2,13,64.86339506172837,2.7608113621950063,64.92,2.94
2009,21740,2,14,65.96037313432838,3.279599469200268,67.09,2.86
2009,21740,2,15,66.3854,3.6666852555206058,NA,NA
2009,21740,2,16,66.00868686868688,4.235349453443599,NA,NA
2009,21740,2,17,65.38000000000001,2.7372437685153037,NA,NA
2009,21740,2,18,67.47058823529412,3.0231946484394516,NA,NA
2009,21740,2,19,68.66666666666667,4.041451884327381,NA,NA
2009,21740,2,20,65.29249999999999,3.585967691671843,NA,NA
2009,21740,3,1,14.204159999999991,0.41621432354767957,14.28,1.56
2009,21740,3,2,17.019255533199193,3.820908845331069,24.88,1.29
2009,21740,3,3,33.09949685534592,13.352873309275227,27,0
2009,21740,3,4,57.7173597359736,9.102038322002091,60.32,3.39
2009,21740,3,5,61.90365930599366,2.1785700768538083,61.6,3.64
2009,21740,3,6,63.28031446540877,1.5482037710109178,62.84,2.43
2009,21740,3,7,64.58836990595611,1.0834921301387626,63.47,3.28
2009,21740,3,8,65.37652037617559,0.7725288002560262,65.16,2.57
2009,21740,3,9,65.512664576802507,0.705913109352056,65.83,2.65
2009,21740,3,10,65.473605015674,0.711944264637062,65.29,2.29
2009,21740,3,11,65.24172413793107,0.9542285100786785,65.46,2.18
2009,21740,3,12,64.88848101265827,1.518475290929077,65.18,3.17
2009,21740,3,13,64.50926910299005,2.0065803740050367,63.76,0.43
2009,21740,3,14,64.87991452991454,1.5610324500983566,65.4,0.49
2009,21740,3,15,64.70939597315437,1.9005547654488046,NA,NA
2009,21740,3,16,64.91829787234042,1.3672192011984803,NA,NA
2009,21740,3,17,65.47826086956522,1.5629100252527568,NA,NA
2009,21740,3,18,65.5,1.4337208778404378,NA,NA
2009,21740,3,19,65.5,3.5355339059327378,NA,NA
2009,21740,3,20,66.218,1.2842974733292913,NA,NA
2009,21740,4,1,15.1226384702106,0.3807910360673705,15.125188106479232,2.0095627562222127
2009,21740,4,2,31.090389600585084,1.2903700245204688,30.75722457192652,3.3076617685896035
2009,21740,4,3,40.29530024262912,1.1583369885898736,39.308474282484305,3.9966022667664483
2009,21740,4,4,47.77056012465695,0.8387272484608335,47.84580010936734,5.019505317465305
2009,21740,4,5,51.12551890132236,0.9354009010695638,51.340937237042695,5.4938145553022055
2009,21740,4,6,54.82137236190127,1.3129424853852882,56.53522118961543,5.194227776479186
2009,21740,4,7,59.40814483048324,1.223284896467934,59.36414177713497,3.8464884860021664
2009,21740,4,8,61.711694291279414,1.012531454407926,61.54381767776301,4.743495075142715
2009,21740,4,9,62.47346270009082,0.8848514352395173,62.71471652953201,4.294394440374808
2009,21740,4,10,62.75800132157434,0.934655351126997,63.40484030816246,4.00667865507937
2009,21740,4,11,62.603772099908895,1.1796363320791297,62.262746916861154,3.8998177009375157
2009,21740,4,12,62.799312041627026,1.6654333571240452,64.36753173297986,4.386347242186368
2009,21740,4,13,62.85166520220098,1.9264880365598496,62.25056382171465,2.766712760903508
2009,21740,4,14,63.647300600607004,2.67933532493485,64.29070498432549,2.0144841468617245
2009,21740,4,15,63.919283324596975,3.351079387724707,NA,NA
2009,21740,4,16,64.22774457068556,3.9197836357461853,NA,NA
2009,21740,4,17,63.81046829004491,2.8578936383514186,NA,NA
2009,21740,4,18,65.45855669606192,3.2381732644657797,NA,NA
2009,21740,4,19,63.01699629243542,4.232115682997139,NA,NA
2009,21740,4,20,64.72834668917885,3.9227230692452535,NA,NA
2011,21740,0,1,16.563260000000003,0.5664939569019363,16.53,2.53
2011,21740,0,2,31.99376000000002,0.8582053923104779,32.19,3.54
2011,21740,0,3,39.147919999999985,0.9938220354148686,38.95,4.31
2011,21740,0,4,46.08902000000001,0.8997748769878591,45.81,4.43
2011,21740,0,5,51.67427999999997,0.6304962590415035,51.65,4.72
2011,21740,0,6,55.39703999999997,0.7270174324555007,56.29,4.77
2011,21740,0,7,57.29895999999994,0.9649991529168617,58.5,4
2011,21740,0,8,59.36980000000002,1.4327352234243709,60.36,3.77
2011,21740,0,9,62.61426000000001,1.4784486711910878,63.79,3.53
2011,21740,0,10,63.99103999999999,1.2296385404990207,65.3,3.96
2011,21740,0,11,63.891880000000036,1.1976033454972863,64.85,3.99
2011,21740,0,12,63.34721442885774,1.5904290977507023,62.71,3.56
2011,21740,0,13,63.19311158798282,2.4690453460507116,NA,NA
2011,21740,0,14,63.45967320261437,3.4042626930096405,NA,NA
2011,21740,0,15,64.08008695652178,2.505877804920178,NA,NA
2011,21740,0,16,64.98295081967213,1.8954042257224941,65,0
2011,21740,0,17,64.62444444444445,2.301479793187838,NA,NA
2011,21740,0,18,64.21772727272727,2.3826794277475214,NA,NA
2011,21740,0,19,63.473571428571425,2.6334113796567173,NA,NA
2011,21740,0,20,64.77,0.6505382386916249,NA,NA
2011,21740,0,24,65,0,NA,NA
2011,21740,1,1,17.04368,0.5735866638284434,17.01,2.33
2011,21740,1,2,32.52454000000001,1.0342968279253848,32.73,3.29
2011,21740,1,3,38.88949999999999,1.2758612753696916,38.68,4.45
2011,21740,1,4,44.62568,1.166735394406599,43.92,3.83
2011,21740,1,5,50.353819999999985,0.8878223158543934,50.18,4.59
2011,21740,1,6,53.668120000000044,0.9730004755656092,54.59,4.62
2011,21740,1,7,55.8104,1.417958763190318,57.39,4.39
2011,21740,1,8,57.37869999999997,2.085704205794325,58.27,4
2011,21740,1,9,59.961595959595925,2.598762878830714,62.83,2.48
2011,21740,1,10,61.24993939393937,2.008039055029035,62.59,4.32
2011,21740,1,11,61.431616161616176,1.6267467765580226,62.22,3.01
2011,21740,1,12,61.24589795918365,2.098453639880551,61.1,3.28
2011,21740,1,13,61.26884718498662,2.7703519652800495,NA,NA
2011,21740,1,14,61.33265624999999,2.987627317984109,NA,NA
2011,21740,1,15,61.43068965517242,3.2249922410182554,NA,NA
2011,21740,1,16,61.18578947368421,3.6247993289889298,NA,NA
2011,21740,1,17,61.46777777777778,3.911437644197392,NA,NA
2011,21740,1,18,61.666666666666664,0.5773502691896258,NA,NA
2011,21740,1,19,60,4.358898943540674,NA,NA
2011,21740,1,20,56,NA,NA,NA
2011,21740,2,1,16.97735999999999,0.5338286020369323,17.05,2.37
2011,21740,2,2,32.08885999999999,1.1094968530527105,32.07,3.6
2011,21740,2,3,39.515800000000006,1.192471860580598,39.11,4.24
2011,21740,2,4,47.47078000000004,0.9617375264278081,47.23,4.27
2011,21740,2,5,52.80156000000004,0.7956011115234283,52.71,4.64
2011,21740,2,6,56.67518000000004,0.8386032903328691,57.54,4.38
2011,21740,2,7,58.49028000000001,1.0496950227955562,59.45,3.45
2011,21740,2,8,60.54121999999999,1.672153493616069,61.86,2.8
2011,21740,2,9,63.514979999999966,1.7240418905818276,63.95,3.91
2011,21740,2,10,64.99750000000002,1.4970589571029205,65.99,3.46
2011,21740,2,11,65.40685370741484,1.5087625986075848,66.5,3.33
2011,21740,2,12,64.74767535070136,2.1275016474383843,63.82,3.48
2011,21740,2,13,64.67147500000002,2.9016475441637257,NA,NA
2011,21740,2,14,64.77663865546221,3.3089555702556073,NA,NA
2011,21740,2,15,65.29090425531916,2.2185900835211476,NA,NA
2011,21740,2,16,65.10506024096385,1.0575155257763942,65,0
2011,21740,2,17,64.84024691358024,1.332996600997769,NA,NA
2011,21740,2,18,64.83727272727273,0.6138805670888682,NA,NA
2011,21740,2,19,64,1.0954451150103321,NA,NA
2011,21740,2,20,65.625,2.1998376563477846,NA,NA
2011,21740,2,24,65,0,NA,NA
2011,21740,3,1,13.979519999999994,0.20669885930230422,13.93,1.49
2011,21740,3,2,21.969219999999993,4.048453425924987,27.59,2.36
2011,21740,3,3,27.7451287553648,1.6705702086701062,28.34,1.9
2011,21740,3,4,28.184088050314458,1.7247825817254157,NA,NA
2011,21740,3,5,29,1.224744871391589,NA,NA
2011,21740,3,8,27.666666666666668,2.5166114784235836,NA,NA
2011,21740,4,1,16.496296097854337,0.5747445311650318,16.52279509472548,2.208995043398994
2011,21740,4,2,32.17028723541015,0.9072077675241559,32.36084380597381,3.4372622315300543
2011,21740,4,3,39.23288099567106,1.0392506587304,38.92149709381829,4.328017730064701
2011,21740,4,4,46.27385164111668,0.8724060756361562,45.85812061151748,4.087635368298396
2011,21740,4,5,51.687498389749855,0.6965209499382174,51.535659053454154,4.616791680898303
2011,21740,4,6,55.3808546773864,0.7401352737055116,56.30528369782307,4.4804514957703265
2011,21740,4,7,57.36521135715939,0.9662167724685107,58.574733415343466,3.849393490085991
2011,21740,4,8,59.2913771160419,1.5056906377405546,60.281192275835195,3.327735172422777
2011,21740,4,9,62.49186282032533,1.613737851256177,63.73688336709971,3.6378957276362294
2011,21740,4,10,63.806346614404,1.174722595586251,65.4889896980491,3.5867261351993447
2011,21740,4,11,63.80901220268949,1.2823717481187713,64.669118398337,3.19311165595043
2011,21740,4,12,63.156156921443866,1.7234452111829555,62.34696352646933,3.371688494593333
2011,21740,4,13,63.0207100092697,2.7040492436010277,NA,NA
2011,21740,4,14,63.396564429722574,3.3701642254778568,NA,NA
2011,21740,4,15,64.48902480421589,2.684638740329559,NA,NA
2011,21740,4,16,64.79031664377764,1.4570899775826531,65,0
2011,21740,4,17,64.56374142060388,1.6550893860406954,NA,NA
2011,21740,4,18,64.53027635671243,1.1694528809106468,NA,NA
2011,21740,4,19,62.625,3.2923070504261465,NA,NA
2011,21740,4,20,64.55555555555556,3.811532208676424,NA,NA
2011,21740,4,24,65,0,NA,NA
2013,21740,0,1,14.479079999999996,0.4322624842738741,14.36,2.18
2013,21740,0,2,28.51482000000001,1.7212685142639403,30.59,3.1
2013,21740,0,3,39.557720000000025,2.1257754924942045,39.13,6.17
2013,21740,0,4,48.96725999999998,1.3345391271010105,48.69,4.76
2013,21740,0,5,53.08905999999999,0.6695244898321268,52.45,3.44
2013,21740,0,6,55.447440000000014,0.5246843181069305,55.15,3.57
2013,21740,0,7,57.01651999999999,0.6028654768406736,57.27,4.08
2013,21740,0,8,57.98301999999999,0.6286349046040739,58.33,3.77
2013,21740,0,9,58.7147,0.9493172897578903,59.71,4.21
2013,21740,0,10,59.63475999999997,1.6162873854065831,62.39,4.08
2013,21740,0,11,61.340425963488876,2.870166424789893,64.56,5.2
2013,21740,0,12,62.116646341463415,3.082001613224325,62.08,5.42
2013,21740,0,13,63.382958333333356,3.2016087420049306,62.92,3.34
2013,21740,0,14,64.85017130620986,2.9984029319397734,66.06,2.3
2013,21740,0,15,65.89047752808985,2.9029801194878133,NA,NA
2013,21740,0,16,66.53580419580419,2.184707588153783,67.15,0.99
2013,21740,0,17,67.13613095238095,1.8218881847136197,NA,NA
2013,21740,0,18,66.7887037037037,1.8317689628317133,NA,NA
2013,21740,0,19,66.06166666666667,3.5243994064904998,NA,NA
2013,21740,0,20,66.11111111111111,3.8873012632302,NA,NA
2013,21740,0,24,68,0,NA,NA
2013,21740,1,1,14.426419999999997,0.40504902545994614,14.32,2.12
2013,21740,1,2,27.415940000000003,2.4625533200538454,30.44,3
2013,21740,1,3,38.516220000000004,2.722145562700323,37.57,5.94
2013,21740,1,4,47.86254000000003,1.6374376790294678,47.54,4.35
2013,21740,1,5,51.52669999999999,0.8444716542013114,50.6,3.34
2013,21740,1,6,53.92582000000006,0.6532348422414687,53.5,2.89
2013,21740,1,7,55.476780000000026,0.773851098497179,55.84,3.95
2013,21740,1,8,56.18032,0.78759946892243,56.62,3.52
2013,21740,1,9,56.92908000000002,1.3819397485191147,58.46,4.29
2013,21740,1,10,58.14305220883536,2.23663936637457,61.22,4.52
2013,21740,1,11,59.28903640256957,2.840844063343541,60.82,1.99
2013,21740,1,12,59.554009111617326,2.387321412175358,58.38,1.96
2013,21740,1,13,60.58907692307694,2.456794192876133,61.27,2.4
2013,21740,1,14,61.749706959706955,3.100049914539314,NA,NA
2013,21740,1,15,64.66845070422535,3.7410112213872866,NA,NA
2013,21740,1,16,66.76516778523492,2.680665408526157,68,0
2013,21740,1,17,67.61382716049383,1.7568398958792708,NA,NA
2013,21740,1,18,67.02074074074073,2.560513659293814,NA,NA
2013,21740,1,19,65,5.5549205986353085,NA,NA
2013,21740,1,20,67.8,0.44721359549995793,NA,NA
2013,21740,1,24,68,0,NA,NA
2013,21740,2,1,14.464880000000003,0.4516744460454021,14.32,2.17
2013,21740,2,2,28.79666000000001,2.4793186738644843,30.99,3.08
2013,21740,2,3,40.208020000000005,2.807355047785844,40.24,6.66
2013,21740,2,4,51.13178000000001,1.4676950941454967,50.33,4.52
2013,21740,2,5,54.845739999999964,0.7206824674138225,54.17,2.66
2013,21740,2,6,56.71014000000005,0.5910757324090425,56.4,3.33
2013,21740,2,7,58.56413999999998,0.5858832466946934,58.96,3.53
2013,21740,2,8,59.376479999999944,0.7213895031329891,59.79,3.42
2013,21740,2,9,59.676700000000054,1.2691516859713845,59.57,4.58
2013,21740,2,10,60.635520000000014,2.20474654876441,63.22,3.31
2013,21740,2,11,63.64957894736843,4.164534336014385,71.36,2.03
2013,21740,2,12,66.0391796008869,4.148744869489601,69.34,0.75
2013,21740,2,13,66.37792176039123,3.1898937891441497,65.75,2.99
2013,21740,2,14,66.43699999999998,2.8661400783379825,66.48,2.66
2013,21740,2,15,66.7381884057971,2.5257029942737264,NA,NA
2013,21740,2,16,66.53182741116753,1.74224570968571,66,0
2013,21740,2,17,66.29285714285714,1.5641600166412666,NA,NA
2013,21740,2,18,66.264,1.8011061735155598,NA,NA
2013,21740,2,19,65.755,0.8855224446619071,NA,NA
2013,21740,2,20,66,0,NA,NA
2013,21740,3,1,16.104319999999987,0.7173960215274453,16.24,2.4
2013,21740,3,2,19.753320000000006,5.126860987462947,32.75,5
2013,21740,3,3,43.21523684210529,1.3535557381836731,43.43,3.13
2013,21740,3,4,45.14470588235293,1.7978288347784992,45.42,3.48
2013,21740,3,5,48.328993902438995,2.2833294055555435,48.54,3.23
2013,21740,3,6,51.00637254901961,2.0538779582315856,50.93,3.35
2013,21740,3,7,51.76641196013287,2.5111907699449034,50.99,5.08
2013,21740,3,8,52.98598662207357,1.9104163290120821,53.99,0.81
2013,21740,3,9,53.08243636363637,2.0694872841143086,51.84,2.41
2013,21740,3,10,53.264133333333334,1.7432874855486957,NA,NA
2013,21740,3,11,53.8111111111111,1.3649143544444662,NA,NA
2013,21740,3,12,54.282399999999996,1.1727790357380483,NA,NA
2013,21740,3,13,53.90909090909091,1.5782614139961386,NA,NA
2013,21740,3,14,53.5,0.7071067811865476,NA,NA
2013,21740,3,15,50,NA,NA,NA
2013,21740,4,1,14.47226041692995,0.4198643953892481,14.350365433614149,2.1494189367806014
2013,21740,4,2,28.078698419916936,2.0897805869350576,30.72863878944896,3.0429414731215836
2013,21740,4,3,39.428220008405994,2.258942597667435,39.03553771640168,6.314164276403916
2013,21740,4,4,49.563628366856115,1.2776756422330815,48.978553139837544,4.434876654012026
2013,21740,4,5,53.342882097852225,0.6295887358956201,52.481705877553694,2.9808447043877897
2013,21740,4,6,55.496856876349234,0.5270137041365243,55.231001056760164,3.153321450371786
2013,21740,4,7,57.02238075782386,0.554980434746171,57.28455348988207,3.7557371443258463
2013,21740,4,8,57.895226341367845,0.6010490551977659,58.338849112622675,3.465345098754907
2013,21740,4,9,58.475301065762736,1.0633602895962413,59.16024790453486,4.472934575018952
2013,21740,4,10,59.37032750686444,1.5830320458802192,62.25230233644332,3.8954570864517883
2013,21740,4,11,60.99395493446044,2.733012219322885,63.78543056610771,2.001254005943483
2013,21740,4,12,62.08638714114588,3.0668055897670783,62.07279482203328,1.5523100607061797
2013,21740,4,13,63.22892900877115,3.019934424963419,63.04668815776657,2.6339834850630073
2013,21740,4,14,64.7968823267817,2.8574349125519767,66.48,2.66
2013,21740,4,15,66.05475015309605,2.8660246444642827,NA,NA
2013,21740,4,16,66.46524040279267,2.087942570726723,66.74523067794095,0
2013,21740,4,17,66.92901911840677,1.6619666112416687,NA,NA
2013,21740,4,18,66.54970592548361,2.115134323653756,NA,NA
2013,21740,4,19,65.32357142857143,4.131260949512513,NA,NA
2013,21740,4,20,66.82265908846541,0.940229301384743,NA,NA
2013,21740,4,24,68,0,NA,NA
2015,21740,0,1,16.94374,0.45804128201731353,16.78,1.94
2015,21740,0,2,31.345160000000003,1.30803979703266,28.96,2.72
2015,21740,0,3,37.10337999999998,0.6322343046941253,37.01,3.37
2015,21740,0,4,42.67724,1.0330180225290069,43.9,3.73
2015,21740,0,5,49.02341999999992,0.8854006846308,49.51,3.45
2015,21740,0,6,52.86742000000002,0.79435555331991,53.13,3.67
2015,21740,0,7,56.06516000000005,0.7637691149305816,56.43,3.92
2015,21740,0,8,57.676279999999984,0.5873084573272346,58.24,3.21
2015,21740,0,9,58.422679999999986,0.7329614468477386,58.51,3.25
2015,21740,0,10,59.12041999999998,0.7903666126328525,59.66,2.87
2015,21740,0,11,59.387199999999986,1.203055795253481,59.57,1.39
2015,21740,0,12,60.519371069182405,2.902706145127262,64.06,3.5
2015,21740,0,13,62.9774447949527,4.514480299471488,70,0
2015,21740,0,14,63.632707182320445,4.87150659645833,NA,NA
2015,21740,0,15,64.18258278145696,3.5922435818628555,NA,NA
2015,21740,0,16,64.58771844660195,1.4490932870203117,65,0
2015,21740,0,17,64.25309392265193,0.8396615303644509,64,0
2015,21740,0,18,64.21011494252873,0.7172095380837532,NA,NA
2015,21740,0,19,64.45,1.3562719801759993,NA,NA
2015,21740,0,20,61.025,3.239785346424835,NA,NA
2015,21740,0,21,64,0,NA,NA
2015,21740,0,22,64,0,NA,NA
2015,21740,0,23,64,NA,NA,NA
2015,21740,0,24,65,NA,NA,NA
2015,21740,1,1,16.665160000000004,0.5251034580759935,16.56,1.77
2015,21740,1,2,31.621800000000018,1.6986084013103209,29.36,2.64
2015,21740,1,3,36.78898000000003,0.6827880774570064,36.7,3.35
2015,21740,1,4,42.33563999999996,1.3183543935581314,43.54,3.54
2015,21740,1,5,48.43730000000002,0.970827235424555,48.83,2.82
2015,21740,1,6,51.89736000000002,0.9728574065437,52.47,2.79
2015,21740,1,7,54.43074000000001,0.9751419671577183,55.22,2.92
2015,21740,1,8,55.73128000000001,0.790904939196672,55.97,2.38
2015,21740,1,9,56.585500000000046,1.0389936311311356,57.07,2.72
2015,21740,1,10,57.206004016064306,1.4370561149968482,58.12,2.69
2015,21740,1,11,57.751021276595736,1.7188981630884155,58.84,0.36
2015,21740,1,12,57.84513513513512,2.1251354450111393,NA,NA
2015,21740,1,13,58.87260416666667,2.8889285009795467,NA,NA
2015,21740,1,14,61.000416666666666,3.9540927049979886,NA,NA
2015,21740,1,15,63.903333333333336,2.475167696986434,NA,NA
2015,21740,1,16,64.4597969543147,0.9830855005640395,65,0
2015,21740,1,17,64.1909604519774,0.5814936523688363,64,0
2015,21740,1,18,64.16012987012986,0.3642313229199756,NA,NA
2015,21740,1,19,64.34615384615384,0.485164524037584,NA,NA
2015,21740,1,20,62.39833333333333,2.927800653505403,NA,NA
2015,21740,1,21,64,0,NA,NA
2015,21740,1,22,64,0,NA,NA
2015,21740,1,23,64,NA,NA,NA
2015,21740,1,24,65,NA,NA,NA
2015,21740,2,1,17.119640000000004,0.6661641086393641,16.94,1.89
2015,21740,2,2,31.76545999999999,1.7519679139593527,28.85,2.75
2015,21740,2,3,37.37842,0.7144338563297097,37.2,3.38
2015,21740,2,4,43.18850000000002,1.2866385769342183,44.25,3.74
2015,21740,2,5,49.70577999999995,1.3097161158848192,50.11,3.98
2015,21740,2,6,53.563820000000064,1.0522321000543413,53.62,4.01
2015,21740,2,7,56.933779999999956,1.0234089325809959,57.23,4.13
2015,21740,2,8,58.74220000000003,0.7602865454961866,59.45,2.88
2015,21740,2,9,59.40219999999996,0.8154969224104539,59.55,3.36
2015,21740,2,10,60.117720000000055,0.9187883028701347,60.76,2.54
2015,21740,2,11,60.419196787148636,1.3950759040633987,60.85,0.99
2015,21740,2,12,61.88314977973562,3.0750061992489344,63.98,3.45
2015,21740,2,13,64.44258741258743,4.520268228850284,70,0
2015,21740,2,14,64.81925373134328,4.714954392952021,NA,NA
2015,21740,2,15,64.31293103448276,4.694082504234861,NA,NA
2015,21740,2,16,65.77947368421053,4.822010269683762,NA,NA
2015,21740,2,17,70,0,NA,NA
2015,21740,2,18,70,NA,NA,NA
2015,21740,2,20,60.401666666666664,2.2449981440229894,NA,NA
2015,21740,3,1,15.886879999999994,1.058156347290239,15.81,2.51
2015,21740,3,2,17.724919786096272,4.26374376006079,22,0
2015,21740,3,3,22,0,NA,NA
2015,21740,3,4,22,0,NA,NA
2015,21740,4,1,16.86326059512833,0.4740719099079744,16.730204439494614,1.8421321531137966
2015,21740,4,2,31.73906213092726,1.4278069810269631,29.07585804820431,2.699215352324159
2015,21740,4,3,37.104886084143935,0.6339598638725156,36.96358769444252,3.3658152616665507
2015,21740,4,4,42.770022127845515,1.065794083748397,43.951109895488386,3.655805604362926
2015,21740,4,5,49.08932255254178,0.9190290408557718,49.50781587650864,3.434270638085956
2015,21740,4,6,52.865706155969036,0.7769081753112187,53.15704665442831,3.518866885567427
2015,21740,4,7,55.99363985249431,0.7751618313871727,56.490730874329465,3.684967342258036
2015,21740,4,8,57.541512917475636,0.6026914158136769,57.968860293732725,2.6671925709386093
2015,21740,4,9,58.34803749603978,0.7246874610642395,58.69186871987934,3.138546766420475
2015,21740,4,10,59.088843238081274,0.8342491557151152,59.746205557786126,2.5976019569439703
2015,21740,4,11,59.38966882948058,1.1559406705066797,59.39984858259598,0.5354749288733649
2015,21740,4,12,60.49434757897454,2.736558034517301,63.98,3.45
2015,21740,4,13,63.22064184101836,4.602316183537353,70,0
2015,21740,4,14,63.66538684645739,4.71558631879763,NA,NA
2015,21740,4,15,64.14763404331595,3.107247384920243,NA,NA
2015,21740,4,16,64.47728761187237,1.4616163521977448,65,0
2015,21740,4,17,64.2282144801524,0.7326754686900756,64,0
2015,21740,4,18,64.235,0.7537727619272114,NA,NA
2015,21740,4,19,64.34615384615384,0.485164524037584,NA,NA
2015,21740,4,20,61.4,2.6971398992939974,NA,NA
2015,21740,4,21,64,0,NA,NA
2015,21740,4,22,64,0,NA,NA
2015,21740,4,23,64,NA,NA,NA
2015,21740,4,24,65,NA,NA,NA
2017,21740,0,1,16.872220000000006,0.2128489627926899,16.84,1.75
2017,21740,0,2,26.211679999999994,4.206427086646165,29.68,5.42
2017,21740,0,3,41.0816,1.5344329274418074,39.92,2.99
2017,21740,0,4,43.556759999999976,0.5229700735181614,42.91,2.38
2017,21740,0,5,44.303039999999974,0.26449778175460426,44.33,2.32
2017,21740,0,6,45.55616000000001,0.6259870397603258,47.02,3.46
2017,21740,0,7,48.661299999999976,1.4778015783622713,50.39,4.6
2017,21740,0,8,50.982240000000054,2.08934317243108,53.45,3.8
2017,21740,0,9,52.34859832635984,3.2490111254421197,53,0
2017,21740,0,10,54.12624040920716,2.562723998165461,55,0
2017,21740,0,11,54.61015267175571,2.7147383988707237,56,0
2017,21740,0,12,55.28292682926829,2.769801357530162,NA,NA
2017,21740,0,13,55.90649122807017,0.529496308419933,NA,NA
2017,21740,0,14,55.96515151515151,0.17904958948255092,56,0
2017,21740,0,15,55.95774647887324,0.356034497458156,NA,NA
2017,21740,0,16,56,0,NA,NA
2017,21740,0,17,56,0,NA,NA
2017,21740,0,18,56,0,NA,NA
2017,21740,1,1,16.536200000000008,0.3455012332892732,16.35,1.58
2017,21740,1,2,27.682585170340676,5.570582580971781,33.59,2.11
2017,21740,1,3,40.50889558232934,2.301405000209764,38.77,2.76
2017,21740,1,4,42.82092000000004,0.731252222715564,42.02,2.65
2017,21740,1,5,43.442039999999956,0.4166541007590813,43.59,2.16
2017,21740,1,6,44.415560000000056,0.7551614556160133,46.05,3.44
2017,21740,1,7,46.592400000000026,1.6116923230842097,48.41,3.64
2017,21740,1,8,48.700061224489794,3.3814467016108503,52.23,2.3
2017,21740,1,9,52.14689458689459,4.199413807766071,NA,NA
2017,21740,1,10,54.33443636363637,2.205275515862506,55,0
2017,21740,1,11,54.50479452054793,2.732299579469603,NA,NA
2017,21740,1,12,55.165454545454544,1.5988526480604115,NA,NA
2017,21740,1,13,55.865700000000004,0.5621859482449205,NA,NA
2017,21740,1,14,55.98550724637681,0.11994568395899624,56,0
2017,21740,1,15,56,0,NA,NA
2017,21740,1,16,55.96,0.2,NA,NA
2017,21740,1,17,56,0,NA,NA
2017,21740,1,18,56,0,NA,NA
2017,21740,2,1,16.851060000000007,0.17175819676601353,16.84,1.63
2017,21740,2,2,26.018256513026078,5.7980569697815145,27.29,5.19
2017,21740,2,3,42.08204819277109,2.4095351793175714,41.78,2.63
2017,21740,2,4,44.09387999999998,0.6006370579232531,43.14,2.32
2017,21740,2,5,44.82951999999997,0.27692733179335777,44.78,2.31
2017,21740,2,6,46.19837999999998,0.8501663020151788,48.01,3.03
2017,21740,2,7,49.86386000000004,1.7642166025864523,51.94,4.27
2017,21740,2,8,52.13062,2.3510658938606017,53.48,3.94
2017,21740,2,9,53.05358695652172,3.3009587243780194,53,0
2017,21740,2,10,54.4866023166023,2.883266350011891,NA,NA
2017,21740,2,11,54.98637305699482,2.5970885753930224,56,0
2017,21740,2,12,55.512087912087914,1.7361794047617676,NA,NA
2017,21740,2,13,55.5,2.206709137469482,NA,NA
2017,21740,2,14,55.857142857142854,2.3401261667248794,NA,NA
2017,21740,2,15,53,NA,NA,NA
2017,21740,3,1,17.511180000000007,0.2418010402917497,17.51,1.72
2017,21740,3,2,19.067906976744208,3.180430637850132,20.67,3.95
2017,21740,3,3,32.66035353535353,5.59415842677162,36,0
2017,21740,3,4,35.82857142857143,1.01418510567422,NA,NA
2017,21740,3,5,36,0,NA,NA
2017,21740,4,1,16.87022124831367,0.2252187303322212,16.785889390837013,1.6293027045908186
2017,21740,4,2,25.287236598629367,4.594392542839833,29.419624161563597,3.829381567044086
2017,21740,4,3,41.68938311389392,1.7871533323852182,40.92289943406102,2.647608913935865
2017,21740,4,4,43.52859320199469,0.5137337307841691,42.61040493102943,2.4760414042502585
2017,21740,4,5,44.265849093908116,0.2547158119984581,44.31602573770682,2.251515849290776
2017,21740,4,6,45.44331442281739,0.6306242547005199,47.03654521792761,3.233630847270244
2017,21740,4,7,48.49968451912886,1.3993705319587482,50.41931243150124,3.998602501939315
2017,21740,4,8,50.71577424722192,2.169187351665651,53.14269260884573,3.4974527028055977
2017,21740,4,9,52.38547246583771,3.2231583608501055,53,0
2017,21740,4,10,54.27929342442982,2.5445168759840744,55,0
2017,21740,4,11,54.81404571244116,2.493966369691325,56,0
2017,21740,4,12,55.36149785655344,1.7057865013540316,NA,NA
2017,21740,4,13,55.829208305059545,0.8224876127236485,NA,NA
2017,21740,4,14,55.986093358850056,0.4042296921399341,56,0
2017,21740,4,15,55.95652173913044,0.3611575592573076,NA,NA
2017,21740,4,16,55.96,0.2,NA,NA
2017,21740,4,17,56,0,NA,NA
2017,21740,4,18,56,0,NA,NA
2019,21740,0,1,17.925440000000016,0.43048186450922954,17.97,1.87
2019,21740,0,2,26.87572000000001,0.8725208690534959,26.69,3.56
2019,21740,0,3,35.449200000000026,1.7286672151346434,36.99,4.65
2019,21740,0,4,43.09730000000002,1.5371329367789444,44.14,2.98
2019,21740,0,5,46.39029999999998,0.8840334497520786,45.69,2.25
2019,21740,0,6,47.51088000000003,0.6536940089327952,46.39,3.12
2019,21740,0,7,48.21564000000002,0.5391009646626507,48.25,3.1
2019,21740,0,8,48.55548,0.6932734133451988,48.98,3.23
2019,21740,0,9,49.39030000000001,1.2037223954095153,53.27,3.09
2019,21740,0,10,50.39073469387752,2.451280428110925,62,0
2019,21740,0,11,52.15373219373218,4.118227361664312,54,0
2019,21740,0,12,51.76123655913979,3.738511349629001,NA,NA
2019,21740,0,13,52.29774193548386,4.015999730322487,NA,NA
2019,21740,0,14,52.79916666666666,4.439678716016427,NA,NA
2019,21740,0,15,55,3.521363372331802,NA,NA
2019,21740,0,16,58,5.656854249492381,NA,NA
2019,21740,0,17,54,NA,NA,NA
2019,21740,1,1,17.91188,0.3685889053706374,18.09,1.57
2019,21740,1,2,27.38075999999999,0.7814973439476263,27.09,3.11
2019,21740,1,3,35.32282,2.145863487693388,36.52,4.53
2019,21740,1,4,42.67432000000003,2.0653283758764367,44.12,3.09
2019,21740,1,5,45.491100000000024,0.9506214558406566,45.25,2.65
2019,21740,1,6,46.01208000000001,0.559282099242472,45.32,2.34
2019,21740,1,7,46.574160000000006,0.49407257545793737,46.57,2.37
2019,21740,1,8,46.92773999999998,0.7283042953967709,47.46,3.11
2019,21740,1,9,47.964479999999995,1.5841720651064792,52.26,3.21
2019,21740,1,10,49.545160550458704,3.321858256008957,NA,NA
2019,21740,1,11,51.462932330827066,3.557762447541917,54,0
2019,21740,1,12,51.50775362318841,3.611340616494717,NA,NA
2019,21740,1,13,49.94605263157895,3.832104452868631,NA,NA
2019,21740,1,14,52.20285714285715,3.1582786149299444,NA,NA
2019,21740,1,15,54.8,3.0331501776206204,NA,NA
2019,21740,1,17,54,NA,NA,NA
2019,21740,2,1,17.974719999999998,0.39654737578564925,17.92,1.9
2019,21740,2,2,27.49402,0.7940200092883684,27.31,3.26
2019,21740,2,3,35.96606000000001,2.228996619166685,37.88,4.68
2019,21740,2,4,43.25822000000003,1.9142576096210204,44.06,3.17
2019,21740,2,5,47.43811999999997,1.0503886415019883,46.08,1.23
2019,21740,2,6,49.17766000000001,0.6921830387392025,48.91,3.07
2019,21740,2,7,49.37525999999997,0.5244507885963361,49.39,2.91
2019,21740,2,8,49.70028,0.6940877734656828,50.56,2.63
2019,21740,2,9,50.51947999999998,1.3931152392173014,54.61,1.69
2019,21740,2,10,51.78954648526078,3.431393339214027,62,0
2019,21740,2,11,53.29972093023256,4.8714017553413775,NA,NA
2019,21740,2,12,53.2712,4.3425758204960285,NA,NA
2019,21740,2,13,52.74883720930232,5.491910158328697,NA,NA
2019,21740,2,14,54.74666666666667,4.687355331100897,NA,NA
2019,21740,2,15,59.5,3.5355339059327378,NA,NA
2019,21740,2,16,62,NA,NA,NA
2019,21740,3,1,17.592500000000015,1.014182173458952,18.16,1.96
2019,21740,3,2,22.236559356136812,3.5311951441639877,21.05,2.22
2019,21740,3,3,33.06611226611227,5.5335625259896295,37.26,3.42
2019,21740,3,4,42.16917197452227,2.9372276612805526,42.81,2.37
2019,21740,3,5,45.326365546218454,1.9000949629426187,43.72,1.5
2019,21740,3,6,45.91691022964512,1.8285873935749313,43.98,2.19
2019,21740,3,7,46.50954166666666,1.9007672877512145,46.64,3.24
2019,21740,3,8,46.903557894736835,1.941144170381615,45.92,3.45
2019,21740,3,9,47.84185101580135,2.003798362661767,52.23,2.99
2019,21740,3,10,48.33264705882351,2.4352268571052154,NA,NA
2019,21740,3,11,48.37234848484849,2.6026571448250992,NA,NA
2019,21740,3,12,48.22528301886793,2.2995890968853083,NA,NA
2019,21740,3,13,47.901363636363634,2.362598036171088,NA,NA
2019,21740,3,14,48.86333333333334,1.210798634510846,NA,NA
2019,21740,4,1,17.924210855044524,0.40251953339464785,18.057668560901682,1.8065297727925953
2019,21740,4,2,27.030834033906675,0.8332888978851456,26.82043188842084,3.1280089084452443
2019,21740,4,3,35.61498823028411,1.7768122429426398,37.22184397763036,4.6027909753528204
2019,21740,4,4,43.103519317576236,1.4796754712379203,44.07633574471686,3.1347543060637917
2019,21740,4,5,46.45180289518057,0.7823482319106491,45.694244946536486,1.87377092355118
2019,21740,4,6,47.571554467534305,0.6385605112321583,46.46044731008948,2.572605276936599
2019,21740,4,7,48.20125335929965,0.5411489972073068,48.23756707898541,2.6913046778677736
2019,21740,4,8,48.48493425800061,0.6586832446856288,49.043995060116295,2.865052854869895
2019,21740,4,9,49.20661509379412,1.1404327662328348,53.22346152755577,2.5865188580456953
2019,21740,4,10,50.24509141937593,2.7025382799431785,62,0
2019,21740,4,11,52.02894931181303,3.7387629682812658,54,0
2019,21740,4,12,52.024973146050044,3.8826135994900617,NA,NA
2019,21740,4,13,51.697058682552736,4.834498744726982,NA,NA
2019,21740,4,14,53.709410776946456,4.036595950901928,NA,NA
2019,21740,4,15,56.142857142857146,3.670993118515816,NA,NA
2019,21740,4,16,62,NA,NA,NA
2019,21740,4,17,54,NA,NA,NA
2021,21740,0,1,17.35358,0.3005975738471713,17.31,2.08
2021,21740,0,2,31.04424,0.9199536138868125,30.82,3.54
2021,21740,0,3,39.31382,0.6168866231420675,39.35,3.47
2021,21740,0,4,42.71419999999998,0.44288718441182334,42.8,3.55
2021,21740,0,5,45.76267999999999,0.8298221660419232,47.34,4.31
2021,21740,0,6,48.95532000000003,1.2510369637101606,51.31,3.45
2021,21740,0,7,51.21898,0.8726932718277292,50.54,3.16
2021,21740,0,8,52.00619999999999,0.575825242082038,52.51,3.56
2021,21740,0,9,51.912520000000015,0.5559011619016524,52.01,3.31
2021,21740,0,10,51.89815999999999,0.821480538387794,52.2,4.18
2021,21740,0,11,51.89192771084339,1.5679058233261653,51.35,1.49
2021,21740,0,12,51.98088305489261,2.5686634644242825,NA,NA
2021,21740,0,13,51.84789743589743,2.998431925197725,NA,NA
2021,21740,0,14,52.9365,3.1893423289959677,NA,NA
2021,21740,0,15,51.93866666666666,3.195369234604124,NA,NA
2021,21740,0,16,51.2,2.1354156504062636,NA,NA
2021,21740,0,20,53.385000000000005,0.5444722215136438,NA,NA
2021,21740,1,1,17.191740000000014,0.3254316886351664,17.18,1.95
2021,21740,1,2,30.963220000000014,1.1406593000882232,30.3,3.69
2021,21740,1,3,38.786560000000044,0.690738159369829,38.88,3.12
2021,21740,1,4,41.87984000000001,0.5144142478945094,41.97,2.98
2021,21740,1,5,44.679060000000014,1.0709857783719399,46.12,3.87
2021,21740,1,6,47.736239999999995,1.495940888097308,48.81,2.35
2021,21740,1,7,49.69068,0.9562227048771877,49.59,2.9
2021,21740,1,8,49.96248000000004,0.7161194759309477,50.91,2.84
2021,21740,1,9,49.55606000000003,0.6610872477201449,49.52,2.31
2021,21740,1,10,49.46435999999996,0.8872739715562509,48.86,2.07
2021,21740,1,11,49.5533262260128,1.5142322044489127,50,0
2021,21740,1,12,49.974039735099325,1.97915320622186,NA,NA
2021,21740,1,13,50.06153846153845,2.274888141592631,NA,NA
2021,21740,1,14,50.43588235294118,1.9037460959542276,NA,NA
2021,21740,1,15,50.0028,2.2938750329228195,NA,NA
2021,21740,1,16,50.4,1.5165750888103102,NA,NA
2021,21740,2,1,17.585660000000004,0.3507777850848283,17.59,2.04
2021,21740,2,2,31.562859999999993,1.2961016083464738,31.34,3.49
2021,21740,2,3,39.93874000000003,0.7636678529171949,39.9,3.53
2021,21740,2,4,43.386179999999975,0.626974162786317,43.41,3.82
2021,21740,2,5,46.53009999999999,1.0034354765060989,47.98,4.32
2021,21740,2,6,49.96778000000002,1.7637335353071717,53.9,2.76
2021,21740,2,7,52.89070000000009,1.4564607326431644,53.81,3.88
2021,21740,2,8,53.34275999999997,0.7504005492860045,53.8,3.54
2021,21740,2,9,53.41480000000003,0.6054940181471854,53.45,2.76
2021,21740,2,10,53.76742000000004,0.9066030010998234,55.86,2.89
2021,21740,2,11,53.94120162932793,1.6309919299583233,53,0
2021,21740,2,12,53.88952830188678,2.6264726253814,NA,NA
2021,21740,2,13,54.34300000000002,2.7528504325291574,NA,NA
2021,21740,2,14,54.55243243243243,3.5977789486519822,NA,NA
2021,21740,2,15,53.031621621621625,2.831233058338827,NA,NA
2021,21740,2,16,56.75,3.5,NA,NA
2021,21740,2,17,53,NA,NA,NA
2021,21740,3,1,15.851080000000005,1.177051117099223,15.81,2.65
2021,21740,3,2,17.48087145969498,3.638199639768617,21,0
2021,21740,3,3,43.60777777777778,8.279669714337185,47,0
2021,21740,3,4,46.93695833333334,0.9766373004686368,47,0
2021,21740,3,5,47,0,47,0
2021,21740,3,6,47,0,47,0
2021,21740,3,7,47,0,47,0
2021,21740,3,8,47,0,NA,NA
2021,21740,3,9,47,0,47,0
2021,21740,3,10,47,0,47,0
2021,21740,3,11,47,0,NA,NA
2021,21740,3,12,47,0,NA,NA
2021,21740,3,13,47,0,NA,NA
2021,21740,3,14,47,NA,NA,NA
2021,21740,3,15,47,0,NA,NA
2021,21740,4,1,17.31812492264763,0.30452484658632095,17.3070011008127,2.029019309562428
2021,21740,4,2,31.24845888596204,1.0164529871811279,30.850797272808336,3.5815602758621403
2021,21740,4,3,39.402405076089025,0.595151478744427,39.425734180693524,3.3392272207914635
2021,21740,4,4,42.71976960897684,0.4752099977218389,42.7781349028367,3.45102245063943
2021,21740,4,5,45.77668086803096,0.8195124194129425,47.29392548905132,4.153130269932489
2021,21740,4,6,48.808953822947444,1.2485883930188406,51.105988973263756,2.534594869073833
2021,21740,4,7,51.05616407318172,0.9796143288160903,50.19715097366206,3.040253156942792
2021,21740,4,8,51.756518628728074,0.6278863500423283,52.4289665749695,3.2079157794043778
2021,21740,4,9,51.70342251459878,0.5836069255428608,51.79301020972223,2.570157293664748
2021,21740,4,10,51.76703803090445,0.8370602041371333,51.98187614846625,2.435079526982507
2021,21740,4,11,51.82629096724016,1.4525506397911596,51.27015702783981,0
2021,21740,4,12,51.83547788298539,2.430725190776362,NA,NA
2021,21740,4,13,52.41652993544988,2.9630382497761256,NA,NA
2021,21740,4,14,52.7801152071575,3.5348674306503325,NA,NA
2021,21740,4,15,51.72902075917052,2.710039176368279,NA,NA
2021,21740,4,16,53.22222222222222,4.1163630117428225,NA,NA
2021,21740,4,17,53,NA,NA,NA
