year,species_code,sex,length,bias
2002,10110,0,22,-0.18666666666666668
2002,10110,0,23,-0.08888888888888889
2002,10110,0,24,-0.16666666666666666
2002,10110,0,25,-0.2574074074074074
2002,10110,0,26,0.27142857142857146
2002,10110,0,27,0.04415584415584415
2002,10110,0,28,-0.11666666666666667
2002,10110,0,29,0.04761904761904763
2002,10110,0,30,0.03273809523809524
2002,10110,0,31,0.0067099567099567015
2002,10110,0,32,0.13856837606837605
2002,10110,0,33,-0.3077020202020202
2002,10110,0,34,0.002313725490196077
2002,10110,0,35,-0.02861649738381042
2002,10110,0,36,0.040477843528082764
2002,10110,0,37,-0.003464509346862282
2002,10110,0,38,0.0036139800049574573
2002,10110,0,39,-0.01955009276437848
2002,10110,0,40,0.02719471970738811
2002,10110,0,41,-0.018292525670058624
2002,10110,0,42,0.01483792170066678
2002,10110,0,43,0.008870221227200627
2002,10110,0,44,-0.02289983249651441
2002,10110,0,45,0.01364007724301842
2002,10110,0,46,-0.003833584715937657
2002,10110,0,47,0.019187400260196417
2002,10110,0,48,-0.003516605992682548
2002,10110,0,49,-0.019724056341108024
2002,10110,0,50,-0.015489469258448236
2002,10110,0,51,0.017946973452712338
2002,10110,0,52,-0.022087545872712114
2002,10110,0,53,0.035790598290598274
2002,10110,0,54,0.0362090723074705
2002,10110,0,55,0.0070090636702478835
2002,10110,0,56,0.02032163742690059
2002,10110,0,57,-0.06535199957682797
2002,10110,0,58,0.0033613640550980706
2002,10110,0,59,-0.004499379762537653
2002,10110,0,60,0.016403681788297157
2002,10110,0,61,-0.04532828282828282
2002,10110,0,62,0.0052653229123817424
2002,10110,0,63,-0.1463654401154401
2002,10110,0,64,0.0445714285714286
2002,10110,0,65,0.024358974358974377
2002,10110,0,66,0.10550887021475255
2002,10110,0,67,-0.11077680999556
2002,10110,0,68,-0.035131535131535135
2002,10110,0,69,0.12870370370370368
2002,10110,0,70,-0.08333333333333336
2002,10110,0,71,-0.009382596013612072
2002,10110,0,72,-0.125
2002,10110,0,73,0.011363636363636378
2002,10110,0,74,0.031666666666666676
2002,10110,0,75,-0.01428571428571429
2002,10110,0,76,-0.04166666666666667
2002,10110,0,77,0.03809523809523812
2002,10110,0,80,0.03571428571428571
2002,10110,1,22,-0.2708333333333333
2002,10110,1,23,-0.25
2002,10110,1,26,-0.22222222222222224
2002,10110,1,27,-0.12380952380952381
2002,10110,1,29,-0.6
2002,10110,1,30,0.1875
2002,10110,1,31,-0.2833333333333333
2002,10110,1,32,-0.014880952380952397
2002,10110,1,33,-0.27
2002,10110,1,34,0.04017094017094019
2002,10110,1,35,0.21875000000000006
2002,10110,1,36,0.12569444444444444
2002,10110,1,37,0.12034632034632037
2002,10110,1,38,0.04111111111111112
2002,10110,1,39,-0.0776978973407545
2002,10110,1,40,0.07901077097505671
2002,10110,1,41,-0.025641025641025647
2002,10110,1,42,0.11333333333333331
2002,10110,1,43,0.06929824561403508
2002,10110,1,44,-0.06182810245310246
2002,10110,1,45,0.05336617405582924
2002,10110,1,46,0.06474358974358975
2002,10110,1,47,0.060173160173160205
2002,10110,1,48,-0.08897727272727275
2002,10110,1,49,0.03792270531400967
2002,10110,1,50,0.013953895898340351
2002,10110,1,51,0.09761904761904765
2002,10110,1,52,0.2791666666666667
2002,10110,1,54,-0.019047619047619018
2002,10110,1,55,-0.12000000000000002
2002,10110,1,57,-0.17261904761904762
2002,10110,1,59,-0.4761904761904762
2002,10110,2,23,-0.08333333333333331
2002,10110,2,24,-0.11111111111111112
2002,10110,2,25,-0.08333333333333333
2002,10110,2,26,-0.16666666666666666
2002,10110,2,27,0.25
2002,10110,2,28,-0.375
2002,10110,2,29,-0.25000000000000006
2002,10110,2,30,0.22727272727272727
2002,10110,2,31,0.015079365079365067
2002,10110,2,32,-0.09166666666666665
2002,10110,2,33,-0.31108018965161827
2002,10110,2,34,0.06187505305152363
2002,10110,2,35,-0.02438271604938273
2002,10110,2,36,0.018246187363834425
2002,10110,2,37,0.16824675324675328
2002,10110,2,38,0.06136363636363637
2002,10110,2,39,0.06372549019607844
2002,10110,2,40,-0.0045248021209559515
2002,10110,2,41,0.032834757834757825
2002,10110,2,42,0.035148185148185136
2002,10110,2,43,0.07348272642390292
2002,10110,2,44,-0.03493269244456675
2002,10110,2,45,0.03783764773238458
2002,10110,2,46,-0.03978787878787879
2002,10110,2,47,0.002354101490614653
2002,10110,2,48,0.006091131091131072
2002,10110,2,49,-0.11421536796536795
2002,10110,2,50,-0.02741582725457855
2002,10110,2,51,-0.05792910792910796
2002,10110,2,52,-0.045780608280608294
2002,10110,2,53,0.056173290994719564
2002,10110,2,54,-0.010832685832685825
2002,10110,2,55,0.03600915666358879
2002,10110,2,56,-0.001533645132261037
2002,10110,2,57,0.023854137315675778
2002,10110,2,58,0.026992240746566015
2002,10110,2,59,0.004735542235542232
2002,10110,2,60,0.045390720390720375
2002,10110,2,61,-0.029405416012558888
2002,10110,2,62,-0.0019307952506332944
2002,10110,2,63,-0.08294509723081152
2002,10110,2,64,0.04782717282717283
2002,10110,2,65,-0.0020772618811834395
2002,10110,2,66,0.04340277777777776
2002,10110,2,67,-0.09405762304921968
2002,10110,2,68,-0.06431051587301588
2002,10110,2,69,0.02182539682539681
2002,10110,2,70,-0.040692640692640704
2002,10110,2,71,0.03984220907297828
2002,10110,2,72,-0.24938271604938272
2002,10110,2,73,0.045238095238095265
2002,10110,2,74,-0.00861678004535146
2002,10110,2,75,0.05000000000000001
2002,10110,2,76,0.023809523809523805
2002,10110,2,77,-0.1005847953216374
2002,10110,2,78,0
2002,10110,2,79,-0.20833333333333334
2002,10110,2,80,0
2002,10112,0,27,-0.16666666666666666
2002,10112,0,28,-0.08333333333333333
2002,10112,0,30,-0.25
2002,10112,0,34,0.025049603174603165
2002,10112,0,35,-0.034722222222222224
2002,10112,0,36,-0.01737097137705656
2002,10112,0,37,-0.011465629886682527
2002,10112,0,38,-0.09041847041847041
2002,10112,0,39,-0.09006069114631725
2002,10112,0,40,0.0011047336848252157
2002,10112,0,41,0.005733778359828785
2002,10112,0,42,0.029363515047514038
2002,10112,0,43,-0.0037744352970460696
2002,10112,0,44,-0.006233208328998284
2002,10112,0,45,-0.14461501769046525
2002,10112,0,46,-0.019564617241886444
2002,10112,0,47,-0.010476568756619913
2002,10112,0,48,-9.437158171614347e-4
2002,10112,0,49,-0.005217426932412812
2002,10112,0,50,-0.01598749534454351
2002,10112,0,51,0.006777371055756833
2002,10112,0,52,0.022929771398192453
2002,10112,0,53,-0.010202160734615091
2002,10112,0,54,0.01717389618550735
2002,10112,0,55,0.022849476632758367
2002,10112,0,56,0.007880156242225211
2002,10112,0,57,0.021339593864625174
2002,10112,0,58,0.014359556374520265
2002,10112,0,59,0.037117749811248255
2002,10112,0,60,0.009725980457503837
2002,10112,0,61,0.0439988799574996
2002,10112,0,62,0.10205977597281946
2002,10112,0,63,-0.009428916494133879
2002,10112,0,64,0.032560495060495055
2002,10112,0,65,0.06707251082251083
2002,10112,0,66,0.0660014005602241
2002,10112,0,67,-0.025597209807736134
2002,10112,0,68,-0.003071531642960223
2002,10112,0,69,0.050586901427237554
2002,10112,0,70,0.12169312169312173
2002,10112,0,71,0.07849206349206349
2002,10112,0,72,0.12261904761904763
2002,10112,0,73,0.07317460317460318
2002,10112,0,74,0.041958041958041946
2002,10112,0,75,0.21111111111111114
2002,10112,0,76,0.14072039072039072
2002,10112,0,77,-0.014795918367346941
2002,10112,0,78,0.0410858585858586
2002,10112,0,79,0
2002,10112,0,80,0.14285714285714285
2002,10112,0,81,-0.04444444444444445
2002,10112,0,84,-0.19047619047619047
2002,10112,1,27,-0.08333333333333333
2002,10112,1,34,0.08072916666666667
2002,10112,1,35,0.08388888888888886
2002,10112,1,36,-0.007512019230769239
2002,10112,1,37,-0.06870748299319726
2002,10112,1,38,-0.03953598484848482
2002,10112,1,39,-0.04657481788488654
2002,10112,1,40,0.02570512820512821
2002,10112,1,41,-0.012442279942279982
2002,10112,1,42,0.009573759573759567
2002,10112,1,43,-0.017278337002901975
2002,10112,1,44,-0.05036388732040904
2002,10112,1,45,-0.09885699096225413
2002,10112,1,46,-0.05560731933280954
2002,10112,1,47,0.03719851576994432
2002,10112,1,48,0.05632885632885633
2002,10112,1,49,0.0343148555818239
2002,10112,1,50,0.0035879102360396493
2002,10112,1,51,0.059027216170073324
2002,10112,1,52,-0.02554727019012733
2002,10112,1,53,0.01633076009923301
2002,10112,1,54,0.004652324089664236
2002,10112,1,55,0.11176470588235295
2002,10112,1,56,0.023301901642418885
2002,10112,1,57,0.05872252747252746
2002,10112,1,58,0.04415954415954415
2002,10112,1,59,-0.056410256410256425
2002,10112,1,60,0.026463166463166467
2002,10112,1,61,0.08333333333333334
2002,10112,1,65,-0.25
2002,10112,2,28,-0.18055555555555558
2002,10112,2,30,0
2002,10112,2,34,0.5
2002,10112,2,35,-0.425
2002,10112,2,36,-0.020833333333333336
2002,10112,2,37,-0.00784832451499119
2002,10112,2,38,0
2002,10112,2,39,-0.31655844155844154
2002,10112,2,40,-0.019789734075448377
2002,10112,2,41,0.11000000000000001
2002,10112,2,42,0.25952380952380955
2002,10112,2,43,-0.02311507936507937
2002,10112,2,44,0.013603670634920611
2002,10112,2,45,-0.08464749536178108
2002,10112,2,46,0.02765266765013217
2002,10112,2,47,0.03732101232101232
2002,10112,2,48,-0.008132787165045235
2002,10112,2,49,0.1281759906759907
2002,10112,2,50,-3.6597905018956404e-4
2002,10112,2,51,-0.1966117216117216
2002,10112,2,52,0.032457264957264975
2002,10112,2,53,0.08868723868723873
2002,10112,2,54,-0.00268157768157768
2002,10112,2,55,-0.011982797903850534
2002,10112,2,56,0.02471139971139972
2002,10112,2,57,0.01011904761904763
2002,10112,2,58,0.06794336382571675
2002,10112,2,59,0.014277586878206065
2002,10112,2,60,0.014485838779956437
2002,10112,2,61,0.04829624740339026
2002,10112,2,62,0.06311457656486895
2002,10112,2,63,0.0032688790710181017
2002,10112,2,64,0.08271490414347557
2002,10112,2,65,0.03463203463203461
2002,10112,2,66,0.05747767857142856
2002,10112,2,67,0.005525625168482317
2002,10112,2,68,-0.0727874689413151
2002,10112,2,69,0.10985964912280703
2002,10112,2,70,0.11254831217237231
2002,10112,2,71,-4.777830864787333e-4
2002,10112,2,72,-0.051298701298701295
2002,10112,2,73,0.030167748917748927
2002,10112,2,74,-0.035786435786435804
2002,10112,2,75,0.040000000000000015
2002,10112,2,76,0.13690476190476195
2002,10112,2,77,0.3363945578231292
2002,10112,2,78,0.20970695970695968
2002,10112,2,79,-0.041666666666666685
2002,10112,2,80,-0.09583333333333333
2002,10112,2,84,-0.06666666666666665
2002,10115,0,30,0
2002,10115,0,43,-0.12804232804232804
2002,10115,0,47,-0.024999999999999977
2002,10115,0,48,-0.4444444444444445
2002,10115,0,50,-0.6666666666666667
2002,10115,0,51,-0.5
2002,10115,0,52,-0.75
2002,10115,0,55,-0.45833333333333337
2002,10115,0,56,-0.75
2002,10115,0,58,-0.6
2002,10115,0,59,0.027083333333333334
2002,10115,0,60,0.01923076923076926
2002,10115,0,61,0.049041434755720474
2002,10115,0,62,0.010416666666666649
2002,10115,0,63,-0.07420634920634922
2002,10115,0,64,-0.003291645145360317
2002,10115,0,65,0.017734220211226892
2002,10115,0,66,0.03836502379876386
2002,10115,0,67,0.012899358850775863
2002,10115,0,68,0.00396826513699579
2002,10115,0,69,0.014121251689492721
2002,10115,0,70,0.008086516180279996
2002,10115,0,71,0.010944941302084166
2002,10115,0,72,0.004456090084841111
2002,10115,0,73,0.02576312576312576
2002,10115,0,74,0.03488756613756613
2002,10115,0,75,0.02750225090036015
2002,10115,0,76,-0.03727272727272728
2002,10115,0,77,0.11128472222222222
2002,10115,0,78,0.008825618825618813
2002,10115,0,79,0.07913941217512648
2002,10115,0,80,0.04991644158310825
2002,10115,0,81,0.026217952105854418
2002,10115,0,82,-0.020821436117488743
2002,10115,0,83,-0.0024191963847136244
2002,10115,0,84,-0.03513480586895493
2002,10115,0,85,-0.002257266542980823
2002,10115,0,86,0.042853408078971963
2002,10115,0,87,0.007887538857222607
2002,10115,0,88,-0.02423355629877368
2002,10115,0,89,-1.2163293096355708e-4
2002,10115,0,90,0.040806878306878326
2002,10115,0,91,0.01524586524586525
2002,10115,0,92,0.0891025641025641
2002,10115,0,93,0.07037037037037036
2002,10115,0,94,-0.025621771545684593
2002,10115,0,95,0.01732711732711734
2002,10115,0,96,-0.0011150059559854144
2002,10115,0,97,-0.020833333333333315
2002,10115,0,98,-0.75
2002,10115,0,99,0.012499999999999997
2002,10115,0,100,-0.09999999999999998
2002,10115,0,101,-0.8
2002,10115,1,30,-0.1
2002,10115,1,43,-0.14735449735449738
2002,10115,1,47,0.2011904761904762
2002,10115,1,48,-0.638888888888889
2002,10115,1,50,-0.5
2002,10115,1,55,-0.7083333333333334
2002,10115,1,56,-0.5
2002,10115,1,58,0
2002,10115,1,59,0
2002,10115,1,60,0.03333333333333336
2002,10115,1,61,-0.010714285714285732
2002,10115,1,62,0.04534188034188033
2002,10115,1,63,-0.06283068783068785
2002,10115,1,64,0.006572062321496264
2002,10115,1,65,0.016014768013848896
2002,10115,1,66,0.0028111672633409756
2002,10115,1,67,0.02059171448706333
2002,10115,1,68,0.01474335604716418
2002,10115,1,69,0.030977740468041953
2002,10115,1,70,0.001534116001013649
2002,10115,1,71,0.06023832489349729
2002,10115,1,72,-0.0015863156856945734
2002,10115,1,73,0.026343690265591788
2002,10115,1,74,0.028561610579154448
2002,10115,1,75,0.01386109101626342
2002,10115,1,76,-0.08035714285714285
2002,10115,1,77,-0.13515151515151516
2002,10115,1,78,0
2002,10115,1,80,-0.3
2002,10115,2,51,-0.5833333333333334
2002,10115,2,59,-0.17857142857142858
2002,10115,2,65,-0.625
2002,10115,2,69,0.06439393939393942
2002,10115,2,71,0
2002,10115,2,73,-0.7333333333333334
2002,10115,2,75,-0.033333333333333326
2002,10115,2,77,0.09666666666666666
2002,10115,2,78,0.01543964076858814
2002,10115,2,79,0.042370129870129884
2002,10115,2,80,0.0609258796758797
2002,10115,2,81,0.02928589026150002
2002,10115,2,82,0.0025701422760246208
2002,10115,2,83,0.005314226003881175
2002,10115,2,84,-0.03285507586396915
2002,10115,2,85,-0.03834883065652296
2002,10115,2,86,0.04780067493482127
2002,10115,2,87,-0.013675386956344281
2002,10115,2,88,0.06697673552293118
2002,10115,2,89,-0.008818637502848036
2002,10115,2,90,0.09004865103936313
2002,10115,2,91,0.017728105228105216
2002,10115,2,92,0.02686965811965813
2002,10115,2,93,0.03217468805704099
2002,10115,2,94,-0.0020088885473500888
2002,10115,2,95,-0.009149184149184137
2002,10115,2,96,-0.022774641429612188
2002,10115,2,97,0.1354166666666667
2002,10115,2,99,-5.102040816326671e-4
2002,10115,2,100,-0.05555555555555556
2002,30060,0,12,-0.2
2002,30060,0,15,-0.08333333333333333
2002,30060,0,16,-0.3888888888888889
2002,30060,0,17,0.029999999999999992
2002,30060,0,18,0.09523809523809522
2002,30060,0,19,0.02166666666666666
2002,30060,0,20,0.43518518518518523
2002,30060,0,21,0.12451267056530213
2002,30060,0,22,0.08769513314967861
2002,30060,0,23,-0.1777777777777778
2002,30060,0,24,0.0958333333333333
2002,30060,0,25,0.13359788359788366
2002,30060,0,26,0.12158564814814816
2002,30060,0,27,0.0671356421356421
2002,30060,0,28,0.04687500000000002
2002,30060,0,29,-0.06666666666666668
2002,30060,0,30,-0.039614898989899006
2002,30060,0,31,0.08055555555555555
2002,30060,0,32,0.08454106280193235
2002,30060,0,33,0.036070971485967475
2002,30060,0,34,0.032815040032431346
2002,30060,0,35,0.03998643255609201
2002,30060,0,36,0.03229371033163602
2002,30060,0,37,0.018064146916168273
2002,30060,0,38,0.01911411888192072
2002,30060,0,39,0.009367496138009522
2002,30060,0,40,0.06041603040483217
2002,30060,0,41,0.027054496073435245
2002,30060,0,42,0.03195910995143733
2002,30060,0,43,0.0379844594883794
2002,30060,0,44,0.06148489191967453
2002,30060,0,45,0.03787878787878787
2002,30060,0,46,-0.016313932980599667
2002,30060,0,47,0.008571428571428574
2002,30060,0,48,-0.05238095238095239
2002,30060,1,17,-0.08333333333333333
2002,30060,1,18,0.2857142857142857
2002,30060,1,19,-0.2666666666666667
2002,30060,1,20,0.13809523809523808
2002,30060,1,21,-0.2375
2002,30060,1,22,0.1443452380952381
2002,30060,1,23,-0.33333333333333337
2002,30060,1,24,-0.1875
2002,30060,1,25,0.19444444444444445
2002,30060,1,26,0
2002,30060,1,27,0.00833333333333336
2002,30060,1,28,-0.2916666666666667
2002,30060,1,29,6.802721088435271e-4
2002,30060,1,30,0.25
2002,30060,1,31,-0.2875
2002,30060,1,32,-0.11405895691609978
2002,30060,1,33,-0.08622448979591837
2002,30060,1,34,0.05719668936986424
2002,30060,1,35,0.04881836008194705
2002,30060,1,36,0.12658730158730158
2002,30060,1,37,0.056349206349206364
2002,30060,1,38,0.028326118326118335
2002,30060,1,39,0.04960455486542444
2002,30060,1,40,0.14203778677462886
2002,30060,1,41,0.059722222222222225
2002,30060,1,42,0.04182080545716909
2002,30060,1,43,-0.016269841269841257
2002,30060,1,44,0.0625
2002,30060,1,45,-0.2916666666666667
2002,30060,2,15,0
2002,30060,2,16,-0.2125
2002,30060,2,17,-0.5
2002,30060,2,19,0
2002,30060,2,20,-0.16666666666666666
2002,30060,2,21,0.10416666666666669
2002,30060,2,22,-0.11111111111111112
2002,30060,2,23,-0.15341880341880337
2002,30060,2,24,-0.3
2002,30060,2,25,0.044582470669427186
2002,30060,2,26,0.19338624338624338
2002,30060,2,27,0.08333333333333333
2002,30060,2,28,-0.16666666666666666
2002,30060,2,30,-0.41845238095238096
2002,30060,2,31,-0.014404761904761875
2002,30060,2,32,0.11458333333333336
2002,30060,2,33,-0.05279220779220779
2002,30060,2,34,0.18781179138321996
2002,30060,2,35,0.13689754689754693
2002,30060,2,36,0.013668767967410518
2002,30060,2,37,0.07006349206349208
2002,30060,2,38,0.04403778040141677
2002,30060,2,39,1.303095053094873e-4
2002,30060,2,40,0.049122807017543874
2002,30060,2,41,0.02001948910071291
2002,30060,2,42,0.004375000000000006
2002,30060,2,43,0.07252249384602323
2002,30060,2,44,0.07671717171717171
2002,30060,2,45,0.003860028860028871
2002,30060,2,46,0.020039682539682545
2002,30060,2,47,0.23333333333333334
2002,30060,2,48,-0.17604166666666665
2004,10115,0,39,0.041666666666666664
2004,10115,0,41,0.11328320802005012
2004,10115,0,43,-0.45833333333333337
2004,10115,0,44,-0.5
2004,10115,0,46,-0.4166666666666667
2004,10115,0,47,-0.08880378880378877
2004,10115,0,48,-0.6666666666666667
2004,10115,0,49,-0.09523809523809525
2004,10115,0,50,-0.08333333333333333
2004,10115,0,51,-0.5833333333333334
2004,10115,0,53,0.1333333333333333
2004,10115,0,54,-0.8
2004,10115,0,57,-0.6
2004,10115,0,59,0.04119047619047619
2004,10115,0,60,-0.02780303030303032
2004,10115,0,61,0.0631419234360411
2004,10115,0,62,-0.02541125541125542
2004,10115,0,63,0.01931089743589744
2004,10115,0,64,0.032504841649578495
2004,10115,0,65,-0.028588972431077678
2004,10115,0,66,0.02861918674022827
2004,10115,0,67,-0.0017888363412660062
2004,10115,0,68,-0.0035872297637003507
2004,10115,0,69,6.527516246186326e-4
2004,10115,0,70,-0.0024533906594607553
2004,10115,0,71,0.012814188395583735
2004,10115,0,72,0.015111721611721602
2004,10115,0,73,0.008772879167616016
2004,10115,0,74,-0.04354023169812642
2004,10115,0,75,-0.008239129788539027
2004,10115,0,76,0.005882472228626082
2004,10115,0,77,0.01007452574525746
2004,10115,0,78,0.008317238715373574
2004,10115,0,79,0.016645824271422367
2004,10115,0,80,-0.010650366476158326
2004,10115,0,81,0.02734487734487736
2004,10115,0,82,-0.06101190476190476
2004,10115,0,83,-0.030272214557928848
2004,10115,0,84,0.08746031746031746
2004,10115,0,85,-0.003015984441815651
2004,10115,0,86,0.04174023593090126
2004,10115,0,87,0.015259881730469976
2004,10115,0,88,0.021499037388563926
2004,10115,0,89,0.0198765231156872
2004,10115,0,90,-0.02022060873735515
2004,10115,0,91,-0.011878253325621743
2004,10115,0,92,0.02956765456765457
2004,10115,0,93,0.058844714313464316
2004,10115,0,94,0.03712511446886446
2004,10115,0,95,0.03592959001782532
2004,10115,0,96,-0.07682629870129871
2004,10115,0,97,-0.018398268398268386
2004,10115,0,98,0.036991569833675075
2004,10115,0,99,-0.06212121212121212
2004,10115,0,100,-0.06194444444444447
2004,10115,0,101,-0.015476190476190452
2004,10115,0,102,-0.125
2004,10115,0,104,-0.375
2004,10115,0,105,-0.6666666666666667
2004,10115,1,39,-0.375
2004,10115,1,41,-0.12272727272727274
2004,10115,1,42,-0.5
2004,10115,1,43,0
2004,10115,1,44,-0.33035714285714285
2004,10115,1,47,-0.1319347319347319
2004,10115,1,49,0.125
2004,10115,1,50,0
2004,10115,1,51,0
2004,10115,1,56,0
2004,10115,1,57,-0.8023809523809525
2004,10115,1,58,-0.8333333333333334
2004,10115,1,59,-0.010526315789473686
2004,10115,1,60,-0.028703703703703724
2004,10115,1,61,0.11298701298701297
2004,10115,1,62,0.01790633608815426
2004,10115,1,63,-0.0037293008053241954
2004,10115,1,64,0.06368102796674226
2004,10115,1,65,-0.03058858696940874
2004,10115,1,66,-8.143157079327265e-4
2004,10115,1,67,0.008915302474472957
2004,10115,1,68,0.005661230925936809
2004,10115,1,69,-0.015172769972363833
2004,10115,1,70,0.004484845288621031
2004,10115,1,71,0.020595253489990334
2004,10115,1,72,0.005285743338894175
2004,10115,1,73,-0.013627984216219505
2004,10115,1,74,-0.0023393273393273323
2004,10115,1,75,0.008893557422969196
2004,10115,1,76,0.006313131313131298
2004,10115,1,77,0.03148148148148146
2004,10115,1,78,-0.010714285714285723
2004,10115,1,79,-0.03253968253968252
2004,10115,1,86,-0.5
2004,10115,1,88,-0.6666666666666667
2004,10115,1,92,-0.5833333333333334
2004,10115,2,41,0
2004,10115,2,46,-0.16666666666666666
2004,10115,2,53,0.06666666666666667
2004,10115,2,61,-0.8
2004,10115,2,65,-0.33333333333333337
2004,10115,2,66,0.05
2004,10115,2,68,-0.8
2004,10115,2,73,-0.11309523809523808
2004,10115,2,75,0.05462962962962961
2004,10115,2,76,-0.06333333333333332
2004,10115,2,77,0.1221894267348813
2004,10115,2,78,0.011435580880025322
2004,10115,2,79,0.02726973880820035
2004,10115,2,80,-0.038228438228438244
2004,10115,2,81,-0.07658730158730158
2004,10115,2,82,-0.04476190476190477
2004,10115,2,83,-0.02028851757953925
2004,10115,2,84,-0.03816658872060535
2004,10115,2,85,-0.006838041048567361
2004,10115,2,86,0.03460657931811776
2004,10115,2,87,0.03988883953820841
2004,10115,2,88,0.005848634266826494
2004,10115,2,89,0.004675139675139669
2004,10115,2,90,0.00835321760987959
2004,10115,2,91,0.005076565946131164
2004,10115,2,92,0.0133953823953824
2004,10115,2,93,0.04680162832336747
2004,10115,2,94,0.03354420160686145
2004,10115,2,95,0.007059784698193012
2004,10115,2,96,-0.02935675435675435
2004,10115,2,97,0.0795138888888889
2004,10115,2,98,0.04161047286047286
2004,10115,2,99,-0.09621212121212121
2004,10115,2,100,-0.019166666666666686
2004,10115,2,101,0.20000000000000004
2004,10115,2,102,0.25
2004,10115,2,104,-0.04444444444444445
2004,10115,2,105,-0.6666666666666667
2004,30060,0,10,-0.5
2004,30060,0,11,-0.17380952380952383
2004,30060,0,12,-0.16499999999999998
2004,30060,0,13,-0.08095238095238096
2004,30060,0,14,-0.025
2004,30060,0,15,0.024130036630036662
2004,30060,0,16,-0.4000000000000001
2004,30060,0,17,0.4166666666666667
2004,30060,0,18,0.25
2004,30060,0,19,0.1359126984126984
2004,30060,0,20,-0.34722222222222227
2004,30060,0,21,0.0314484126984127
2004,30060,0,22,0.02697765700483092
2004,30060,0,23,0.024115779645191404
2004,30060,0,24,0.016051656676656655
2004,30060,0,25,0.021116610185436098
2004,30060,0,26,-0.0016963856249570624
2004,30060,0,27,0.05189867802324548
2004,30060,0,28,-0.03875933423301845
2004,30060,0,29,0.056440454969866716
2004,30060,0,30,0.04705882352941176
2004,30060,0,31,0.006484921517601252
2004,30060,0,32,0.026767656168504513
2004,30060,0,33,0.013610985064457895
2004,30060,0,34,0.0011467810862972176
2004,30060,0,35,0.018770830745959935
2004,30060,0,36,0.017744765583000886
2004,30060,0,37,0.0065882102554428576
2004,30060,0,38,0.009243038468266018
2004,30060,0,39,0.02192876452175216
2004,30060,0,40,0.012843421426541633
2004,30060,0,41,-0.009138919486046712
2004,30060,0,42,0.0051809903956718415
2004,30060,0,43,-0.017851483567474253
2004,30060,0,44,-0.0034843226948490097
2004,30060,0,45,-0.006704511963132648
2004,30060,0,46,0.019103946735525675
2004,30060,0,47,-0.04166809068124857
2004,30060,0,48,-0.033333333333333354
2004,30060,0,49,0
2004,30060,1,11,0
2004,30060,1,12,-0.19166666666666665
2004,30060,1,13,-0.23707482993197276
2004,30060,1,14,0
2004,30060,1,15,0.041666666666666685
2004,30060,1,16,-0.16666666666666669
2004,30060,1,17,-0.06666666666666668
2004,30060,1,18,-0.07142857142857145
2004,30060,1,19,0.21168831168831168
2004,30060,1,20,-0.5833333333333334
2004,30060,1,21,0.03030303030303033
2004,30060,1,22,0.09515151515151515
2004,30060,1,23,0.0736111111111111
2004,30060,1,24,0.1028244631185808
2004,30060,1,25,0.11333333333333333
2004,30060,1,26,0.006459096459096462
2004,30060,1,27,0.09155115037467981
2004,30060,1,28,-0.024977954144620805
2004,30060,1,29,-0.0011961996336996034
2004,30060,1,30,0.007083559715138676
2004,30060,1,31,-0.011904761904761883
2004,30060,1,32,0.11801242236024843
2004,30060,1,33,0.06989481872294372
2004,30060,1,34,0.029444085326438267
2004,30060,1,35,0.018187855823725382
2004,30060,1,36,0.05089062897886429
2004,30060,1,37,-0.021672771672771683
2004,30060,1,38,-0.004541182501708818
2004,30060,1,39,0.0286345838069976
2004,30060,1,40,-0.05865967273445243
2004,30060,1,41,0.019108242185165263
2004,30060,1,42,0.00410071748744518
2004,30060,1,43,0.06475468975468977
2004,30060,1,44,-0.18798185941043083
2004,30060,1,45,-0.0208333333333333
2004,30060,2,11,-0.13333333333333333
2004,30060,2,12,-0.07142857142857142
2004,30060,2,16,-0.3333333333333333
2004,30060,2,17,-0.11111111111111112
2004,30060,2,18,0
2004,30060,2,19,0.3333333333333333
2004,30060,2,21,-0.4285714285714286
2004,30060,2,22,0.06994047619047618
2004,30060,2,23,0.12306255835667596
2004,30060,2,24,0.029058441558441575
2004,30060,2,25,0.10652709359605911
2004,30060,2,26,-0.16587301587301592
2004,30060,2,27,0.04012345679012346
2004,30060,2,28,0.06681000159261029
2004,30060,2,29,0.07492368742368745
2004,30060,2,30,-0.5357142857142858
2004,30060,2,31,0.028430860327412058
2004,30060,2,32,0.05327561327561326
2004,30060,2,33,0.08253968253968251
2004,30060,2,34,0.07056489262371617
2004,30060,2,35,0.08340455840455839
2004,30060,2,36,-0.007548701298701292
2004,30060,2,37,-0.023618317166704282
2004,30060,2,38,0.03793917435221781
2004,30060,2,39,0.02085385878489326
2004,30060,2,40,0.0029046976415397522
2004,30060,2,41,0.008405483405483409
2004,30060,2,42,0.07447855175127902
2004,30060,2,43,0.016973593403799357
2004,30060,2,44,0.009695484254307775
2004,30060,2,45,0.03333333333333332
2004,30060,2,46,-0.014236664894559636
2004,30060,2,47,-0.06522538308252593
2004,30060,2,48,-0.12018849206349211
2008,10115,0,47,-0.5833333333333334
2008,10115,0,48,-0.3838383838383838
2008,10115,0,49,-0.20804988662131518
2008,10115,0,50,-0.19945759368836294
2008,10115,0,51,-0.02407407407407408
2008,10115,0,52,-0.025144300144300143
2008,10115,0,53,-0.02662750420187492
2008,10115,0,54,-0.06290064102564101
2008,10115,0,55,-0.06662800162800163
2008,10115,0,56,0.0885185185185185
2008,10115,0,57,-0.002716751093109794
2008,10115,0,58,-0.046470780681307
2008,10115,0,59,-0.04356718161065987
2008,10115,0,60,-0.05340393479779668
2008,10115,0,61,0.006015756015756004
2008,10115,0,62,-0.017347494553376887
2008,10115,0,63,-0.01885226302519535
2008,10115,0,64,0.01749571008149439
2008,10115,0,65,0.005522418858144863
2008,10115,0,66,0.003963275793747113
2008,10115,0,67,2.826215078858079e-4
2008,10115,0,68,0.00634680898857206
2008,10115,0,69,0.009171197760585548
2008,10115,0,70,0.012663154121259106
2008,10115,0,71,0.011945540335370843
2008,10115,0,72,0.01870908791324016
2008,10115,0,73,0.017976781199287587
2008,10115,0,74,-0.02531514379340466
2008,10115,0,75,0.028835788394611917
2008,10115,0,76,0.07
2008,10115,0,77,0.0778835978835979
2008,10115,0,78,-0.048095238095238114
2008,10115,0,79,-0.018650793650793637
2008,10115,0,80,0.019841269841269833
2008,10115,0,81,-0.11713056680161944
2008,10115,0,82,-0.009616573902288197
2008,10115,0,83,-0.0068783068783069
2008,10115,0,84,0.04992025518341309
2008,10115,0,85,0.05896214896214898
2008,10115,0,86,0.22301587301587306
2008,10115,0,87,0.020064935064935084
2008,10115,0,88,-0.07641806722689076
2008,10115,0,89,-0.023511292628939688
2008,10115,0,90,-0.09249084249084248
2008,10115,0,91,-0.05715641918649437
2008,10115,0,92,0.028403540903540903
2008,10115,0,93,-0.019668498168498166
2008,10115,0,94,-0.004122574955908287
2008,10115,0,95,0.00238095238095237
2008,10115,0,96,-0.01050910894660895
2008,10115,0,97,0.16666666666666663
2008,10115,0,99,-0.036525013448090365
2008,10115,0,100,-0.015476190476190477
2008,10115,0,101,-0.09761904761904759
2008,10115,0,102,-0.2583333333333333
2008,10115,0,105,-0.6
2008,10115,0,106,-0.8
2008,10115,0,117,-0.6
2008,10115,1,47,-0.7916666666666667
2008,10115,1,48,-0.4
2008,10115,1,49,-0.5083333333333334
2008,10115,1,50,-0.19226190476190474
2008,10115,1,51,-0.10317460317460315
2008,10115,1,52,-0.15611111111111114
2008,10115,1,53,-0.6674603174603174
2008,10115,1,54,-0.044608054477719185
2008,10115,1,55,-0.08360645202750466
2008,10115,1,56,-0.055555555555555546
2008,10115,1,57,-0.053888672831504045
2008,10115,1,58,-0.11105820105820104
2008,10115,1,59,-0.15873015873015875
2008,10115,1,60,-0.0869949494949495
2008,10115,1,61,3.331209852949092e-4
2008,10115,1,62,0.03877551020408162
2008,10115,1,63,-0.04582972582972584
2008,10115,1,64,0.04657063480592893
2008,10115,1,65,0.02899797570850202
2008,10115,1,66,0.03683127572016462
2008,10115,1,67,0.019920736183894075
2008,10115,1,68,0.06164042306899449
2008,10115,1,69,0.03468465921381298
2008,10115,1,70,0.01707035536483725
2008,10115,1,71,0.027654703452575802
2008,10115,1,72,0.04287711307565352
2008,10115,1,73,0.04327139874014874
2008,10115,1,74,0.030178155178155176
2008,10115,1,75,0.0046953492140657865
2008,10115,1,76,0.04583333333333333
2008,10115,1,77,-0.016666666666666673
2008,10115,1,78,-0.12669413919413922
2008,10115,1,79,-0.33333333333333337
2008,10115,1,80,-0.18333333333333335
2008,10115,1,81,-0.36111111111111116
2008,10115,1,117,-0.3321428571428572
2008,10115,2,48,-0.5555555555555556
2008,10115,2,49,-0.18645833333333334
2008,10115,2,50,0
2008,10115,2,51,0.13194444444444448
2008,10115,2,52,0.08642857142857141
2008,10115,2,53,0.04861111111111114
2008,10115,2,54,-0.2777777777777778
2008,10115,2,55,-0.1878084037174946
2008,10115,2,56,-0.135
2008,10115,2,57,-0.05653409090909092
2008,10115,2,58,0.25
2008,10115,2,59,-0.11285714285714282
2008,10115,2,60,-0.09166666666666663
2008,10115,2,61,0.05328282828282827
2008,10115,2,62,-0.7416666666666667
2008,10115,2,63,2.9761904761906505e-4
2008,10115,2,64,0.052437641723356
2008,10115,2,65,0.0014285714285714166
2008,10115,2,66,-0.011294765840220405
2008,10115,2,67,-0.0783236371471666
2008,10115,2,68,-0.12380647911338451
2008,10115,2,69,-0.060937500000000006
2008,10115,2,70,-0.21333333333333332
2008,10115,2,71,-0.04464285714285715
2008,10115,2,72,-0.8
2008,10115,2,73,-0.047619047619047596
2008,10115,2,75,-0.17873677248677247
2008,10115,2,77,0.023809523809523808
2008,10115,2,79,0.16904761904761903
2008,10115,2,80,-0.19654882154882156
2008,10115,2,81,0
2008,10115,2,82,0.06038461538461539
2008,10115,2,83,0.026324786324786315
2008,10115,2,84,-0.05299992405255562
2008,10115,2,85,0.046910665092483296
2008,10115,2,86,-0.023148148148148126
2008,10115,2,87,-0.0024384706202887946
2008,10115,2,88,-0.12857142857142856
2008,10115,2,89,0.07452380952380952
2008,10115,2,90,-0.04990415358062418
2008,10115,2,91,0.09379509379509378
2008,10115,2,92,0.0017255892255892214
2008,10115,2,93,4.266566766566813e-4
2008,10115,2,94,-0.010635264206692781
2008,10115,2,95,0.039259549973835677
2008,10115,2,96,0.031044215300270663
2008,10115,2,97,-0.3375
2008,10115,2,99,0.07077922077922078
2008,10115,2,100,-0.10590027256693925
2008,10115,2,101,-0.14583333333333331
2008,10115,2,102,-0.31746031746031744
2008,10115,2,103,-0.6111111111111112
2008,10115,2,105,-0.5
2008,10115,2,106,-0.5
2008,30060,0,8,-0.25
2008,30060,0,9,-0.3183035714285714
2008,30060,0,10,-0.265
2008,30060,0,14,-0.05
2008,30060,0,15,-0.45
2008,30060,0,16,0.25555555555555554
2008,30060,0,17,0
2008,30060,0,18,-0.27714285714285714
2008,30060,0,20,-0.22222222222222224
2008,30060,0,21,0.18267973856209152
2008,30060,0,22,0.19094304388422034
2008,30060,0,23,0.004761904761904785
2008,30060,0,24,-0.2904491341991342
2008,30060,0,25,-0.1875
2008,30060,0,26,0.015095223584187948
2008,30060,0,27,0.20666666666666672
2008,30060,0,28,0.06332671957671955
2008,30060,0,29,0.20821428571428569
2008,30060,0,30,0.07307484397267677
2008,30060,0,31,0.07871315192743764
2008,30060,0,32,0.016565619888059966
2008,30060,0,33,0.034549297451774236
2008,30060,0,34,-0.01633017914372112
2008,30060,0,35,-0.0035458660831795144
2008,30060,0,36,0.006168770178236446
2008,30060,0,37,0.0017689397071948428
2008,30060,0,38,0.007610976612256955
2008,30060,0,39,4.964182318557365e-4
2008,30060,0,40,0.0025914050449426765
2008,30060,0,41,0.0010037309169834215
2008,30060,0,42,0.0018444188293079923
2008,30060,0,43,0.02477015653217026
2008,30060,0,44,0.021324146289946565
2008,30060,0,45,0.010087700309488646
2008,30060,0,46,0.040507198115893775
2008,30060,0,47,-0.06268939393939392
2008,30060,0,48,0.013578088578088588
2008,30060,1,14,-0.1875
2008,30060,1,17,-0.2777777777777778
2008,30060,1,18,-0.14583333333333334
2008,30060,1,21,0.5
2008,30060,1,22,0.19999999999999998
2008,30060,1,23,0.049999999999999996
2008,30060,1,24,-0.17687074829931973
2008,30060,1,25,0
2008,30060,1,26,-0.014351851851851857
2008,30060,1,27,0
2008,30060,1,28,0.18148148148148152
2008,30060,1,29,0.29166666666666663
2008,30060,1,30,0.12904761904761905
2008,30060,1,31,0.16810256410256413
2008,30060,1,32,-0.037718454385121045
2008,30060,1,33,0.06063748079877112
2008,30060,1,34,0.04936416706024547
2008,30060,1,35,0.021561648228314904
2008,30060,1,36,0.01273145294931318
2008,30060,1,37,-0.009172247524135601
2008,30060,1,38,0.034302770815928724
2008,30060,1,39,0.0017201267201267126
2008,30060,1,40,0.06165800865800866
2008,30060,1,41,-0.027697279636337807
2008,30060,1,42,-0.002051483869665691
2008,30060,1,43,0.04469340183625898
2008,30060,1,44,0.019318181818181814
2008,30060,1,45,-0.02037037037037039
2008,30060,1,47,-0.48888888888888893
2008,30060,2,16,-0.3888888888888889
2008,30060,2,18,-0.5
2008,30060,2,20,-0.3333333333333333
2008,30060,2,21,0.18750000000000003
2008,30060,2,22,0.08333333333333331
2008,30060,2,23,-0.19999999999999998
2008,30060,2,24,-0.3479166666666667
2008,30060,2,26,0.09791666666666672
2008,30060,2,27,0.01428571428571429
2008,30060,2,28,-0.39583333333333337
2008,30060,2,29,0.31794871794871793
2008,30060,2,30,-0.35
2008,30060,2,31,0.108974358974359
2008,30060,2,32,-0.017911877394636042
2008,30060,2,33,-0.4911564625850339
2008,30060,2,34,0.013513416471792782
2008,30060,2,35,0.021788819874203606
2008,30060,2,36,0.01768099736520788
2008,30060,2,37,0.028096967531952042
2008,30060,2,38,0.022968891573542743
2008,30060,2,39,0.01663611523040589
2008,30060,2,40,0.04135253380198232
2008,30060,2,41,0.01432865023817708
2008,30060,2,42,0.022017550464241642
2008,30060,2,43,0.047013172013172004
2008,30060,2,44,0.009403451124039357
2008,30060,2,45,0.023489491888541356
2008,30060,2,46,0.01549868260394576
2008,30060,2,47,-0.0978835978835979
2008,30060,2,48,0.0461309523809524
2008,30060,2,49,-0.15
2010,10110,0,17,-0.08333333333333333
2010,10110,0,25,-0.125
2010,10110,0,26,-0.27083333333333337
2010,10110,0,27,-0.009274563820018344
2010,10110,0,28,-0.25
2010,10110,0,29,0.3055555555555556
2010,10110,0,30,-0.16462585034013605
2010,10110,0,31,-0.024884374884374894
2010,10110,0,32,-0.05508417508417507
2010,10110,0,33,-0.02857142857142853
2010,10110,0,34,0.0026295133437990725
2010,10110,0,35,-0.14686393853060517
2010,10110,0,36,-0.03980618204541171
2010,10110,0,37,-0.05073828772558355
2010,10110,0,38,-0.0074809490026881455
2010,10110,0,39,-0.021970753460523285
2010,10110,0,40,-0.01917575400076798
2010,10110,0,41,-0.010033627287620845
2010,10110,0,42,-0.04311126442191132
2010,10110,0,43,-0.02470417902388859
2010,10110,0,44,0.00533440049697101
2010,10110,0,45,-0.01283072358627009
2010,10110,0,46,-0.018953505236617443
2010,10110,0,47,-0.040504122565614684
2010,10110,0,48,-0.0420266611331669
2010,10110,0,49,-0.010816032247584281
2010,10110,0,50,-0.011079584666541192
2010,10110,0,51,-0.0021770770458926334
2010,10110,0,52,-0.07821190897885309
2010,10110,0,53,-0.03237585012739811
2010,10110,0,54,0.03889061306340719
2010,10110,0,55,-0.06614769450903907
2010,10110,0,56,0.022312371190471476
2010,10110,0,57,-0.0015662087912087874
2010,10110,0,58,-0.03599259524498126
2010,10110,0,59,-0.05949569357585469
2010,10110,0,60,0.017939221272554606
2010,10110,0,61,-0.05307545459176466
2010,10110,0,62,-0.02755267098097982
2010,10110,0,63,-0.043793495805879684
2010,10110,0,64,0.006968995510662171
2010,10110,0,65,-0.05670440670440671
2010,10110,0,66,0.018651883830455258
2010,10110,0,67,-0.012598204264870929
2010,10110,0,68,0.05252949664714371
2010,10110,0,69,0.003640486497629366
2010,10110,0,70,-0.019465577157884852
2010,10110,0,71,0.026805371601751695
2010,10110,0,72,-0.00987654320987655
2010,10110,0,73,0.011904761904761902
2010,10110,0,74,0.021853741496598626
2010,10110,0,75,-0.033333333333333326
2010,10110,0,76,-0.3976190476190476
2010,10110,0,77,-0.02708333333333332
2010,10110,0,78,-0.15833333333333333
2010,10110,0,79,0.15476190476190477
2010,10110,1,27,0
2010,10110,1,29,-0.475
2010,10110,1,30,-0.16
2010,10110,1,31,0.007142857142857133
2010,10110,1,32,-0.0619047619047619
2010,10110,1,33,0.09583333333333337
2010,10110,1,34,0.09117647058823529
2010,10110,1,35,0.043521954236239946
2010,10110,1,36,-0.04330065359477126
2010,10110,1,37,-0.03335441970310392
2010,10110,1,38,-0.045881960848516035
2010,10110,1,39,0.0011231625517339615
2010,10110,1,40,0.018307056637227426
2010,10110,1,41,-0.007028159748747981
2010,10110,1,42,0.02186028257456828
2010,10110,1,43,0.001104015415609613
2010,10110,1,44,0.019059536954273804
2010,10110,1,45,-0.025687446740078324
2010,10110,1,46,-0.017704984236880925
2010,10110,1,47,0.010738756193301658
2010,10110,1,48,0.1332010582010582
2010,10110,1,49,0.015555654422051188
2010,10110,1,50,-0.036507936507936524
2010,10110,1,51,0.12987012987012989
2010,10110,1,52,-0.625
2010,10110,1,58,-0.5925925925925926
2010,10110,2,17,0
2010,10110,2,25,-0.22222222222222224
2010,10110,2,26,-0.13999999999999999
2010,10110,2,27,0.13571428571428573
2010,10110,2,28,-0.08333333333333334
2010,10110,2,29,-0.33333333333333337
2010,10110,2,30,-0.27976190476190477
2010,10110,2,31,0.04166666666666663
2010,10110,2,32,-0.024999999999999998
2010,10110,2,33,-0.3
2010,10110,2,34,0.09814814814814815
2010,10110,2,35,-0.32
2010,10110,2,36,-0.0304439297086356
2010,10110,2,37,0.0329338232158847
2010,10110,2,38,-0.028377721312503924
2010,10110,2,39,-0.04286763948003445
2010,10110,2,40,-0.032039938427967325
2010,10110,2,41,-0.006719940173182582
2010,10110,2,42,-0.05088924963924965
2010,10110,2,43,-0.019230880100445304
2010,10110,2,44,-0.03589938344679057
2010,10110,2,45,-0.006646843637789318
2010,10110,2,46,0.00432457897520009
2010,10110,2,47,-0.05908851221798161
2010,10110,2,48,-0.06890627078675124
2010,10110,2,49,-0.03771605573076161
2010,10110,2,50,-0.046255006549124206
2010,10110,2,51,-0.010751557503528011
2010,10110,2,52,-0.07402883348535522
2010,10110,2,53,-0.042063460385079326
2010,10110,2,54,0.03106967787114846
2010,10110,2,55,-0.07628672592552882
2010,10110,2,56,2.8201073092679746e-6
2010,10110,2,57,-0.014929305161748434
2010,10110,2,58,-0.058422364672364675
2010,10110,2,59,-0.02331671086266675
2010,10110,2,60,0.02713195589845151
2010,10110,2,61,-0.04767393021868725
2010,10110,2,62,-0.06230794940353766
2010,10110,2,63,-0.015427383074441891
2010,10110,2,64,-0.029980710503966317
2010,10110,2,65,-0.030383266159128234
2010,10110,2,66,-0.007888407888407877
2010,10110,2,67,-0.010691307062136082
2010,10110,2,68,0.04900472830337086
2010,10110,2,69,0.05414186507936509
2010,10110,2,70,-0.025884417127732637
2010,10110,2,71,0.06005866114561766
2010,10110,2,72,0.019696969696969692
2010,10110,2,73,0.05333333333333333
2010,10110,2,74,0.025637325637325622
2010,10110,2,75,-0.09663299663299664
2010,10110,2,76,-0.36020408163265305
2010,10110,2,77,-0.019047619047619018
2010,10110,2,78,-0.03333333333333333
2010,10110,2,79,0.25
2010,10110,2,80,-0.8
2010,10110,2,82,0
2010,10115,0,14,-0.08333333333333334
2010,10115,0,15,-0.08333333333333333
2010,10115,0,32,-0.14285714285714285
2010,10115,0,34,-0.33035714285714285
2010,10115,0,35,-0.5833333333333334
2010,10115,0,36,0
2010,10115,0,37,-0.25
2010,10115,0,39,-0.16666666666666669
2010,10115,0,40,-0.45
2010,10115,0,41,-0.3416666666666667
2010,10115,0,43,-0.5833333333333334
2010,10115,0,45,-0.5
2010,10115,0,48,-0.14285714285714285
2010,10115,0,52,-0.5611111111111111
2010,10115,0,53,-0.5277777777777778
2010,10115,0,56,0.07665343915343914
2010,10115,0,57,0.047123015873015886
2010,10115,0,58,-0.04107142857142857
2010,10115,0,59,-0.007978333473857761
2010,10115,0,60,0.008678954344589018
2010,10115,0,61,-0.015326456527852342
2010,10115,0,62,-0.02425998170378303
2010,10115,0,63,-0.0759386676611404
2010,10115,0,64,-0.012788086526476622
2010,10115,0,65,0.006287258234036939
2010,10115,0,66,0.011548268750414594
2010,10115,0,67,-0.01843918086405795
2010,10115,0,68,0.001946856033543348
2010,10115,0,69,-0.010501653200826608
2010,10115,0,70,-0.012029246969946752
2010,10115,0,71,0.01864778739778739
2010,10115,0,72,0.011227558379931247
2010,10115,0,73,0.021663303908758393
2010,10115,0,74,0.00609347253250845
2010,10115,0,75,0.017435538317891262
2010,10115,0,76,0.01317927170868348
2010,10115,0,77,0.009001068376068384
2010,10115,0,78,-0.021909571909571907
2010,10115,0,79,0.005325814536340854
2010,10115,0,80,0.12634789452971276
2010,10115,0,81,0.01896613190730837
2010,10115,0,82,0.020567810457516333
2010,10115,0,83,0.07958553791887127
2010,10115,0,84,-0.06283068783068783
2010,10115,0,85,0.07397830927242693
2010,10115,0,86,-0.025141525141525133
2010,10115,0,87,0.021108443377350943
2010,10115,0,88,0.07207792207792209
2010,10115,0,89,-0.0064191595441595445
2010,10115,0,90,-0.06715367965367963
2010,10115,0,91,0.007379789522646674
2010,10115,0,92,0.15
2010,10115,0,93,-0.032738095238095226
2010,10115,0,94,0.09259892154628997
2010,10115,0,95,-0.021686969475558596
2010,10115,0,96,-0.030045351473922906
2010,10115,0,97,-0.22435897435897437
2010,10115,0,98,-0.13589015151515146
2010,10115,0,99,0.02031746031746031
2010,10115,0,100,0.00833333333333331
2010,10115,0,101,-0.22857142857142856
2010,10115,0,102,-0.027777777777777762
2010,10115,0,105,0
2010,10115,0,107,-0.33333333333333337
2010,10115,1,14,-0.039999999999999994
2010,10115,1,15,-0.08333333333333333
2010,10115,1,34,-0.47222222222222227
2010,10115,1,35,-0.35
2010,10115,1,36,0
2010,10115,1,41,-0.36111111111111116
2010,10115,1,43,-0.35714285714285715
2010,10115,1,45,-0.5833333333333334
2010,10115,1,48,-0.33333333333333337
2010,10115,1,51,-0.4083333333333333
2010,10115,1,52,-0.5151515151515151
2010,10115,1,53,-0.4930555555555556
2010,10115,1,56,-0.04166666666666663
2010,10115,1,57,-0.04814814814814815
2010,10115,1,58,-0.1611842105263158
2010,10115,1,59,-9.285323324736444e-6
2010,10115,1,60,-0.008444983835608835
2010,10115,1,61,-1.023846568105039e-4
2010,10115,1,62,0.0036618953801616375
2010,10115,1,63,-0.06458188276370093
2010,10115,1,64,-0.030817500454178665
2010,10115,1,65,-0.010762987012987021
2010,10115,1,66,0.002625249993671046
2010,10115,1,67,9.599872040063111e-5
2010,10115,1,68,-5.516553248916026e-4
2010,10115,1,69,0.018545190005826877
2010,10115,1,70,-0.031243544037661684
2010,10115,1,71,0.005877564464520988
2010,10115,1,72,-0.029325724780270245
2010,10115,1,73,0.018374753864038043
2010,10115,1,74,0.023433088650479956
2010,10115,1,75,0.0521164021164021
2010,10115,1,76,-0.023308270676691722
2010,10115,1,77,-0.005952380952380959
2010,10115,1,78,-0.08333333333333331
2010,10115,1,79,-0.03978174603174602
2010,10115,1,80,-0.33333333333333337
2010,10115,1,81,0.33333333333333337
2010,10115,2,32,-0.20833333333333334
2010,10115,2,34,-0.4
2010,10115,2,37,-0.6666666666666667
2010,10115,2,40,-0.5375
2010,10115,2,41,-0.5555555555555556
2010,10115,2,48,-0.4166666666666667
2010,10115,2,56,-0.16333333333333333
2010,10115,2,57,-0.16666666666666666
2010,10115,2,58,-0.28736263736263734
2010,10115,2,59,-0.12731481481481483
2010,10115,2,60,-0.22063492063492066
2010,10115,2,61,-0.048611111111111105
2010,10115,2,62,-0.07872023809523808
2010,10115,2,63,-0.23015873015873017
2010,10115,2,64,-0.020833333333333315
2010,10115,2,65,-0.01206252811515971
2010,10115,2,66,0.09261133603238866
2010,10115,2,67,0.011111111111111113
2010,10115,2,68,-0.18578869047619048
2010,10115,2,69,-0.30833333333333335
2010,10115,2,70,-0.1916666666666667
2010,10115,2,71,0.04666666666666669
2010,10115,2,72,0.07354797979797979
2010,10115,2,73,-0.03333333333333335
2010,10115,2,74,0.12499999999999997
2010,10115,2,75,0.06663961038961036
2010,10115,2,76,-0.027289377289377307
2010,10115,2,77,-0.13060606060606056
2010,10115,2,78,-0.08333333333333333
2010,10115,2,79,-0.33333333333333337
2010,10115,2,80,0.10925925925925925
2010,10115,2,81,0.01683673469387753
2010,10115,2,82,0.02108585858585859
2010,10115,2,83,0.11666666666666667
2010,10115,2,84,-0.08475087004498766
2010,10115,2,85,0.03801406926406928
2010,10115,2,86,-0.15000000000000002
2010,10115,2,87,-0.027272727272727268
2010,10115,2,88,-0.23888888888888893
2010,10115,2,89,-0.057149924474485886
2010,10115,2,90,-0.08950617283950618
2010,10115,2,91,0.08737798149562855
2010,10115,2,92,-0.09278846153846154
2010,10115,2,93,-0.08333333333333331
2010,10115,2,94,0.017826617826617826
2010,10115,2,95,-0.02825396825396825
2010,10115,2,96,-0.04444444444444445
2010,10115,2,97,-0.16666666666666669
2010,10115,2,98,-0.08418367346938774
2010,10115,2,99,-0.011904761904761927
2010,10115,2,100,-0.0814814814814815
2010,10115,2,101,0.25
2010,10115,2,102,-0.04761904761904761
2010,10115,2,105,-0.75
2010,10115,2,107,-0.16666666666666669
2010,30060,0,9,-0.18125000000000002
2010,30060,0,11,-0.2222222222222222
2010,30060,0,12,0
2010,30060,0,14,-0.225
2010,30060,0,15,-0.34732142857142856
2010,30060,0,16,0.06385281385281384
2010,30060,0,17,0.2055555555555556
2010,30060,0,18,0
2010,30060,0,20,-0.1291666666666667
2010,30060,0,21,-0.10702614379084964
2010,30060,0,22,0.10793650793650793
2010,30060,0,23,0.04179413179413179
2010,30060,0,24,0.0632717549829849
2010,30060,0,25,-0.07863756613756616
2010,30060,0,26,0.0011551853943158456
2010,30060,0,27,-0.4416666666666667
2010,30060,0,28,0.15541125541125542
2010,30060,0,29,0.029581529581529577
2010,30060,0,30,0.017697734364401013
2010,30060,0,31,0.10891812865497079
2010,30060,0,32,0.037710333883803286
2010,30060,0,33,0.01870864984072532
2010,30060,0,34,0.004167742588795226
2010,30060,0,35,-0.001086410334212913
2010,30060,0,36,0.006951434930250962
2010,30060,0,37,0.010962043735301638
2010,30060,0,38,0.01177704307386019
2010,30060,0,39,0.012610449584426838
2010,30060,0,40,-0.007544165926270196
2010,30060,0,41,0.014607510303635279
2010,30060,0,42,0.0011526176922275232
2010,30060,0,43,0.01307353184899217
2010,30060,0,44,0.008386416127775718
2010,30060,0,45,0.03653553133833882
2010,30060,0,46,-0.08119747899159663
2010,30060,0,47,0.021193771626297566
2010,30060,0,48,-0.09821428571428574
2010,30060,0,49,0.2
2010,30060,0,51,-0.6333333333333333
2010,30060,1,11,-0.09523809523809525
2010,30060,1,14,-0.0625
2010,30060,1,15,-0.43333333333333335
2010,30060,1,16,0.0708333333333333
2010,30060,1,17,-0.6666666666666667
2010,30060,1,18,-0.19999999999999996
2010,30060,1,20,-0.2785714285714286
2010,30060,1,21,-0.21666666666666667
2010,30060,1,22,-0.08333333333333334
2010,30060,1,23,-0.03809523809523809
2010,30060,1,24,-0.45833333333333337
2010,30060,1,25,-0.3
2010,30060,1,26,0.1483426704014939
2010,30060,1,27,-0.29629629629629634
2010,30060,1,28,0.125
2010,30060,1,29,-0.1416666666666667
2010,30060,1,30,0.03273809523809523
2010,30060,1,31,0.141025641025641
2010,30060,1,32,0.060858585858585834
2010,30060,1,33,0.08044258373205743
2010,30060,1,34,0.06107063668039279
2010,30060,1,35,0.0019251658794228867
2010,30060,1,36,2.491775340428839e-4
2010,30060,1,37,0.009172853563053198
2010,30060,1,38,0.014446693012869478
2010,30060,1,39,0.06950331414617131
2010,30060,1,40,-0.015544567318562392
2010,30060,1,41,0.011972601033488538
2010,30060,1,42,0.026328556500970286
2010,30060,1,43,0.04544827153522806
2010,30060,1,44,0.14761904761904765
2010,30060,1,45,0.16666666666666669
2010,30060,2,9,-0.11111111111111112
2010,30060,2,14,-0.06666666666666668
2010,30060,2,15,-0.25
2010,30060,2,16,0.21428571428571427
2010,30060,2,17,0.00347222222222221
2010,30060,2,20,-0.5833333333333334
2010,30060,2,21,0.11865079365079365
2010,30060,2,23,0.18518518518518517
2010,30060,2,24,0.10798319327731087
2010,30060,2,25,-0.043333333333333335
2010,30060,2,26,0.16520146520146523
2010,30060,2,27,-0.26785714285714285
2010,30060,2,28,0.027777777777777773
2010,30060,2,29,-0.3055555555555556
2010,30060,2,30,-0.03900226757369613
2010,30060,2,31,-0.07857142857142856
2010,30060,2,32,0.004251700680272086
2010,30060,2,33,0.018560606060606062
2010,30060,2,34,-0.05494791666666667
2010,30060,2,35,0.04553717320261438
2010,30060,2,36,0.005154656507108839
2010,30060,2,37,-0.010385167712309094
2010,30060,2,38,0.019027624864108802
2010,30060,2,39,0.04121116456642773
2010,30060,2,40,0.02412312203333875
2010,30060,2,41,-0.011966068478673516
2010,30060,2,42,0.03745213879008841
2010,30060,2,43,0.03308705218638537
2010,30060,2,44,0.0011033011033011048
2010,30060,2,45,0.03450987651839046
2010,30060,2,46,-0.0673216790089855
2010,30060,2,47,0.049296536796536804
2010,30060,2,48,-0.1875
2010,30060,2,49,0.16666666666666666
2012,10110,0,24,0.09444444444444444
2012,10110,0,25,-0.16666666666666669
2012,10110,0,27,-0.2934472934472935
2012,10110,0,28,-0.3111111111111111
2012,10110,0,29,-0.09318459318459314
2012,10110,0,30,0.13169642857142855
2012,10110,0,31,-0.11250847917514584
2012,10110,0,32,-0.10666666666666669
2012,10110,0,33,-0.02491215421079675
2012,10110,0,34,-0.007770494612599884
2012,10110,0,35,0.014755587549705193
2012,10110,0,36,0.015431627196333064
2012,10110,0,37,-0.02310657656374893
2012,10110,0,38,-0.023483962431330847
2012,10110,0,39,-0.02984107720949825
2012,10110,0,40,-0.04916109718741297
2012,10110,0,41,-0.04635135819346346
2012,10110,0,42,-0.06265559225439282
2012,10110,0,43,0.014941924102548179
2012,10110,0,44,0.027002395195549648
2012,10110,0,45,0.008126408126408122
2012,10110,0,46,0.006133577763676006
2012,10110,0,47,0.0017203392698302126
2012,10110,0,48,-0.08043947579788388
2012,10110,0,49,-0.008678297865149096
2012,10110,0,50,-0.04079614080969013
2012,10110,0,51,0.021045859755537178
2012,10110,0,52,-0.044909782409782426
2012,10110,0,53,-0.008404941422675987
2012,10110,0,54,-0.01686890550526915
2012,10110,0,55,-0.014209990346353998
2012,10110,0,56,0.013651045337091848
2012,10110,0,57,-0.043047856111587554
2012,10110,0,58,-0.029244829244829258
2012,10110,0,59,-0.023859126984126972
2012,10110,0,60,-0.04677537133274364
2012,10110,0,61,-0.012079772079772079
2012,10110,0,62,-0.041297048362265734
2012,10110,0,63,0.010869977975241127
2012,10110,0,64,0.03207369553523401
2012,10110,0,65,0.25
2012,10110,0,66,0.06166666666666667
2012,10110,0,67,0.014632034632034618
2012,10110,0,68,-0.2484848484848485
2012,10110,0,69,0
2012,10110,0,71,-0.09385090218423553
2012,10110,0,73,-0.04444444444444442
2012,10110,0,74,0
2012,10110,0,76,-0.375
2012,10110,1,24,-0.3333333333333333
2012,10110,1,27,-0.375
2012,10110,1,28,-0.1
2012,10110,1,29,-0.27499999999999997
2012,10110,1,30,0.17708333333333337
2012,10110,1,31,-0.01282051282051279
2012,10110,1,32,0.125
2012,10110,1,33,0.12000000000000006
2012,10110,1,34,0.05860805860805859
2012,10110,1,35,0.04972064972064975
2012,10110,1,36,-0.047664141414141416
2012,10110,1,37,0.061554318697175855
2012,10110,1,38,-0.004115737203972496
2012,10110,1,39,0.05962301587301588
2012,10110,1,40,0.08112998112998115
2012,10110,1,41,-0.17895810330020853
2012,10110,1,42,-0.14845848595848596
2012,10110,1,43,0.03804050355774496
2012,10110,1,44,0.07107988165680473
2012,10110,1,45,0.00304972804972805
2012,10110,1,46,-0.06240981240981241
2012,10110,1,47,-0.05904095904095901
2012,10110,1,48,-9.337068160597637e-4
2012,10110,1,49,-0.08333333333333334
2012,10110,1,50,-0.02638888888888888
2012,10110,1,51,-0.003401360544217683
2012,10110,1,52,-0.10416666666666669
2012,10110,1,55,-0.5690909090909091
2012,10110,1,56,-0.4166666666666667
2012,10110,2,24,-0.0625
2012,10110,2,25,-0.2388888888888889
2012,10110,2,27,-0.4166666666666667
2012,10110,2,28,-0.27166666666666667
2012,10110,2,29,-0.24666666666666667
2012,10110,2,30,-0.3125
2012,10110,2,31,0.016666666666666698
2012,10110,2,32,-0.30405982905982903
2012,10110,2,33,0.003925619834710706
2012,10110,2,34,-0.010582010582010583
2012,10110,2,35,0.018706293706293706
2012,10110,2,36,0.032173615857826396
2012,10110,2,37,-0.018668046928916483
2012,10110,2,38,-0.03972262305595637
2012,10110,2,39,-0.01977813852813853
2012,10110,2,40,-0.046459096459096454
2012,10110,2,41,0.015259740259740251
2012,10110,2,42,-0.12687893139712025
2012,10110,2,43,-0.016606909430438844
2012,10110,2,44,0.05731342244500137
2012,10110,2,45,-0.002946674537583648
2012,10110,2,46,0.022583503098208977
2012,10110,2,47,-0.01993705528188288
2012,10110,2,48,-0.13990636888364164
2012,10110,2,49,-0.08640681569070315
2012,10110,2,50,-0.023118753674309236
2012,10110,2,51,-0.005857781709174896
2012,10110,2,52,-0.016339053103758987
2012,10110,2,53,-0.02153296841662493
2012,10110,2,54,-8.319799300191514e-4
2012,10110,2,55,-0.01723407311642606
2012,10110,2,56,0.040510366826156316
2012,10110,2,57,-0.04148412246322465
2012,10110,2,58,-0.008698156682027662
2012,10110,2,59,0.00466069018700598
2012,10110,2,60,-0.032557015706421485
2012,10110,2,61,0.001984126984126976
2012,10110,2,62,-0.026195590901473248
2012,10110,2,63,-0.1426844070961718
2012,10110,2,64,-0.02786657786657784
2012,10110,2,65,-0.0641025641025641
2012,10110,2,66,-0.007274531024531015
2012,10110,2,67,0.037344322344322334
2012,10110,2,68,-0.4495115995115995
2012,10110,2,69,-0.3888888888888889
2012,10110,2,70,-0.638888888888889
2012,10110,2,71,-0.10548720285562392
2012,10110,2,73,0.33333333333333337
2012,10110,2,74,-0.5
2012,10110,2,76,-0.3666666666666667
2012,10112,0,22,0
2012,10112,0,23,-0.225
2012,10112,0,24,0.15833333333333338
2012,10112,0,25,-0.2583333333333333
2012,10112,0,26,-0.29333333333333333
2012,10112,0,27,-0.37481203007518804
2012,10112,0,28,-0.044419867305896685
2012,10112,0,29,-0.039659992784992784
2012,10112,0,30,-0.021867841153555417
2012,10112,0,31,0.05347222222222224
2012,10112,0,32,0.04346108140225785
2012,10112,0,33,0.02322157009657011
2012,10112,0,34,-0.020275742171167017
2012,10112,0,35,0.03827979038505354
2012,10112,0,36,-0.05019062909262546
2012,10112,0,37,0.07041198005093377
2012,10112,0,38,-0.0570496953848936
2012,10112,0,39,-0.06398784513805524
2012,10112,0,40,0.03761904761904761
2012,10112,0,41,-0.027263682819238383
2012,10112,0,42,-0.0075628842076210494
2012,10112,0,43,-0.0366559941284206
2012,10112,0,44,-0.0012097978853298104
2012,10112,0,45,-0.014079106026221411
2012,10112,0,46,0.03292913388077203
2012,10112,0,47,-0.009705121147348948
2012,10112,0,48,-0.00508865224029158
2012,10112,0,49,-0.0022480290981461994
2012,10112,0,50,0.010736974470850822
2012,10112,0,51,1.611895162062529e-4
2012,10112,0,52,-0.02304728547577519
2012,10112,0,53,0.0035248183330649674
2012,10112,0,54,0.013752516189118241
2012,10112,0,55,-0.016321693262539724
2012,10112,0,56,-0.06344530449317304
2012,10112,0,57,0.0212282174466261
2012,10112,0,58,0.013550532392444156
2012,10112,0,59,0.03207901699749526
2012,10112,0,60,0.03706154956154956
2012,10112,0,61,0.015907334839223384
2012,10112,0,62,0.006699324067745123
2012,10112,0,63,-0.06259018759018758
2012,10112,0,64,0.050694444444444445
2012,10112,0,65,0.01874999999999999
2012,10112,0,66,-0.007742257742257756
2012,10112,0,67,0.08897682178932176
2012,10112,0,68,-0.048212105354962474
2012,10112,0,69,-0.02244897959183673
2012,10112,0,70,0.0644345238095238
2012,10112,0,71,4.840067340067502e-4
2012,10112,0,72,-0.24523809523809528
2012,10112,0,73,0.013425658162500274
2012,10112,0,74,-0.4
2012,10112,0,75,-0.3888888888888889
2012,10112,0,76,-0.01642709142709141
2012,10112,0,77,-0.12307692307692308
2012,10112,0,78,0.5
2012,10112,0,79,-0.5
2012,10112,0,80,-0.6904761904761905
2012,10112,0,81,0
2012,10112,0,87,-0.3
2012,10112,1,23,-0.16666666666666669
2012,10112,1,24,-0.125
2012,10112,1,26,-0.33333333333333337
2012,10112,1,27,-0.225
2012,10112,1,28,-0.0884516195069828
2012,10112,1,29,-0.027182539682539645
2012,10112,1,30,0.008333333333333356
2012,10112,1,31,-0.01276455026455025
2012,10112,1,32,0.001545160721631328
2012,10112,1,33,-0.017791005291005274
2012,10112,1,34,0.06388888888888887
2012,10112,1,35,0.04991373360938578
2012,10112,1,36,-0.034952270381836945
2012,10112,1,37,0.11910774410774409
2012,10112,1,38,-0.05408902691511388
2012,10112,1,39,-0.025350649350649342
2012,10112,1,40,-0.03955988455988457
2012,10112,1,41,0.008002645502645496
2012,10112,1,42,0.014317507669308215
2012,10112,1,43,-0.029765639589169002
2012,10112,1,44,-0.05181399796784414
2012,10112,1,45,-0.013066145439631992
2012,10112,1,46,0.05346459096459098
2012,10112,1,47,0.037380108926161545
2012,10112,1,48,0.08684371184371181
2012,10112,1,49,0.021257716049382716
2012,10112,1,50,-0.0013069957890929685
2012,10112,1,51,0.01612085769980506
2012,10112,1,52,0.09406130268199235
2012,10112,1,53,0.09855072463768115
2012,10112,1,54,0.03463403880070545
2012,10112,1,55,-0.10828877005347594
2012,10112,1,56,-0.032709714527896366
2012,10112,1,57,0.09160683760683762
2012,10112,1,58,-0.02832508621982308
2012,10112,1,59,0.048148148148148155
2012,10112,1,60,0.03703703703703703
2012,10112,1,61,-0.003934300993124545
2012,10112,1,62,-0.15833333333333333
2012,10112,1,63,-0.034722222222222224
2012,10112,1,64,-0.10416666666666666
2012,10112,1,68,-0.6
2012,10112,2,22,-0.05
2012,10112,2,23,-0.25
2012,10112,2,24,-0.06666666666666668
2012,10112,2,25,-0.14583333333333334
2012,10112,2,26,-0.28253968253968254
2012,10112,2,27,-0.25416666666666665
2012,10112,2,28,-0.38015873015873014
2012,10112,2,29,-0.2888888888888889
2012,10112,2,30,0.06746031746031747
2012,10112,2,32,-0.004285714285714265
2012,10112,2,33,0.16666666666666666
2012,10112,2,34,0.03375
2012,10112,2,35,0.10727513227513225
2012,10112,2,36,-0.09999999999999996
2012,10112,2,37,-0.4305555555555556
2012,10112,2,38,-0.41527777777777786
2012,10112,2,39,-0.6209126984126982
2012,10112,2,40,-0.048511904761904784
2012,10112,2,41,0.14978779390544103
2012,10112,2,42,0.0798611111111111
2012,10112,2,43,-0.1083638583638584
2012,10112,2,44,-0.06989795918367346
2012,10112,2,45,0.03530192030192031
2012,10112,2,46,0.0770691609977324
2012,10112,2,47,-0.034285714285714294
2012,10112,2,48,0.009717766705344352
2012,10112,2,49,0.06459790209790212
2012,10112,2,50,-0.001336785819544445
2012,10112,2,51,0.0025909853467879045
2012,10112,2,52,-0.015962783008237558
2012,10112,2,53,-0.09715743495235325
2012,10112,2,54,0.02328743238185962
2012,10112,2,55,-0.00739648515510584
2012,10112,2,56,-0.06970934449926049
2012,10112,2,57,0.004482324181366596
2012,10112,2,58,0.004558469470750174
2012,10112,2,59,0.0077777777777777914
2012,10112,2,60,-0.07757936507936507
2012,10112,2,61,0.006279931327369663
2012,10112,2,62,-0.1682873149259704
2012,10112,2,63,-0.020405982905982927
2012,10112,2,64,0.12083333333333332
2012,10112,2,65,0.13666666666666666
2012,10112,2,66,0.05440917107583773
2012,10112,2,67,0.06745073108709473
2012,10112,2,68,-0.10284271284271287
2012,10112,2,69,-0.006481481481481467
2012,10112,2,70,0.02592592592592593
2012,10112,2,71,0.01544871794871796
2012,10112,2,72,-0.1932539682539683
2012,10112,2,73,0.11048026048026048
2012,10112,2,74,-0.33333333333333337
2012,10112,2,75,0.5
2012,10112,2,76,0.02507002801120449
2012,10112,2,77,-0.02525252525252526
2012,10112,2,78,0.3333333333333333
2012,10112,2,80,-0.5428571428571428
2012,10112,2,82,-0.75
2012,10112,2,87,-0.35714285714285715
2012,10115,0,28,0.1
2012,10115,0,29,0.042121212121212136
2012,10115,0,30,-0.4873949579831933
2012,10115,0,31,0.1362745098039216
2012,10115,0,32,-0.0064484126984126824
2012,10115,0,33,-0.016000614611725722
2012,10115,0,34,-0.15000000000000005
2012,10115,0,35,-0.03824404761904762
2012,10115,0,36,0.08464646464646468
2012,10115,0,37,0.03537672644815503
2012,10115,0,38,-0.11627945295765363
2012,10115,0,39,-0.14098901098901095
2012,10115,0,40,-0.013599657917839743
2012,10115,0,41,-0.017085924688263875
2012,10115,0,42,-0.008004148629148633
2012,10115,0,43,0.03796620046620048
2012,10115,0,44,0.03300788100788102
2012,10115,0,45,-0.007380410927321671
2012,10115,0,46,0.12331168831168833
2012,10115,0,47,-0.184981684981685
2012,10115,0,48,0.06534391534391536
2012,10115,0,49,0.05488888888888887
2012,10115,0,50,0.024685037185037177
2012,10115,0,51,0.06309523809523807
2012,10115,0,52,-0.48888888888888893
2012,10115,0,53,-0.132983682983683
2012,10115,0,54,-0.17976190476190476
2012,10115,0,55,0.06846405228758169
2012,10115,0,56,-0.7215909090909092
2012,10115,0,57,0.018272536287242163
2012,10115,0,58,0.012637362637362632
2012,10115,0,60,0.05770502645502646
2012,10115,0,61,0.039814814814814796
2012,10115,0,62,0.010751775457657795
2012,10115,0,63,-0.02673151581820311
2012,10115,0,64,0.024277464737991042
2012,10115,0,65,-0.02819885996356585
2012,10115,0,66,-0.029779942279942278
2012,10115,0,67,-7.608194453593271e-4
2012,10115,0,68,4.3917435221782605e-4
2012,10115,0,69,0.02305900621118013
2012,10115,0,70,0.009163914891964992
2012,10115,0,71,0.04142376520893145
2012,10115,0,72,0.007863097890671418
2012,10115,0,73,0.021489412791657354
2012,10115,0,74,-0.007431967367864815
2012,10115,0,75,-0.06324786324786327
2012,10115,0,76,0.02411205528614436
2012,10115,0,77,0.1142857142857143
2012,10115,0,78,0.04159123704578251
2012,10115,0,79,0.08078231292517009
2012,10115,0,80,-0.06712962962962964
2012,10115,0,81,0.033564814814814825
2012,10115,0,82,0.06666666666666668
2012,10115,0,83,-0.06319444444444447
2012,10115,0,84,-0.04316498316498318
2012,10115,0,86,-0.08634453781512606
2012,10115,0,87,-0.22291666666666665
2012,10115,0,88,0.02231040564373898
2012,10115,0,89,-0.04999999999999999
2012,10115,0,90,-0.16666666666666666
2012,10115,0,92,-0.03961430726136612
2012,10115,0,93,-0.1212121212121212
2012,10115,0,94,-0.12833333333333335
2012,10115,0,95,0.027840909090909097
2012,10115,0,96,0
2012,10115,0,97,-0.2142857142857143
2012,10115,0,99,-0.01190476190476189
2012,10115,0,101,-0.8035714285714286
2012,10115,1,28,0.02314814814814815
2012,10115,1,29,0.15151515151515157
2012,10115,1,30,-0.3174603174603175
2012,10115,1,31,0.2
2012,10115,1,32,-0.008403361344537794
2012,10115,1,33,-0.3976190476190476
2012,10115,1,34,-0.6398148148148148
2012,10115,1,35,-0.13108974358974362
2012,10115,1,36,0.18939393939393945
2012,10115,1,37,0.012171162171162162
2012,10115,1,38,-0.18199023199023198
2012,10115,1,39,-0.08852813852813855
2012,10115,1,40,0.10459183673469383
2012,10115,1,41,-0.061221590909090934
2012,10115,1,42,-0.016666666666666653
2012,10115,1,43,-0.03333333333333334
2012,10115,1,44,0.09187370600414081
2012,10115,1,45,-0.27965367965367965
2012,10115,1,46,0.03611111111111113
2012,10115,1,47,-0.7388888888888889
2012,10115,1,48,0.07592592592592595
2012,10115,1,49,0.05208333333333337
2012,10115,1,50,0.19469696969696973
2012,10115,1,51,-0.13030303030303025
2012,10115,1,52,-0.25
2012,10115,1,53,-0.6083333333333334
2012,10115,1,54,0
2012,10115,1,55,-0.049702380952380956
2012,10115,1,57,-0.04393939393939392
2012,10115,1,58,-0.020833333333333343
2012,10115,1,59,-0.6666666666666667
2012,10115,1,60,-0.04818272005772004
2012,10115,1,61,0.03095238095238093
2012,10115,1,62,-0.0035161886724386603
2012,10115,1,63,-0.07174147250873594
2012,10115,1,64,0.05701405076405078
2012,10115,1,65,-0.04088738059326293
2012,10115,1,66,-0.04128221789040503
2012,10115,1,67,0.0035563897307003384
2012,10115,1,68,0.016836734693877548
2012,10115,1,69,0.008687163930130682
2012,10115,1,70,-0.07679334554334553
2012,10115,1,71,0.04093915343915343
2012,10115,1,72,0.031207482993197286
2012,10115,1,73,0.011913549413549416
2012,10115,1,74,-0.08617308617308614
2012,10115,1,76,-0.04489795918367345
2012,10115,1,77,-0.20833333333333334
2012,10115,1,78,0.011111111111111108
2012,10115,1,79,-0.47698412698412695
2012,10115,1,81,-0.75
2012,10115,1,83,0.041666666666666664
2012,10115,1,86,-0.4166666666666667
2012,10115,2,29,0.03333333333333336
2012,10115,2,30,-0.36666666666666664
2012,10115,2,31,-0.2341269841269841
2012,10115,2,32,-0.08134920634920637
2012,10115,2,33,0.05714285714285711
2012,10115,2,34,-0.14090909090909087
2012,10115,2,35,-0.6047000618429191
2012,10115,2,36,0.07777777777777782
2012,10115,2,37,-2.7755575615628914e-17
2012,10115,2,38,-0.6547619047619048
2012,10115,2,39,-0.3111111111111111
2012,10115,2,40,-0.12554001554001556
2012,10115,2,41,-0.0541101055806938
2012,10115,2,42,-0.05739260739260742
2012,10115,2,43,0.1
2012,10115,2,44,0.03273809523809526
2012,10115,2,45,0.05113636363636364
2012,10115,2,46,-0.08503401360544219
2012,10115,2,47,-0.8375
2012,10115,2,48,0.07424242424242425
2012,10115,2,49,0.06372549019607844
2012,10115,2,50,0.12857142857142856
2012,10115,2,51,-0.7946428571428572
2012,10115,2,52,-0.7083333333333334
2012,10115,2,53,-0.22424242424242422
2012,10115,2,54,-0.35714285714285715
2012,10115,2,55,0.0037037037037037307
2012,10115,2,56,-0.7388888888888889
2012,10115,2,57,-0.11111111111111113
2012,10115,2,58,-0.5547619047619048
2012,10115,2,62,-0.8333333333333334
2012,10115,2,64,-0.8
2012,10115,2,65,0
2012,10115,2,67,-0.5833333333333334
2012,10115,2,68,0.0738095238095238
2012,10115,2,69,0.03542568542568541
2012,10115,2,70,0.03409090909090908
2012,10115,2,71,-0.02435897435897437
2012,10115,2,72,-0.04197530864197531
2012,10115,2,73,0.011592970521541929
2012,10115,2,74,0.021072974644403226
2012,10115,2,75,-0.06340718105423988
2012,10115,2,76,-0.018891525141525128
2012,10115,2,77,-0.20370370370370372
2012,10115,2,78,0.017981091071906364
2012,10115,2,79,-0.015384615384615382
2012,10115,2,80,0.18214285714285713
2012,10115,2,81,0.025281385281385273
2012,10115,2,82,0.16666666666666669
2012,10115,2,83,-0.0023809523809523634
2012,10115,2,84,0.09261904761904763
2012,10115,2,86,-0.14603174603174604
2012,10115,2,87,-0.05416666666666667
2012,10115,2,88,0.05879715522572666
2012,10115,2,89,-0.16666666666666669
2012,10115,2,90,-0.03787878787878786
2012,10115,2,91,-0.16666666666666669
2012,10115,2,92,-0.014141414141414161
2012,10115,2,93,2.0816681711721685e-17
2012,10115,2,94,-0.1875
2012,10115,2,95,0.011282467532467547
2012,10115,2,96,-0.5714285714285714
2012,10115,2,97,0
2012,10115,2,99,0.05555555555555556
2012,10115,2,101,-0.8333333333333334
2012,10115,2,103,-0.5
2012,30060,0,8,-0.16666666666666666
2012,30060,0,10,-0.22222222222222224
2012,30060,0,11,-0.16666666666666666
2012,30060,0,12,-0.3214285714285714
2012,30060,0,13,-0.29027777777777775
2012,30060,0,14,-0.022222222222222192
2012,30060,0,15,0.06043956043956047
2012,30060,0,17,0.0625
2012,30060,0,18,0.25744047619047616
2012,30060,0,19,0.14002267573696145
2012,30060,0,20,0.25
2012,30060,0,21,-0.007407407407407375
2012,30060,0,22,0.18146258503401363
2012,30060,0,23,0.04292964834836758
2012,30060,0,24,0.06492063492063493
2012,30060,0,25,0.07186379928315413
2012,30060,0,26,0.05833333333333336
2012,30060,0,27,0.03871116843253065
2012,30060,0,28,0.11896715904868078
2012,30060,0,29,0.061154686154686146
2012,30060,0,30,0.04202213908096259
2012,30060,0,31,0.058394614644614644
2012,30060,0,32,-0.01605456095089268
2012,30060,0,33,-0.0042030402131601466
2012,30060,0,34,0.02610449041690633
2012,30060,0,35,0.016632880591117203
2012,30060,0,36,0.006606715810051229
2012,30060,0,37,0.015274127571813978
2012,30060,0,38,0.004828004593383857
2012,30060,0,39,0.002355353628580053
2012,30060,0,40,0.014416603745666818
2012,30060,0,41,0.010478090183369154
2012,30060,0,42,0.015856317692524588
2012,30060,0,43,0.017043848053102474
2012,30060,0,44,-0.003916143014541187
2012,30060,0,45,4.8191762962561526e-4
2012,30060,0,46,-0.0059940059940059905
2012,30060,0,47,0.003609110188057567
2012,30060,0,48,0.04186307519640853
2012,30060,1,14,-0.2
2012,30060,1,15,-0.25
2012,30060,1,17,-0.5
2012,30060,1,18,0.027777777777777773
2012,30060,1,19,-0.5
2012,30060,1,20,0
2012,30060,1,21,-0.16203703703703703
2012,30060,1,22,0.09393939393939395
2012,30060,1,23,0.03809523809523809
2012,30060,1,24,0.4603174603174604
2012,30060,1,25,0.25000000000000006
2012,30060,1,26,0.06768127705627704
2012,30060,1,27,0.21208791208791203
2012,30060,1,28,0.13936574629851942
2012,30060,1,29,0.04814814814814815
2012,30060,1,30,0.04722222222222222
2012,30060,1,31,0.06253501400560224
2012,30060,1,32,0.045499894980046224
2012,30060,1,33,0.014144341497282678
2012,30060,1,34,0.03743046076730286
2012,30060,1,35,0.02859916866017758
2012,30060,1,36,0.031073282133769174
2012,30060,1,37,0.006871858898818279
2012,30060,1,38,-0.002140326778484672
2012,30060,1,39,0.028481240981240982
2012,30060,1,40,0.012804918511440241
2012,30060,1,41,0.019247534676227376
2012,30060,1,42,0.04153439153439152
2012,30060,1,43,-0.034181908057340574
2012,30060,1,44,-0.01613095238095239
2012,30060,1,45,0.12222222222222225
2012,30060,1,47,-0.375
2012,30060,1,48,-0.5833333333333334
2012,30060,2,11,-0.2916666666666667
2012,30060,2,12,0
2012,30060,2,14,-0.25
2012,30060,2,15,0.15
2012,30060,2,18,0.20833333333333331
2012,30060,2,19,0.10476190476190475
2012,30060,2,20,-0.2916666666666667
2012,30060,2,21,-0.33333333333333337
2012,30060,2,22,0.16428571428571428
2012,30060,2,23,2.2204460492503132e-17
2012,30060,2,24,0.1036019536019536
2012,30060,2,25,0.08053030303030302
2012,30060,2,26,-0.016666666666666663
2012,30060,2,27,0.17176870748299317
2012,30060,2,28,0.1485060690943044
2012,30060,2,29,0.19234693877551018
2012,30060,2,30,0.07829894778424192
2012,30060,2,31,0.05982142857142859
2012,30060,2,32,0.056429844665138756
2012,30060,2,33,0.02507002801120449
2012,30060,2,34,0.028627545294211968
2012,30060,2,35,0.045615842490842495
2012,30060,2,36,0.046207696915244095
2012,30060,2,37,0.02156681947116147
2012,30060,2,38,0.027625184521736245
2012,30060,2,39,0.02165167061089596
2012,30060,2,40,0.01419232272341708
2012,30060,2,41,0.00931140487384038
2012,30060,2,42,0.05171763149704327
2012,30060,2,43,0.022486228592314122
2012,30060,2,44,0.005887031240047936
2012,30060,2,45,0.005439005439005439
2012,30060,2,46,0.0884004884004884
2012,30060,2,47,-0.0037775716347145027
2012,30060,2,48,0.12222222222222223
2012,30060,2,49,-0.75
2016,10110,0,23,-0.08333333333333334
2016,10110,0,26,-0.27314814814814814
2016,10110,0,27,0.18636363636363634
2016,10110,0,28,-0.2
2016,10110,0,29,-0.008333333333333337
2016,10110,0,31,-0.005952380952380941
2016,10110,0,32,-0.326530612244898
2016,10110,0,33,-0.3125
2016,10110,0,34,0.253125
2016,10110,0,35,0.0079365079365079309
2016,10110,0,36,-0.08172403236741475
2016,10110,0,37,0.030945790320790312
2016,10110,0,38,-0.036996206326677564
2016,10110,0,39,0.07291666666666667
2016,10110,0,40,6.222163072227729e-4
2016,10110,0,41,0.0028925619834710755
2016,10110,0,42,0.05845275414240933
2016,10110,0,43,-0.0014603424286664054
2016,10110,0,44,-0.0025376754781789163
2016,10110,0,45,-0.028980078423302236
2016,10110,0,46,-0.035656278427977674
2016,10110,0,47,0.017749525586212896
2016,10110,0,48,0.010037647537647533
2016,10110,0,49,-0.017752898967430552
2016,10110,0,50,-0.008085827034162956
2016,10110,0,51,0.040458493288681965
2016,10110,0,52,0.03275419943618471
2016,10110,0,53,0.059480012740882285
2016,10110,0,54,0.039433551198257075
2016,10110,0,55,-0.03547619047619048
2016,10110,0,56,0.06766091051805337
2016,10110,0,57,-0.010010564854855528
2016,10110,0,58,-0.021848152701670582
2016,10110,0,59,0.013873626373626371
2016,10110,0,60,0.008609255668079194
2016,10110,0,61,-0.012760330200677098
2016,10110,0,62,0.12410714285714287
2016,10110,0,63,0.039384691791978704
2016,10110,0,64,-0.15939153439153436
2016,10110,0,65,-0.03664799253034545
2016,10110,0,66,0.06860269360269365
2016,10110,0,67,-0.02877156659765357
2016,10110,0,69,-0.625
2016,10110,0,70,0.0037593984962406026
2016,10110,0,72,-0.07559523809523808
2016,10110,0,80,-0.3888888888888889
2016,10110,1,23,-0.16666666666666669
2016,10110,1,27,-0.5
2016,10110,1,28,-0.19999999999999996
2016,10110,1,29,-0.006632653061224458
2016,10110,1,31,0.24583333333333335
2016,10110,1,32,-0.33333333333333337
2016,10110,1,33,-0.2518518518518518
2016,10110,1,34,0.09300595238095236
2016,10110,1,35,-0.42666666666666675
2016,10110,1,36,-0.06440825256614728
2016,10110,1,37,0.11408730158730158
2016,10110,1,38,-0.045996151981468156
2016,10110,1,39,0.03950631636053631
2016,10110,1,40,-5.73276625908208e-4
2016,10110,1,41,-0.04812409812409813
2016,10110,1,42,0.08375850340136053
2016,10110,1,43,0.007650579872802084
2016,10110,1,44,0.009604526346813094
2016,10110,1,45,-0.05746753246753245
2016,10110,1,46,-0.025712033064974254
2016,10110,1,47,0.03796296296296294
2016,10110,1,48,0.03544142638970227
2016,10110,1,49,0.012962962962962982
2016,10110,1,51,0.055555555555555566
2016,10110,1,53,-0.6666666666666666
2016,10110,1,54,-0.5
2016,10110,1,55,-0.375
2016,10110,1,58,-0.7333333333333334
2016,10110,1,59,-0.16666666666666666
2016,10110,1,60,-0.4833333333333334
2016,10110,1,61,-0.2142857142857143
2016,10110,1,63,0
2016,10110,2,26,-0.23796296296296293
2016,10110,2,27,-0.15952380952380954
2016,10110,2,29,-0.33333333333333337
2016,10110,2,31,-0.20833333333333334
2016,10110,2,32,-0.27999999999999997
2016,10110,2,33,-0.48333333333333334
2016,10110,2,35,0.2714285714285714
2016,10110,2,36,-0.5
2016,10110,2,37,-0.17962962962962964
2016,10110,2,38,-0.05686274509803921
2016,10110,2,39,0.22777777777777775
2016,10110,2,40,-0.03525641025641027
2016,10110,2,41,0.014880952380952403
2016,10110,2,42,0.08627946127946126
2016,10110,2,43,0.09615384615384617
2016,10110,2,44,-0.3888888888888889
2016,10110,2,45,-0.012121212121212126
2016,10110,2,46,-0.0026234567901234442
2016,10110,2,47,0.017827318544678658
2016,10110,2,48,0.10286538857967427
2016,10110,2,49,-0.018586676481413336
2016,10110,2,50,0.004746689320363574
2016,10110,2,51,0.058977272727272725
2016,10110,2,52,0.009756503204083848
2016,10110,2,53,0.029949874686716813
2016,10110,2,54,0.04720471521942111
2016,10110,2,55,-0.014431818181818204
2016,10110,2,56,0.024396494708994697
2016,10110,2,57,-0.028309176406062238
2016,10110,2,58,-0.03355381514922418
2016,10110,2,59,-0.025137206749641865
2016,10110,2,60,0.03257711011039183
2016,10110,2,61,0.010136734494766165
2016,10110,2,62,0.02326388888888888
2016,10110,2,63,0.026220967379503957
2016,10110,2,64,-0.09479166666666662
2016,10110,2,65,-0.06627350427350429
2016,10110,2,66,-0.027777777777777762
2016,10110,2,67,0.029292929292929284
2016,10110,2,69,-0.8571428571428572
2016,10110,2,70,0.03093176664605236
2016,10110,2,71,-0.25
2016,10110,2,72,0.10238095238095239
2016,10110,2,80,-0.6944444444444445
2016,10112,0,17,-0.0625
2016,10112,0,21,0
2016,10112,0,23,-0.22222222222222224
2016,10112,0,24,-0.2619047619047619
2016,10112,0,25,0.045454545454545456
2016,10112,0,26,-0.22222222222222224
2016,10112,0,27,-0.39583333333333337
2016,10112,0,28,-0.032798573975044563
2016,10112,0,29,0.07222222222222224
2016,10112,0,30,0.05307408407597446
2016,10112,0,31,0.175
2016,10112,0,32,-0.07713516779260723
2016,10112,0,33,-0.020346320346320324
2016,10112,0,34,0.09757872846108141
2016,10112,0,35,-0.039450368387894535
2016,10112,0,36,-0.03235348758568576
2016,10112,0,37,-0.01697974644403216
2016,10112,0,38,-0.002109807754969041
2016,10112,0,39,-0.019194775378985916
2016,10112,0,40,-0.016619907672539264
2016,10112,0,41,0.0030449225571176786
2016,10112,0,42,0.011131895867227752
2016,10112,0,43,0.012697956283482598
2016,10112,0,44,-0.0040965072692452165
2016,10112,0,45,-0.003377587513107472
2016,10112,0,46,-0.006688059587626641
2016,10112,0,47,-0.01842209690893901
2016,10112,0,48,0.009097584561980855
2016,10112,0,49,5.125970844204181e-4
2016,10112,0,50,0.04570912928756063
2016,10112,0,51,0.00576122613474057
2016,10112,0,52,0.0020361674106400794
2016,10112,0,53,0.03445318801435132
2016,10112,0,54,-0.0016422703695430935
2016,10112,0,55,0.021488344073876946
2016,10112,0,56,-0.029005390754616757
2016,10112,0,57,0.011008617480227974
2016,10112,0,58,0.004650025713152506
2016,10112,0,59,-0.013283622859031978
2016,10112,0,60,0.011601995565410202
2016,10112,0,61,-0.002401031371046274
2016,10112,0,62,0.03879187538293883
2016,10112,0,63,0.0016727630609475513
2016,10112,0,64,0.039008228987986074
2016,10112,0,65,0.06375442739079103
2016,10112,0,66,-0.03868131868131867
2016,10112,0,67,-0.03772435897435896
2016,10112,0,68,0.14322344322344321
2016,10112,0,69,0.06547619047619048
2016,10112,0,70,0.05952380952380951
2016,10112,0,71,0.09027777777777783
2016,10112,0,72,-0.32301587301587303
2016,10112,0,73,0.07857142857142858
2016,10112,0,74,0.08333333333333334
2016,10112,0,75,-0.10350783475783476
2016,10112,0,76,-0.177045177045177
2016,10112,0,77,0.25
2016,10112,0,78,-0.125
2016,10112,0,79,0.09943310657596373
2016,10112,0,80,0.16666666666666666
2016,10112,0,81,0.033333333333333326
2016,10112,0,82,0.17202380952380952
2016,10112,0,84,-0.375
2016,10112,0,87,-0.7222222222222223
2016,10112,1,17,-0.0625
2016,10112,1,21,0
2016,10112,1,25,-0.3814102564102564
2016,10112,1,26,0
2016,10112,1,27,-0.2166666666666667
2016,10112,1,28,0.11616161616161619
2016,10112,1,29,0.06578947368421052
2016,10112,1,30,0.10218253968253967
2016,10112,1,31,0.09722222222222222
2016,10112,1,32,0.017857142857142867
2016,10112,1,33,0.15625000000000003
2016,10112,1,34,0.04704761904761906
2016,10112,1,35,0.01015061327561325
2016,10112,1,36,0.026794386169386175
2016,10112,1,37,-0.0013392857142857154
2016,10112,1,38,0.0663690476190476
2016,10112,1,39,0.005357142857142852
2016,10112,1,40,-0.006193201262405391
2016,10112,1,41,-7.042876608093998e-4
2016,10112,1,42,0.08554903877484522
2016,10112,1,43,0.05083096979648706
2016,10112,1,44,-0.024308245360876935
2016,10112,1,45,0.019523496446573373
2016,10112,1,46,-0.023316956015917947
2016,10112,1,47,0.15055860805860807
2016,10112,1,48,-0.0039690058406635954
2016,10112,1,49,0.05615417219519387
2016,10112,1,50,-0.033071690214547346
2016,10112,1,51,0.015963248221312735
2016,10112,1,52,0.0492583034249701
2016,10112,1,53,0.016401273660801782
2016,10112,1,54,0.06636280386280385
2016,10112,1,55,0.008772180200751638
2016,10112,1,56,-0.03754467754467754
2016,10112,1,57,0.018919619129703174
2016,10112,1,58,0.0726742058263797
2016,10112,1,59,0.35
2016,10112,1,60,0.09404761904761905
2016,10112,1,61,-0.0041215728715728525
2016,10112,1,62,0.05865800865800865
2016,10112,1,63,0.13888888888888887
2016,10112,1,64,0.10186044114615543
2016,10112,1,68,-0.75
2016,10112,2,24,-0.16666666666666666
2016,10112,2,25,-0.1904761904761905
2016,10112,2,26,0
2016,10112,2,27,-0.15000000000000002
2016,10112,2,28,0.04166666666666666
2016,10112,2,29,0.013888888888888881
2016,10112,2,30,-0.3095238095238095
2016,10112,2,32,-0.22718253968253968
2016,10112,2,33,0.033333333333333375
2016,10112,2,34,-0.004671717171717146
2016,10112,2,35,-0.064172335600907085
2016,10112,2,36,-0.17311128997053363
2016,10112,2,37,0.04797979797979799
2016,10112,2,38,0.039940476190476186
2016,10112,2,39,0.03764619883040935
2016,10112,2,40,0.046092796092796075
2016,10112,2,41,-0.011453823953823954
2016,10112,2,42,-0.0017887667887667958
2016,10112,2,43,0.1151388888888889
2016,10112,2,44,-0.08080952380952379
2016,10112,2,45,-0.027148719336219335
2016,10112,2,46,0.0355770529016143
2016,10112,2,47,-0.012196753863420529
2016,10112,2,48,0.1334541062801933
2016,10112,2,49,0.013598901098901115
2016,10112,2,50,0.08955211455211454
2016,10112,2,51,-0.04537994685053509
2016,10112,2,52,-2.7367268746579184e-4
2016,10112,2,53,0.21418650793650792
2016,10112,2,54,0.03138648388648388
2016,10112,2,55,0.07363553113553115
2016,10112,2,56,-0.08534511784511785
2016,10112,2,57,-0.018708372237783998
2016,10112,2,58,-0.042353162984650854
2016,10112,2,59,-0.025282234105763527
2016,10112,2,60,0.0705357142857143
2016,10112,2,61,0.010909041540318432
2016,10112,2,62,0.03006033495963165
2016,10112,2,63,-0.0710108604845447
2016,10112,2,64,0.015584415584415583
2016,10112,2,65,0.08876424501424503
2016,10112,2,66,-0.06771284271284268
2016,10112,2,67,-0.06948853615520283
2016,10112,2,68,0.0257936507936508
2016,10112,2,69,0.05833333333333335
2016,10112,2,70,-0.04722222222222222
2016,10112,2,71,-0.04563492063492062
2016,10112,2,72,-0.3529761904761905
2016,10112,2,73,0.02251984126984126
2016,10112,2,74,0.10904761904761906
2016,10112,2,75,0.021296296296296303
2016,10112,2,76,-0.1131072631072631
2016,10112,2,77,-0.11666666666666667
2016,10112,2,78,-0.04999999999999999
2016,10112,2,79,0.052180899908172644
2016,10112,2,80,-0.060966810966810975
2016,10112,2,81,-0.0875
2016,10112,2,82,0.034375
2016,10112,2,84,-0.25
2016,10115,0,42,-0.33333333333333337
2016,10115,0,43,-0.08333333333333333
2016,10115,0,44,-0.3333333333333333
2016,10115,0,45,-0.44642857142857145
2016,10115,0,46,-0.17592592592592587
2016,10115,0,47,-0.5476190476190477
2016,10115,0,48,-0.111965811965812
2016,10115,0,49,-0.015476190476190463
2016,10115,0,50,0.18629191321499017
2016,10115,0,51,0.030414616439461153
2016,10115,0,52,0.029607765971402314
2016,10115,0,53,-0.07426591326185647
2016,10115,0,54,-0.06902586660651178
2016,10115,0,55,0.008871573944037713
2016,10115,0,56,-0.06660717661861829
2016,10115,0,57,-0.0021210124965065705
2016,10115,0,58,-5.668699067280812e-4
2016,10115,0,59,-0.05004160400501863
2016,10115,0,60,-0.011735692096223408
2016,10115,0,61,0.01798370927318295
2016,10115,0,62,-0.010076860493064712
2016,10115,0,63,0.011911869544429611
2016,10115,0,64,0.0033801274392672247
2016,10115,0,65,-0.0038521307957192236
2016,10115,0,66,0.025729039913992897
2016,10115,0,67,-0.007091406006847184
2016,10115,0,68,-0.01710638032496322
2016,10115,0,69,0.0026269322595798518
2016,10115,0,70,0.018993998565609804
2016,10115,0,71,-0.013778183222627652
2016,10115,0,72,0.016076466318339387
2016,10115,0,73,-0.0025965623894410386
2016,10115,0,74,0.020017482517482525
2016,10115,0,75,0.005128798598841555
2016,10115,0,76,0.020182921653509878
2016,10115,0,77,-0.015064518814518823
2016,10115,0,78,0.050358644005847955
2016,10115,0,79,0.22452380952380951
2016,10115,0,80,3.791043264727514e-4
2016,10115,0,81,0.04886874236874237
2016,10115,0,82,0.032088744588744576
2016,10115,0,83,-0.02114078530932024
2016,10115,0,84,-0.002451770451770445
2016,10115,0,85,-0.04795482295482294
2016,10115,0,86,0.04944444444444443
2016,10115,0,87,-0.12723028605381548
2016,10115,0,88,-0.11114718614718616
2016,10115,0,89,-0.0413690476190476
2016,10115,0,90,0.18333333333333332
2016,10115,0,91,0.06666666666666667
2016,10115,0,92,-0.175
2016,10115,0,93,-0.2777777777777778
2016,10115,0,94,-0.04865079365079364
2016,10115,0,95,0.020006613756613754
2016,10115,0,96,1.3877787807814457e-17
2016,10115,0,97,0.15000000000000002
2016,10115,0,98,0.1
2016,10115,0,99,-0.33653846153846156
2016,10115,0,102,-0.625
2016,10115,1,42,-0.16666666666666666
2016,10115,1,45,-0.5133333333333334
2016,10115,1,46,-0.24761904761904763
2016,10115,1,47,-0.5833333333333334
2016,10115,1,48,-0.11666666666666661
2016,10115,1,49,-0.5
2016,10115,1,50,-0.02857142857142858
2016,10115,1,51,0.07685185185185185
2016,10115,1,52,-0.05765993265993267
2016,10115,1,53,0.07051282051282051
2016,10115,1,54,-0.02555735930735929
2016,10115,1,55,-0.05665584415584416
2016,10115,1,56,-0.051681327416621535
2016,10115,1,57,-0.0364448234514024
2016,10115,1,58,0.008847094555984534
2016,10115,1,59,-0.07984607984607983
2016,10115,1,60,0.04567775974025975
2016,10115,1,61,0.06740687296242852
2016,10115,1,62,-0.02968888574949182
2016,10115,1,63,0.02078941966396949
2016,10115,1,64,-0.0201123832848979
2016,10115,1,65,-0.005158295455610039
2016,10115,1,66,0.012590521618299396
2016,10115,1,67,0.016230671287879535
2016,10115,1,68,-0.040950648736115855
2016,10115,1,69,0.060466649172789516
2016,10115,1,70,0.01655947890765704
2016,10115,1,71,-0.0070187165775401125
2016,10115,1,72,0.12962962962962962
2016,10115,1,73,-0.009889155982905976
2016,10115,1,74,-0.06666666666666664
2016,10115,1,75,-0.017445461043022026
2016,10115,1,76,-0.75
2016,10115,1,77,0.11011904761904759
2016,10115,1,78,-0.3333333333333333
2016,10115,1,79,-0.08333333333333334
2016,10115,1,80,0.5
2016,10115,1,83,-0.16666666666666666
2016,10115,1,97,-0.75
2016,10115,2,43,-0.225
2016,10115,2,44,-0.25
2016,10115,2,45,-0.28666666666666674
2016,10115,2,48,-0.45833333333333337
2016,10115,2,49,0
2016,10115,2,50,0.023809523809523808
2016,10115,2,51,-0.3293506493506494
2016,10115,2,52,0.13888888888888887
2016,10115,2,53,-0.27795815295815296
2016,10115,2,54,-0.23509403761504596
2016,10115,2,55,-0.03410409035409036
2016,10115,2,56,-0.0439882573566784
2016,10115,2,57,-0.016427996319300663
2016,10115,2,58,0.006071428571428561
2016,10115,2,59,-0.01892309954284745
2016,10115,2,60,0.05744520030234319
2016,10115,2,61,0.053846153846153835
2016,10115,2,62,-0.03871403956465789
2016,10115,2,63,-0.00755793913688651
2016,10115,2,64,0.03753501400560224
2016,10115,2,65,-0.0028822055137844626
2016,10115,2,66,-4.4191919191919016e-4
2016,10115,2,67,0.048477098349221134
2016,10115,2,68,-0.004900654900654912
2016,10115,2,69,-0.012011269154126303
2016,10115,2,70,-0.10402437069103734
2016,10115,2,71,-0.01776377217553689
2016,10115,2,72,-0.07203171727628248
2016,10115,2,73,0.030253837072018896
2016,10115,2,74,-0.0050452815158697414
2016,10115,2,75,-0.20833333333333331
2016,10115,2,76,-0.01114343173166703
2016,10115,2,77,0.08087606837606837
2016,10115,2,78,-0.002979889640506709
2016,10115,2,79,0.045918367346938785
2016,10115,2,80,-0.010690625164309365
2016,10115,2,81,0.016023757988043705
2016,10115,2,82,0.05785799168152107
2016,10115,2,83,0.007169497169497154
2016,10115,2,84,-0.01503387916431395
2016,10115,2,85,-0.047845449569587514
2016,10115,2,86,0.0662487974987975
2016,10115,2,87,-0.09838177695320552
2016,10115,2,88,-0.05320851987518652
2016,10115,2,89,-0.10416666666666666
2016,10115,2,90,0.1125
2016,10115,2,91,-0.020833333333333343
2016,10115,2,92,-0.3
2016,10115,2,93,-0.25
2016,10115,2,94,-0.08878066378066378
2016,10115,2,95,-0.042893772893772907
2016,10115,2,97,0.30000000000000004
2016,10115,2,99,-0.10714285714285715
2016,10115,2,102,-0.6666666666666667
2016,10115,2,107,-0.7142857142857143
2016,30060,0,4,-0.19999999999999996
2016,30060,0,17,-0.05
2016,30060,0,18,-0.02604166666666667
2016,30060,0,19,0
2016,30060,0,20,0
2016,30060,0,22,0.125
2016,30060,0,23,-0.22222222222222224
2016,30060,0,24,0.0857142857142857
2016,30060,0,25,0.20833333333333334
2016,30060,0,27,0
2016,30060,0,28,0.3333333333333333
2016,30060,0,29,-0.26
2016,30060,0,30,-0.02499999999999996
2016,30060,0,31,-0.11458333333333329
2016,30060,0,32,-0.2380952380952381
2016,30060,0,33,-0.02498938969527204
2016,30060,0,34,0.16611130097972204
2016,30060,0,35,0.01290303644522006
2016,30060,0,36,0.004358171135853406
2016,30060,0,37,0.012422457281868388
2016,30060,0,38,0.002704074910342672
2016,30060,0,39,0.0053488750716836776
2016,30060,0,40,0.0018218769506530897
2016,30060,0,41,0.015385546455797554
2016,30060,0,42,0.010209818779031366
2016,30060,0,43,0.01143938903406704
2016,30060,0,44,0.007576330759741774
2016,30060,0,45,-0.013858880918772019
2016,30060,0,46,0.0533984533984534
2016,30060,0,47,0.07712036501510186
2016,30060,0,48,0.14285714285714288
2016,30060,0,49,-0.09999999999999999
2016,30060,0,51,-0.4444444444444445
2016,30060,1,23,-0.5
2016,30060,1,24,-0.6666666666666667
2016,30060,1,27,-0.25
2016,30060,1,28,0
2016,30060,1,30,-0.21031746031746032
2016,30060,1,31,0.15
2016,30060,1,32,-0.3333333333333333
2016,30060,1,33,0.003749999999999995
2016,30060,1,34,0.046803890553890566
2016,30060,1,35,0.04808395627361145
2016,30060,1,36,0.020975874009849894
2016,30060,1,37,0.004341364164919849
2016,30060,1,38,-0.006155241720834806
2016,30060,1,39,-0.002265399691228413
2016,30060,1,40,-0.014792906713497665
2016,30060,1,41,0.0462338634245328
2016,30060,1,42,0.022469234969234964
2016,30060,1,43,0.019614869935382757
2016,30060,1,44,-0.005377184543851221
2016,30060,1,45,0.16553030303030306
2016,30060,2,20,0
2016,30060,2,25,-0.1
2016,30060,2,28,-0.125
2016,30060,2,29,-0.33999999999999997
2016,30060,2,30,0.04999999999999999
2016,30060,2,31,-0.5
2016,30060,2,33,-0.5
2016,30060,2,34,-0.75
2016,30060,2,35,0.08796296296296298
2016,30060,2,36,0.008805860805860814
2016,30060,2,37,0.058712988400488386
2016,30060,2,38,6.661281937017649e-5
2016,30060,2,39,0.01193977488313872
2016,30060,2,40,0.030625997933690252
2016,30060,2,41,0.011456739489193849
2016,30060,2,42,0.0013752754619361525
2016,30060,2,43,-0.0015484770854686473
2016,30060,2,44,0.013377761280543085
2016,30060,2,45,-0.004077806975446303
2016,30060,2,46,0.02735760971055088
2016,30060,2,47,0.01254960317460318
2016,30060,2,48,-0.10416666666666666
2016,30060,2,49,-0.22222222222222224
2016,30060,2,51,-0.7708333333333334
