year,region,species_code,sex,sex_desc,iss,nss,nhl
1991,ai,21720,0,total_pre,28.35764498557272,864,30
1991,ai,21720,1,male,23.49765410993636,452,30
1991,ai,21720,2,female,22.293591416235106,412,29
1991,ai,21720,4,total_post,24.129791531572035,864,30
1991,ai,21720,12,female_male,50.32911396963095,864,30
1991,ai,21740,0,total_pre,56.05283587944379,695,20
1991,ai,21740,1,male,38.49586893947941,356,20
1991,ai,21740,2,female,36.63652064333755,339,19
1991,ai,21740,4,total_post,52.084239460737365,695,20
1991,ai,21740,12,female_male,77.95114708657162,695,20
1991,ai,21921,0,total_pre,34.591796262622026,443,10
1991,ai,21921,1,male,32.327736063583515,233,10
1991,ai,21921,2,female,13.047334906468482,210,10
1991,ai,21921,4,total_post,27.817522831287576,443,10
1991,ai,21921,12,female_male,41.64214398176584,443,10
1991,ai,30060,0,total_pre,45.16211903561926,807,22
1991,ai,30060,1,male,28.869234755208158,446,22
1991,ai,30060,2,female,22.9459162985713,360,22
1991,ai,30060,4,total_post,36.17783038920933,807,22
1991,ai,30060,12,female_male,53.23697187400714,806,22
1991,ai,30420,0,total_pre,36.98386031359602,395,11
1991,ai,30420,1,male,14.2584244834619,151,11
1991,ai,30420,2,female,30.306972511972845,244,11
1991,ai,30420,4,total_post,32.70696294072442,395,11
1991,ai,30420,12,female_male,43.24967601052535,395,11
1991,cai,21720,0,total_pre,23.685338139182985,142,5
1991,cai,21720,1,male,11.628653319470217,71,5
1991,cai,21720,2,female,13.461361276186997,71,5
1991,cai,21720,4,total_post,14.57072947552319,142,5
1991,cai,21720,12,female_male,26.92751479658995,142,5
1991,cai,21740,0,total_pre,25.5919022473454,110,2
1991,cai,21740,1,male,11.694627534111108,38,2
1991,cai,21740,2,female,19.564974917583864,72,2
1991,cai,21740,4,total_post,25.927262340140818,110,2
1991,cai,21740,12,female_male,37.450403395886624,110,2
1991,cai,21921,0,total_pre,23.458829676840164,330,5
1991,cai,21921,1,male,16.9021559943328,168,5
1991,cai,21921,2,female,5.273749526823147,162,5
1991,cai,21921,4,total_post,13.34921612665602,330,5
1991,cai,21921,12,female_male,22.474719261773384,330,5
1991,cai,30060,0,total_pre,18.097124080823605,152,5
1991,cai,30060,1,male,11.821088732487055,82,5
1991,cai,30060,2,female,5.312020374899052,70,5
1991,cai,30060,4,total_post,15.968827290410172,152,5
1991,cai,30060,12,female_male,21.035149209057355,152,5
1991,cai,30420,0,total_pre,29.816995562267323,188,3
1991,cai,30420,1,male,19.64940477368997,76,3
1991,cai,30420,2,female,25.22500847480036,112,3
1991,cai,30420,4,total_post,36.991256964044666,188,3
1991,cai,30420,12,female_male,41.212155593621254,188,3
1991,eai,21720,0,total_pre,11.31808944333458,450,16
1991,eai,21720,1,male,9.82083742414582,235,16
1991,eai,21720,2,female,8.646079295479602,215,15
1991,eai,21720,4,total_post,9.917776349410818,450,16
1991,eai,21720,12,female_male,21.332461735448483,450,16
1991,eai,21740,0,total_pre,72.70015566125234,523,15
1991,eai,21740,1,male,61.24742411775479,288,15
1991,eai,21740,2,female,37.96062257102631,235,14
1991,eai,21740,4,total_post,69.071777270541,523,15
1991,eai,21740,12,female_male,101.50805485458383,523,15
1991,eai,21921,0,total_pre,11.335652977426392,113,5
1991,eai,21921,1,male,19.85832623501135,65,5
1991,eai,21921,2,female,5.2867304245560724,48,5
1991,eai,21921,4,total_post,21.101180884926773,113,5
1991,eai,21921,12,female_male,9.69936271251736,113,5
1991,eai,30060,0,total_pre,50.98808581228625,329,11
1991,eai,30060,1,male,25.00837214196447,189,11
1991,eai,30060,2,female,19.48841299878395,139,11
1991,eai,30060,4,total_post,38.831491001438906,329,11
1991,eai,30060,12,female_male,44.2010788134621,328,11
1991,eai,30420,0,total_pre,18.99315280441946,153,6
1991,eai,30420,1,male,6.887381378358471,54,6
1991,eai,30420,2,female,22.521434509813176,99,6
1991,eai,30420,4,total_post,17.10962091464002,153,6
1991,eai,30420,12,female_male,22.769260613681887,153,6
1991,sbs,21720,0,total_pre,35.97850382757769,47,1
1991,sbs,21720,1,male,48.07129158856564,27,1
1991,sbs,21720,2,female,13.484373161424918,20,1
1991,sbs,21720,4,total_post,66.70327113473557,47,1
1991,sbs,21720,12,female_male,63.20442936743878,47,1
1991,sbs,21740,0,total_pre,10.185574006232297,62,3
1991,sbs,21740,1,male,5.357979102552068,30,3
1991,sbs,21740,2,female,6.529548599089676,32,3
1991,sbs,21740,4,total_post,9.894860955638805,62,3
1991,sbs,21740,12,female_male,10.192428676473599,62,3
1991,sbs,30060,0,total_pre,18.300687330119484,88,2
1991,sbs,30060,1,male,11.306095724546772,57,2
1991,sbs,30060,2,female,8.843537757227788,31,2
1991,sbs,30060,4,total_post,20.425876558662218,88,2
1991,sbs,30060,12,female_male,23.633971516958542,88,2
1991,sbs,30420,0,total_pre,20.032186673855712,54,2
1991,sbs,30420,1,male,6.948829480015175,21,2
1991,sbs,30420,2,female,8.005208411777103,33,2
1991,sbs,30420,4,total_post,10.55148656074121,54,2
1991,sbs,30420,12,female_male,12.39918841773266,54,2
1991,wai,21720,0,total_pre,26.62504108835319,225,8
1991,wai,21720,1,male,18.032393731802937,119,8
1991,wai,21720,2,female,13.535453870890727,106,8
1991,wai,21720,4,total_post,18.74591590748636,225,8
1991,wai,21720,12,female_male,31.66463621486162,225,8
1991,wai,30060,0,total_pre,18.13830740102359,238,4
1991,wai,30060,1,male,11.912816380024704,118,4
1991,wai,30060,2,female,12.059141959462814,120,4
1991,wai,30060,4,total_post,20.05221899787302,238,4
1991,wai,30060,12,female_male,26.92552925285403,238,4
1994,ai,21720,0,total_pre,23.854045258843975,1068,63
1994,ai,21720,1,male,17.774146657713256,500,57
1994,ai,21720,2,female,31.06378587235816,568,60
1994,ai,21720,4,total_post,26.73426407147502,1068,63
1994,ai,21720,12,female_male,41.87375700866325,1068,63
1994,ai,21740,0,total_pre,20.230438873192632,989,39
1994,ai,21740,1,male,17.332515937102148,455,33
1994,ai,21740,2,female,21.697671680853833,534,37
1994,ai,21740,4,total_post,16.394835398160282,989,39
1994,ai,21740,12,female_male,41.10139142094476,989,39
1994,ai,21921,0,total_pre,43.474263924762106,668,59
1994,ai,21921,1,male,30.695174984959404,301,49
1994,ai,21921,2,female,31.409200617182478,366,45
1994,ai,21921,4,total_post,43.877395563054215,668,59
1994,ai,21921,12,female_male,64.63574507485288,667,59
1994,ai,30060,0,total_pre,108.18655635494812,788,45
1994,ai,30060,1,male,62.69634814634301,384,43
1994,ai,30060,2,female,35.91738815083158,396,40
1994,ai,30060,4,total_post,74.82438585147419,788,45
1994,ai,30060,12,female_male,90.06867365289796,780,44
1994,ai,30420,0,total_pre,33.3001782876552,402,18
1994,ai,30420,1,male,25.374175258599607,192,16
1994,ai,30420,2,female,12.747261402427593,210,16
1994,ai,30420,4,total_post,25.924344436744487,402,18
1994,ai,30420,12,female_male,28.691888962242416,402,18
1994,cai,21720,0,total_pre,45.67651465147383,398,23
1994,cai,21720,1,male,26.237861583755745,177,22
1994,cai,21720,2,female,32.72961417563219,221,21
1994,cai,21720,4,total_post,36.20310312871761,398,23
1994,cai,21720,12,female_male,59.55710339821664,398,23
1994,cai,21740,0,total_pre,12.538652204494689,252,7
1994,cai,21740,1,male,8.111865541414645,91,7
1994,cai,21740,2,female,5.998902670968882,161,7
1994,cai,21740,4,total_post,8.21897410154504,252,7
1994,cai,21740,12,female_male,17.93478713802607,252,7
1994,cai,21921,0,total_pre,28.733867519368104,285,24
1994,cai,21921,1,male,16.3753964665028,139,21
1994,cai,21921,2,female,26.084970354166675,145,19
1994,cai,21921,4,total_post,28.734796457555074,285,24
1994,cai,21921,12,female_male,44.14357250960907,284,24
1994,cai,30060,0,total_pre,29.582656028298523,210,13
1994,cai,30060,1,male,15.954944773651041,101,11
1994,cai,30060,2,female,16.601734964750072,108,11
1994,cai,30060,4,total_post,25.454891793268732,210,13
1994,cai,30060,12,female_male,34.92041184328906,209,12
1994,cai,30420,0,total_pre,10.549064711102002,61,3
1994,cai,30420,1,male,9.150686341803967,31,3
1994,cai,30420,2,female,3.926505761711958,30,3
1994,cai,30420,4,total_post,9.584772110632487,61,3
1994,cai,30420,12,female_male,9.954218259801268,61,3
1994,eai,21720,0,total_pre,11.07259541196801,310,19
1994,eai,21720,1,male,8.688704569339887,151,17
1994,eai,21720,2,female,16.57238828467845,159,19
1994,eai,21720,4,total_post,12.943666307959406,310,19
1994,eai,21720,12,female_male,20.26696166895975,310,19
1994,eai,21740,0,total_pre,22.841711218557226,294,10
1994,eai,21740,1,male,17.038827859175914,142,9
1994,eai,21740,2,female,18.864630287190213,152,9
1994,eai,21740,4,total_post,13.801807341543372,294,10
1994,eai,21740,12,female_male,39.18564651892414,294,10
1994,eai,21921,0,total_pre,16.326077994719935,138,16
1994,eai,21921,1,male,9.452099653874264,59,12
1994,eai,21921,2,female,11.848087168252297,79,11
1994,eai,21921,4,total_post,14.32382548225914,138,16
1994,eai,21921,12,female_male,20.832704670616582,138,16
1994,eai,30060,0,total_pre,31.13959611161991,347,17
1994,eai,30060,1,male,21.662589071365577,172,17
1994,eai,30060,2,female,9.414221341276267,168,17
1994,eai,30060,4,total_post,25.66905977201442,347,17
1994,eai,30060,12,female_male,27.180321657527895,340,17
1994,eai,30420,0,total_pre,24.981361003964963,127,7
1994,eai,30420,1,male,12.108964430066298,62,7
1994,eai,30420,2,female,15.991873929920567,65,6
1994,eai,30420,4,total_post,26.614321259479986,127,7
1994,eai,30420,12,female_male,30.076332657548882,127,7
1994,sbs,21720,0,total_pre,7.476692516935192,126,5
1994,sbs,21720,1,male,5.30688635093686,57,5
1994,sbs,21720,2,female,4.9713394091373715,69,5
1994,sbs,21720,4,total_post,6.389269360229684,126,5
1994,sbs,21720,12,female_male,13.207500260983561,126,5
1994,sbs,21740,0,total_pre,15.47772057956659,90,7
1994,sbs,21740,1,male,7.303583754190965,62,5
1994,sbs,21740,2,female,3.8490788266698015,28,6
1994,sbs,21740,4,total_post,12.469886396494534,90,7
1994,sbs,21740,12,female_male,9.801137709764859,90,7
1994,sbs,21921,0,total_pre,2.2003444684577143,5,4
1994,sbs,21921,1,male,5.77775021407011,3,3
1994,sbs,21921,2,female,2,2,2
1994,sbs,21921,4,total_post,4.50443574042183,5,4
1994,sbs,21921,12,female_male,4.6506943156288,5,4
1994,sbs,30060,0,total_pre,10.768219719650933,43,3
1994,sbs,30060,1,male,5.558049868275952,21,3
1994,sbs,30060,2,female,7.37943282352202,22,2
1994,sbs,30060,4,total_post,7.2182534856584715,43,3
1994,sbs,30060,12,female_male,10.97814545115395,43,3
1994,sbs,30420,0,total_pre,12.554179887045619,41,1
1994,sbs,30420,1,male,6.167037952839087,24,1
1994,sbs,30420,2,female,4.650755583385732,17,1
1994,sbs,30420,4,total_post,7.215909083111616,41,1
1994,sbs,30420,12,female_male,11.780694588592382,41,1
1994,wai,21720,0,total_pre,31.11209991950402,234,16
1994,wai,21720,1,male,15.015301787721933,115,13
1994,wai,21720,2,female,8.56665303575112,119,15
1994,wai,21720,4,total_post,14.964470139704385,234,16
1994,wai,21720,12,female_male,24.688779442597138,234,16
1994,wai,21740,0,total_pre,7.887280352514738,353,15
1994,wai,21740,1,male,6.9259715698129645,160,12
1994,wai,21740,2,female,14.665947031697627,193,15
1994,wai,21740,4,total_post,10.444767419916687,353,15
1994,wai,21740,12,female_male,19.201848378113365,353,15
1994,wai,21921,0,total_pre,20.524002340765062,240,15
1994,wai,21921,1,male,13.737779540651363,100,13
1994,wai,21921,2,female,19.408114970523748,140,13
1994,wai,21921,4,total_post,23.733583659477606,240,15
1994,wai,21921,12,female_male,26.343714164856763,240,15
1994,wai,30060,0,total_pre,69.93066363847558,188,12
1994,wai,30060,1,male,28.4151199797049,90,12
1994,wai,30060,2,female,21.65958764262918,98,10
1994,wai,30060,4,total_post,52.2330214342771,188,12
1994,wai,30060,12,female_male,47.7907070475319,188,12
1994,wai,30420,0,total_pre,23.710604588434798,173,7
1994,wai,30420,1,male,20.52476356400258,75,5
1994,wai,30420,2,female,8.547988801665497,98,6
1994,wai,30420,4,total_post,15.11500672654658,173,7
1994,wai,30420,12,female_male,16.98220204470906,173,7
1997,ai,21720,0,total_pre,32.607218041907664,709,69
1997,ai,21720,1,male,22.76956003284367,344,66
1997,ai,21720,2,female,20.63335641843406,365,61
1997,ai,21720,4,total_post,24.53070733170305,709,69
1997,ai,21720,12,female_male,46.00150019745869,709,69
1997,ai,21740,0,total_pre,52.216646348912825,925,76
1997,ai,21740,1,male,38.85901082793934,419,64
1997,ai,21740,2,female,33.04778691746518,506,69
1997,ai,21740,4,total_post,59.01525864270974,925,76
1997,ai,21740,12,female_male,69.21618332487026,925,76
1997,ai,21921,0,total_pre,51.2876362586644,384,45
1997,ai,21921,1,male,36.662479666698125,183,38
1997,ai,21921,2,female,22.08225999855264,201,33
1997,ai,21921,4,total_post,36.20819087399587,384,45
1997,ai,21921,12,female_male,59.5651757758141,384,45
1997,ai,30060,0,total_pre,86.00478991146088,1013,110
1997,ai,30060,1,male,47.89753002539135,455,85
1997,ai,30060,2,female,56.996362675732804,498,94
1997,ai,30060,4,total_post,80.45922449248984,1013,110
1997,ai,30060,12,female_male,104.32710460652348,953,103
1997,ai,30420,0,total_pre,50.35021371556317,496,56
1997,ai,30420,1,male,23.7280913203092,235,45
1997,ai,30420,2,female,25.340685259593663,254,46
1997,ai,30420,4,total_post,38.24375505384752,496,56
1997,ai,30420,12,female_male,49.791748601733,489,56
1997,cai,21720,0,total_pre,11.561239353429333,246,23
1997,cai,21720,1,male,9.465793082999745,105,22
1997,cai,21720,2,female,7.3566200635249555,141,20
1997,cai,21720,4,total_post,9.57094322391885,246,23
1997,cai,21720,12,female_male,18.427257465695526,246,23
1997,cai,21740,0,total_pre,41.54499792227969,276,31
1997,cai,21740,1,male,29.967242364419644,129,26
1997,cai,21740,2,female,25.34980004521201,147,27
1997,cai,21740,4,total_post,40.25370294321975,276,31
1997,cai,21740,12,female_male,56.06613127086985,276,31
1997,cai,21921,0,total_pre,30.683824215723206,226,19
1997,cai,21921,1,male,15.5402451239424,110,17
1997,cai,21921,2,female,22.501854339534585,116,15
1997,cai,21921,4,total_post,26.751504217111084,226,19
1997,cai,21921,12,female_male,45.37990683778833,226,19
1997,cai,30060,0,total_pre,18.521224087240487,206,27
1997,cai,30060,1,male,14.265283417114826,93,18
1997,cai,30060,2,female,13.022457794697916,95,21
1997,cai,30060,4,total_post,19.8788163871034,206,27
1997,cai,30060,12,female_male,27.39989331021033,188,23
1997,cai,30420,0,total_pre,17.72894963276122,164,18
1997,cai,30420,1,male,14.485688417931206,76,14
1997,cai,30420,2,female,8.624276104482757,81,15
1997,cai,30420,4,total_post,15.02154474443979,164,18
1997,cai,30420,12,female_male,19.57268497065633,157,18
1997,eai,21720,0,total_pre,32.04657770971232,198,27
1997,eai,21720,1,male,15.209929744396966,101,25
1997,eai,21720,2,female,14.738270238916913,97,24
1997,eai,21720,4,total_post,19.887504547440283,198,27
1997,eai,21720,12,female_male,29.47787227443157,198,27
1997,eai,21740,0,total_pre,50.10728449307187,261,19
1997,eai,21740,1,male,24.105057571650292,122,18
1997,eai,21740,2,female,24.1113561436639,139,18
1997,eai,21740,4,total_post,40.73158093264383,261,19
1997,eai,21740,12,female_male,49.3282342855186,261,19
1997,eai,21921,0,total_pre,13.041722879325254,60,9
1997,eai,21921,1,male,7.963510728589253,28,7
1997,eai,21921,2,female,2.379257054771007,32,5
1997,eai,21921,4,total_post,6.464667241501399,60,9
1997,eai,21921,12,female_male,7.472730388606856,60,9
1997,eai,30060,0,total_pre,44.917709524957225,391,37
1997,eai,30060,1,male,16.443691391772468,176,29
1997,eai,30060,2,female,25.505599876619616,189,33
1997,eai,30060,4,total_post,32.92505421316007,391,37
1997,eai,30060,12,female_male,42.09921058988694,365,35
1997,eai,30420,0,total_pre,14.186642418855453,108,17
1997,eai,30420,1,male,9.822779539246264,48,12
1997,eai,30420,2,female,8.674654134006778,60,13
1997,eai,30420,4,total_post,14.064358602014645,108,17
1997,eai,30420,12,female_male,17.933637715711598,108,17
1997,sbs,21720,0,total_pre,8.489002294809014,80,4
1997,sbs,21720,1,male,4.236484048447205,41,4
1997,sbs,21720,2,female,5.017704440160361,39,4
1997,sbs,21720,4,total_post,6.693847158400147,80,4
1997,sbs,21720,12,female_male,10.066050645023953,80,4
1997,sbs,21740,0,total_pre,11.958768116538698,159,5
1997,sbs,21740,1,male,6.524003402085483,59,3
1997,sbs,21740,2,female,9.224772351866635,100,5
1997,sbs,21740,4,total_post,15.942175348435043,159,5
1997,sbs,21740,12,female_male,17.46777483006771,159,5
1997,sbs,30060,0,total_pre,11.864746342961617,77,6
1997,sbs,30060,1,male,5.100385008352134,37,6
1997,sbs,30060,2,female,3.5093991179554145,40,5
1997,sbs,30060,4,total_post,9.903442344781045,77,6
1997,sbs,30060,12,female_male,7.485002415278328,77,6
1997,wai,21720,0,total_pre,19.539591758075762,185,15
1997,wai,21720,1,male,26.24930755445656,97,15
1997,wai,21720,2,female,14.171320220327072,88,13
1997,wai,21720,4,total_post,23.582572833089575,185,15
1997,wai,21720,12,female_male,40.34708163021622,185,15
1997,wai,21740,0,total_pre,39.410525630128525,229,21
1997,wai,21740,1,male,22.658062343562623,109,17
1997,wai,21740,2,female,25.198751684720065,120,19
1997,wai,21740,4,total_post,44.074846157148215,229,21
1997,wai,21740,12,female_male,47.14822332233263,229,21
1997,wai,21921,0,total_pre,25.074300636529042,98,17
1997,wai,21921,1,male,10.067527712075965,45,14
1997,wai,21921,2,female,9.408828899491844,53,13
1997,wai,21921,4,total_post,16.68034949923243,98,17
1997,wai,21921,12,female_male,19.396076184323338,98,17
1997,wai,30060,0,total_pre,48.55729823870556,339,40
1997,wai,30060,1,male,22.016155669124817,149,32
1997,wai,30060,2,female,28.5006012525094,174,35
1997,wai,30060,4,total_post,46.398515923812944,339,40
1997,wai,30060,12,female_male,48.06903491147415,323,39
1997,wai,30420,0,total_pre,38.39889195060901,224,21
1997,wai,30420,1,male,15.708670503376693,111,19
1997,wai,30420,2,female,19.787008961742913,113,18
1997,wai,30420,4,total_post,29.806946409833962,224,21
1997,wai,30420,12,female_male,36.10761884386419,224,21
2000,ai,21720,0,total_pre,86.53256246367894,786,84
2000,ai,21720,1,male,71.21161846939026,389,77
2000,ai,21720,2,female,63.761735858813104,397,70
2000,ai,21720,4,total_post,119.91674222388295,786,84
2000,ai,21720,12,female_male,147.79295862318264,786,84
2000,ai,21740,0,total_pre,49.18860528892371,812,88
2000,ai,21740,1,male,22.310636886815868,384,71
2000,ai,21740,2,female,31.860633636647748,428,77
2000,ai,21740,4,total_post,36.276276883543865,812,88
2000,ai,21740,12,female_male,55.634504055162886,812,88
2000,ai,21921,0,total_pre,42.5384503205811,827,87
2000,ai,21921,1,male,30.557859041111843,410,74
2000,ai,21921,2,female,41.916557903213516,417,68
2000,ai,21921,4,total_post,34.98183996675683,827,87
2000,ai,21921,12,female_male,75.63778040465277,827,87
2000,ai,30060,0,total_pre,86.93182840328285,1217,145
2000,ai,30060,1,male,47.89092234585084,553,122
2000,ai,30060,2,female,89.57001388652068,639,125
2000,ai,30060,4,total_post,110.20294902441962,1217,145
2000,ai,30060,12,female_male,130.09301491290455,1192,144
2000,ai,30420,0,total_pre,55.806830201748866,684,88
2000,ai,30420,1,male,28.688903756956247,327,68
2000,ai,30420,2,female,31.62996288977029,354,69
2000,ai,30420,4,total_post,53.34735130921582,684,88
2000,ai,30420,12,female_male,60.28792035923719,681,87
2000,cai,21720,0,total_pre,35.408300531710026,225,23
2000,cai,21720,1,male,36.22927468563908,112,21
2000,cai,21720,2,female,25.580813755946892,113,18
2000,cai,21720,4,total_post,41.84748570736194,225,23
2000,cai,21720,12,female_male,58.1900640758915,225,23
2000,cai,21740,0,total_pre,47.19552857487637,255,27
2000,cai,21740,1,male,16.86316846783646,110,20
2000,cai,21740,2,female,28.117298838206132,145,23
2000,cai,21740,4,total_post,39.28130399731332,255,27
2000,cai,21740,12,female_male,41.67243210248989,255,27
2000,cai,21921,0,total_pre,19.273445481563993,364,32
2000,cai,21921,1,male,9.374086057142831,182,30
2000,cai,21921,2,female,20.221542059637006,182,27
2000,cai,21921,4,total_post,19.19882140680051,364,32
2000,cai,21921,12,female_male,30.391191016619487,364,32
2000,cai,30060,0,total_pre,39.76379499728807,319,39
2000,cai,30060,1,male,12.626462920973967,152,34
2000,cai,30060,2,female,19.556294354108847,165,35
2000,cai,30060,4,total_post,36.38709679924976,319,39
2000,cai,30060,12,female_male,31.886071155609287,317,39
2000,cai,30420,0,total_pre,31.117686661081347,251,25
2000,cai,30420,1,male,24.18032563281164,121,20
2000,cai,30420,2,female,25.302009255257772,130,19
2000,cai,30420,4,total_post,38.6111394213086,251,25
2000,cai,30420,12,female_male,49.208923549710704,251,25
2000,eai,21720,0,total_pre,23.344841363098954,220,20
2000,eai,21720,1,male,22.566435285818567,108,19
2000,eai,21720,2,female,28.534500063258143,112,19
2000,eai,21720,4,total_post,37.133639840907534,220,20
2000,eai,21720,12,female_male,52.3971341677185,220,20
2000,eai,21740,0,total_pre,12.925302055654432,239,31
2000,eai,21740,1,male,7.0346641490724995,120,25
2000,eai,21740,2,female,10.076082699485106,119,28
2000,eai,21740,4,total_post,9.480700107477288,239,31
2000,eai,21740,12,female_male,19.974884669043675,239,31
2000,eai,21921,0,total_pre,6.720951978166093,41,12
2000,eai,21921,1,male,5.314229181843516,17,8
2000,eai,21921,2,female,5.438937163801098,24,8
2000,eai,21921,4,total_post,5.65847081711239,41,12
2000,eai,21921,12,female_male,8.607044194575364,41,12
2000,eai,30060,0,total_pre,33.31751097128625,426,52
2000,eai,30060,1,male,32.52779688022634,190,43
2000,eai,30060,2,female,36.38848507183928,219,42
2000,eai,30060,4,total_post,48.13477789992646,426,52
2000,eai,30060,12,female_male,71.14668982181801,409,51
2000,eai,30420,0,total_pre,22.121145981091175,200,27
2000,eai,30420,1,male,12.33611566455432,92,21
2000,eai,30420,2,female,12.45850115377755,107,21
2000,eai,30420,4,total_post,18.604681946199673,200,27
2000,eai,30420,12,female_male,25.554820936038656,199,26
2000,sbs,21720,0,total_pre,24.820666450079997,141,16
2000,sbs,21720,1,male,9.948860413629166,71,14
2000,sbs,21720,2,female,14.009334198638614,70,14
2000,sbs,21720,4,total_post,22.573777066776174,141,16
2000,sbs,21720,12,female_male,23.14402295396542,141,16
2000,sbs,21740,0,total_pre,19.387225914373865,106,8
2000,sbs,21740,1,male,1.5761803763565536,52,6
2000,sbs,21740,2,female,9.465508169378012,54,8
2000,sbs,21740,4,total_post,16.70776559656815,106,8
2000,sbs,21740,12,female_male,18.24787150808443,106,8
2000,sbs,30060,0,total_pre,25.86001637257549,130,12
2000,sbs,30060,1,male,7.042687303434973,56,11
2000,sbs,30060,2,female,12.691909662870783,73,11
2000,sbs,30060,4,total_post,15.751614330081804,130,12
2000,sbs,30060,12,female_male,16.476416091584372,129,12
2000,sbs,30420,0,total_pre,8.11814479062327,19,6
2000,sbs,30420,1,male,2.926627344888745,11,5
2000,sbs,30420,2,female,1.928178154183094,8,5
2000,sbs,30420,4,total_post,4.338579433770383,19,6
2000,sbs,30420,12,female_male,5.029833663153871,19,6
2000,wai,21720,0,total_pre,25.665113598713678,200,25
2000,wai,21720,1,male,13.277985458805055,98,23
2000,wai,21720,2,female,24.456581273278616,102,19
2000,wai,21720,4,total_post,36.308823408855616,200,25
2000,wai,21720,12,female_male,41.14143787718606,200,25
2000,wai,21740,0,total_pre,19.0958574914236,212,22
2000,wai,21740,1,male,11.43351102626701,102,20
2000,wai,21740,2,female,9.795575138267024,110,18
2000,wai,21740,4,total_post,11.458240045517364,212,22
2000,wai,21740,12,female_male,24.251566889268627,212,22
2000,wai,21921,0,total_pre,13.02839921037085,422,43
2000,wai,21921,1,male,17.14121535122614,211,36
2000,wai,21921,2,female,19.052465232252512,211,33
2000,wai,21921,4,total_post,14.501213793648203,422,43
2000,wai,21921,12,female_male,39.862029456072634,422,43
2000,wai,30060,0,total_pre,39.44419743860084,334,41
2000,wai,30060,1,male,15.614377715825398,151,33
2000,wai,30060,2,female,25.219510289512534,178,36
2000,wai,30060,4,total_post,35.75902315554343,334,41
2000,wai,30060,12,female_male,40.37439370315535,329,41
2000,wai,30420,0,total_pre,30.31412976343896,214,30
2000,wai,30420,1,male,16.461848359752274,103,22
2000,wai,30420,2,female,17.609921499052014,109,24
2000,wai,30420,4,total_post,30.68260842091881,214,30
2000,wai,30420,12,female_male,34.16348687725394,212,30
2002,ai,21720,0,total_pre,87.37701935299376,1237,148
2002,ai,21720,1,male,82.33557186695832,620,119
2002,ai,21720,2,female,66.79828169230869,617,127
2002,ai,21720,4,total_post,91.74656387451859,1237,148
2002,ai,21720,12,female_male,151.45334050400032,1237,148
2002,ai,21740,0,total_pre,72.89396816235715,1289,158
2002,ai,21740,1,male,39.18244843439924,567,124
2002,ai,21740,2,female,45.73432485768337,716,137
2002,ai,21740,4,total_post,59.83257081028726,1289,158
2002,ai,21740,12,female_male,85.36007809827346,1283,158
2002,ai,21921,0,total_pre,44.69262017510289,746,112
2002,ai,21921,1,male,63.6195387045754,375,87
2002,ai,21921,2,female,29.080595981896217,371,92
2002,ai,21921,4,total_post,47.42025505492528,746,112
2002,ai,21921,12,female_male,88.62806131583964,746,112
2002,ai,30060,0,total_pre,50.57449231775028,320,113
2002,ai,30060,1,male,26.457969603261585,150,82
2002,ai,30060,2,female,17.44434998725801,168,89
2002,ai,30060,4,total_post,42.573998738659704,320,113
2002,ai,30060,12,female_male,43.954844665552635,318,112
2002,ai,30420,0,total_pre,27.093825370486954,244,64
2002,ai,30420,1,male,9.106908366002108,110,47
2002,ai,30420,2,female,16.43284311963753,134,55
2002,ai,30420,4,total_post,26.82105628165997,244,64
2002,ai,30420,12,female_male,26.06670191669068,244,64
2002,cai,21720,0,total_pre,33.84891662414238,251,39
2002,cai,21720,1,male,27.56468909542475,126,28
2002,cai,21720,2,female,17.387444673354693,125,32
2002,cai,21720,4,total_post,35.34722773677237,251,39
2002,cai,21720,12,female_male,46.75897592288644,251,39
2002,cai,21740,0,total_pre,43.911390290038895,351,50
2002,cai,21740,1,male,21.580938042032823,153,42
2002,cai,21740,2,female,20.475050299266805,197,42
2002,cai,21740,4,total_post,41.815137357961845,351,50
2002,cai,21740,12,female_male,41.777038507187264,350,50
2002,cai,21921,0,total_pre,24.986841443916763,214,37
2002,cai,21921,1,male,18.027661800432128,105,28
2002,cai,21921,2,female,12.400304280807934,109,31
2002,cai,21921,4,total_post,19.074637605977518,214,37
2002,cai,21921,12,female_male,32.179232502220074,214,37
2002,cai,30060,0,total_pre,9.288172463925106,65,26
2002,cai,30060,1,male,3.7516814049704315,28,17
2002,cai,30060,2,female,2.9275013846735587,36,19
2002,cai,30060,4,total_post,7.574235954744417,65,26
2002,cai,30060,12,female_male,6.618596709686962,64,26
2002,cai,30420,0,total_pre,10.481722120584001,74,19
2002,cai,30420,1,male,6.36889245757355,36,12
2002,cai,30420,2,female,5.7047487226616225,38,15
2002,cai,30420,4,total_post,8.624449930331426,74,19
2002,cai,30420,12,female_male,9.305331802915873,74,19
2002,eai,21720,0,total_pre,40.701529272545564,426,35
2002,eai,21720,1,male,22.405018064957037,210,31
2002,eai,21720,2,female,19.943748083853023,216,31
2002,eai,21720,4,total_post,27.520784125399167,426,35
2002,eai,21720,12,female_male,45.93324241039828,426,35
2002,eai,21740,0,total_pre,33.19906065385083,332,45
2002,eai,21740,1,male,19.593364538724842,149,34
2002,eai,21740,2,female,28.49669176846322,183,39
2002,eai,21740,4,total_post,31.79319429283434,332,45
2002,eai,21740,12,female_male,49.01821876601134,332,45
2002,eai,21921,0,total_pre,30.77134715091528,274,30
2002,eai,21921,1,male,9.974409278163472,139,24
2002,eai,21921,2,female,16.335589855991042,135,25
2002,eai,21921,4,total_post,18.978478077724404,274,30
2002,eai,21921,12,female_male,30.36219581095904,274,30
2002,eai,30060,0,total_pre,23.92687604872375,141,43
2002,eai,30060,1,male,9.943940915901774,71,36
2002,eai,30060,2,female,10.18413344293216,70,34
2002,eai,30060,4,total_post,16.10348745514463,141,43
2002,eai,30060,12,female_male,20.779560648813316,141,43
2002,eai,30420,0,total_pre,20.548818558761198,66,13
2002,eai,30420,1,male,9.922107752464104,28,8
2002,eai,30420,2,female,6.985280954501201,38,13
2002,eai,30420,4,total_post,18.096614647225703,66,13
2002,eai,30420,12,female_male,17.060049550734547,66,13
2002,sbs,21720,0,total_pre,71.56296538448773,280,39
2002,sbs,21720,1,male,28.699874684274405,140,34
2002,sbs,21720,2,female,24.88114006715113,140,34
2002,sbs,21720,4,total_post,48.87992531235643,280,39
2002,sbs,21720,12,female_male,60.696411431394054,280,39
2002,sbs,21740,0,total_pre,49.81496365202826,306,26
2002,sbs,21740,1,male,18.40533570276152,146,23
2002,sbs,21740,2,female,33.121904062628694,159,24
2002,sbs,21740,4,total_post,38.46204401564933,306,26
2002,sbs,21740,12,female_male,55.68398938923636,305,26
2002,sbs,21921,0,total_pre,9.803022571256523,103,22
2002,sbs,21921,1,male,3.023605371398012,55,19
2002,sbs,21921,2,female,5.961997342308952,48,17
2002,sbs,21921,4,total_post,20.111784350420447,103,22
2002,sbs,21921,12,female_male,10.277159806847227,103,22
2002,sbs,30060,0,total_pre,2.54534427623381,28,12
2002,sbs,30060,1,male,4.198487492435883,13,8
2002,sbs,30060,2,female,0.7504786414173581,14,10
2002,sbs,30060,4,total_post,7.481599249235121,28,12
2002,sbs,30060,12,female_male,5.237716277160881,27,11
2002,sbs,30420,0,total_pre,3.930174530138221,22,9
2002,sbs,30420,1,male,1.3220536563276641,11,8
2002,sbs,30420,2,female,5.095180945635438,11,6
2002,sbs,30420,4,total_post,3.189683771805669,22,9
2002,sbs,30420,12,female_male,3.7810091466887705,22,9
2002,wai,21720,0,total_pre,28.262226140857862,280,35
2002,wai,21720,1,male,25.830363192623896,144,26
2002,wai,21720,2,female,23.96816012480741,136,30
2002,wai,21720,4,total_post,29.342588121869163,280,35
2002,wai,21720,12,female_male,48.88126320167574,280,35
2002,wai,21740,0,total_pre,33.69734666383593,299,36
2002,wai,21740,1,male,22.2700706686923,119,25
2002,wai,21740,2,female,21.45685921869865,176,31
2002,wai,21740,4,total_post,28.179061656760922,299,36
2002,wai,21740,12,female_male,39.98408757931541,295,36
2002,wai,21921,0,total_pre,25.915195686611003,155,23
2002,wai,21921,1,male,18.77881687572835,76,16
2002,wai,21921,2,female,16.871445718248733,79,19
2002,wai,21921,4,total_post,26.121897985872994,155,23
2002,wai,21921,12,female_male,39.07106106053829,155,23
2002,wai,30060,0,total_pre,20.684230911067772,85,31
2002,wai,30060,1,male,8.949343110483598,38,21
2002,wai,30060,2,female,6.463548729480536,47,25
2002,wai,30060,4,total_post,16.846921771800467,85,31
2002,wai,30060,12,female_male,16.451246530317757,85,31
2002,wai,30420,0,total_pre,20.84918455494751,82,23
2002,wai,30420,1,male,5.566898478659794,35,19
2002,wai,30420,2,female,10.370367768026606,47,21
2002,wai,30420,4,total_post,18.611946294816082,82,23
2002,wai,30420,12,female_male,16.996312840812575,82,23
2004,ai,21720,0,total_pre,130.21188517283292,765,95
2004,ai,21720,1,male,73.68220262762257,368,83
2004,ai,21720,2,female,103.85839759204315,397,80
2004,ai,21720,4,total_post,128.87573401790158,765,95
2004,ai,21720,12,female_male,181.49555008524376,765,95
2004,ai,21740,0,total_pre,59.785696573892736,573,48
2004,ai,21740,1,male,21.4946248221618,235,45
2004,ai,21740,2,female,33.9163988124831,338,47
2004,ai,21740,4,total_post,40.97031980782144,573,48
2004,ai,21740,12,female_male,57.05030347598049,573,48
2004,ai,21921,0,total_pre,90.46332106717277,596,80
2004,ai,21921,1,male,48.55940203253913,283,70
2004,ai,21921,2,female,47.53781883296764,313,68
2004,ai,21921,4,total_post,85.2771765529272,596,80
2004,ai,21921,12,female_male,95.22234358401631,596,80
2004,ai,30060,0,total_pre,211.80245390534796,990,94
2004,ai,30060,1,male,83.77639076891072,456,81
2004,ai,30060,2,female,122.90879263368493,534,78
2004,ai,30060,4,total_post,165.77193256646322,990,94
2004,ai,30060,12,female_male,194.0543116386033,990,94
2004,ai,30420,0,total_pre,71.80676248818854,498,63
2004,ai,30420,1,male,29.9411471297407,219,50
2004,ai,30420,2,female,32.96997879070764,279,57
2004,ai,30420,4,total_post,62.72187295641331,498,63
2004,ai,30420,12,female_male,59.64887112568008,498,63
2004,cai,21720,0,total_pre,31.08471723902929,233,31
2004,cai,21720,1,male,22.20173338166488,116,27
2004,cai,21720,2,female,20.426320434478857,117,25
2004,cai,21720,4,total_post,38.096173041999535,233,31
2004,cai,21720,12,female_male,43.16295091869628,233,31
2004,cai,21740,0,total_pre,41.74310446815567,156,15
2004,cai,21740,1,male,23.892362107147562,69,14
2004,cai,21740,2,female,17.415686961167708,87,14
2004,cai,21740,4,total_post,40.687019355411216,156,15
2004,cai,21740,12,female_male,42.56211547146427,156,15
2004,cai,21921,0,total_pre,34.95790820732235,184,23
2004,cai,21921,1,male,14.824490009637417,88,21
2004,cai,21921,2,female,16.392527481203906,96,19
2004,cai,21921,4,total_post,29.607415837327412,184,23
2004,cai,21921,12,female_male,33.60741504781469,184,23
2004,cai,30060,0,total_pre,51.591294828024,262,26
2004,cai,30060,1,male,25.984915652428977,125,22
2004,cai,30060,2,female,28.108156322674272,137,21
2004,cai,30060,4,total_post,41.46292649860396,262,26
2004,cai,30060,12,female_male,55.732247913371076,262,26
2004,cai,30420,0,total_pre,35.062575549400755,156,17
2004,cai,30420,1,male,16.547293624860234,72,13
2004,cai,30420,2,female,19.27611669153899,84,17
2004,cai,30420,4,total_post,30.17089989880894,156,17
2004,cai,30420,12,female_male,33.02518989813004,156,17
2004,eai,21720,0,total_pre,73.1419486071951,191,30
2004,eai,21720,1,male,36.91684810765223,94,28
2004,eai,21720,2,female,38.95027648928971,97,24
2004,eai,21720,4,total_post,59.12960655390598,191,30
2004,eai,21720,12,female_male,69.93549168343382,191,30
2004,eai,21740,0,total_pre,10.29611271614984,90,9
2004,eai,21740,1,male,2.38809120258007,27,7
2004,eai,21740,2,female,9.016702449541626,63,9
2004,eai,21740,4,total_post,11.662611120086732,90,9
2004,eai,21740,12,female_male,13.147135936728104,90,9
2004,eai,21921,0,total_pre,15.746009579389634,162,18
2004,eai,21921,1,male,8.936841252935396,80,18
2004,eai,21921,2,female,8.000620878201445,82,17
2004,eai,21921,4,total_post,11.63169094187192,162,18
2004,eai,21921,12,female_male,21.67941082618447,162,18
2004,eai,30060,0,total_pre,85.42679173714106,356,29
2004,eai,30060,1,male,39.04736086260933,162,25
2004,eai,30060,2,female,38.52690511712442,194,25
2004,eai,30060,4,total_post,80.82063884684575,356,29
2004,eai,30060,12,female_male,81.49774934370967,356,29
2004,eai,30420,0,total_pre,21.252321382399554,103,18
2004,eai,30420,1,male,14.319649233396845,43,14
2004,eai,30420,2,female,15.557253271359968,60,13
2004,eai,30420,4,total_post,22.84353495003261,103,18
2004,eai,30420,12,female_male,25.613745879095003,103,18
2004,sbs,21720,0,total_pre,39.649285048103536,208,14
2004,sbs,21720,1,male,27.10070653384766,95,14
2004,sbs,21720,2,female,31.894288090784734,113,13
2004,sbs,21720,4,total_post,57.97202138083257,208,14
2004,sbs,21720,12,female_male,56.628527278724135,208,14
2004,sbs,21740,0,total_pre,42.97674376435537,202,12
2004,sbs,21740,1,male,20.497138496240417,89,12
2004,sbs,21740,2,female,28.151005456675023,113,12
2004,sbs,21740,4,total_post,35.64501148344936,202,12
2004,sbs,21740,12,female_male,51.012357477403334,202,12
2004,sbs,21921,0,total_pre,11.471665082189453,83,9
2004,sbs,21921,1,male,14.995813436791002,34,8
2004,sbs,21921,2,female,10.290572974322515,49,6
2004,sbs,21921,4,total_post,21.97558941673513,83,9
2004,sbs,21921,12,female_male,30.779665321745792,83,9
2004,sbs,30060,0,total_pre,18.9496560755128,90,10
2004,sbs,30060,1,male,12.740128572443426,43,8
2004,sbs,30060,2,female,6.6855288806787465,47,9
2004,sbs,30060,4,total_post,20.752677172995973,90,10
2004,sbs,30060,12,female_male,20.86013894027752,90,10
2004,sbs,30420,0,total_pre,7.909138305139318,46,5
2004,sbs,30420,1,male,2.4029729959935464,21,4
2004,sbs,30420,2,female,3.562223022346264,25,4
2004,sbs,30420,4,total_post,3.900323479838064,46,5
2004,sbs,30420,12,female_male,5.328679436792903,46,5
2004,wai,21720,0,total_pre,37.34229695157979,133,20
2004,wai,21720,1,male,5.863097180402273,63,14
2004,wai,21720,2,female,20.170777270538846,70,18
2004,wai,21720,4,total_post,16.0938902342884,133,20
2004,wai,21720,12,female_male,20.568660978644672,133,20
2004,wai,21740,0,total_pre,26.287267397661292,125,12
2004,wai,21740,1,male,16.433644256003902,50,12
2004,wai,21740,2,female,20.67171130524238,75,12
2004,wai,21740,4,total_post,31.71009540616911,125,12
2004,wai,21740,12,female_male,38.87261326178831,125,12
2004,wai,21921,0,total_pre,29.604457287719686,167,30
2004,wai,21921,1,male,19.015334923010332,81,23
2004,wai,21921,2,female,19.314550164726743,86,26
2004,wai,21921,4,total_post,36.76375797034881,167,30
2004,wai,21921,12,female_male,43.088275995162675,167,30
2004,wai,30060,0,total_pre,70.4841461987702,282,29
2004,wai,30060,1,male,30.901328875557297,126,26
2004,wai,30060,2,female,36.51869367102633,156,23
2004,wai,30060,4,total_post,51.9382548358171,282,29
2004,wai,30060,12,female_male,65.02923206126621,282,29
2004,wai,30420,0,total_pre,51.671903839056135,193,23
2004,wai,30420,1,male,21.002692343062908,83,19
2004,wai,30420,2,female,22.856530091444416,110,23
2004,wai,30420,4,total_post,45.13608979164769,193,23
2004,wai,30420,12,female_male,41.628029790914894,193,23
2006,ai,21720,0,total_pre,95.28404396253339,748,122
2006,ai,21720,1,male,63.33533048916648,389,103
2006,ai,21720,2,female,69.67763774462372,359,97
2006,ai,21720,4,total_post,91.06036474793069,748,122
2006,ai,21720,12,female_male,134.7575028035195,748,122
2006,ai,21740,0,total_pre,31.186810982422134,575,59
2006,ai,21740,1,male,24.560044409680806,261,53
2006,ai,21740,2,female,18.89093655447085,294,53
2006,ai,21740,4,total_post,33.53968217631562,575,59
2006,ai,21740,12,female_male,39.728586393915606,555,58
2006,ai,21921,0,total_pre,36.641819988322766,524,77
2006,ai,21921,1,male,24.715009308112798,278,63
2006,ai,21921,2,female,46.5084537954839,246,64
2006,ai,21921,4,total_post,52.61596474954098,524,77
2006,ai,21921,12,female_male,67.7255118603032,524,77
2006,ai,30060,0,total_pre,93.30441422813938,448,97
2006,ai,30060,1,male,36.09515222186032,208,75
2006,ai,30060,2,female,44.11945220433797,233,83
2006,ai,30060,4,total_post,70.31070238310564,448,97
2006,ai,30060,12,female_male,79.3140059718083,441,95
2006,ai,30420,0,total_pre,94.98545043495105,511,54
2006,ai,30420,1,male,32.38670907513258,222,45
2006,ai,30420,2,female,54.087798734067455,287,47
2006,ai,30420,4,total_post,84.46607321595417,511,54
2006,ai,30420,12,female_male,86.4176327166441,509,54
2006,cai,21720,0,total_pre,48.93936746509947,267,45
2006,cai,21720,1,male,37.36174617996923,140,36
2006,cai,21720,2,female,24.135911448856174,127,34
2006,cai,21720,4,total_post,51.878024417817656,267,45
2006,cai,21720,12,female_male,64.87589223869264,267,45
2006,cai,21740,0,total_pre,40.48114831431901,287,31
2006,cai,21740,1,male,23.231931748133547,131,28
2006,cai,21740,2,female,34.365212098430575,156,29
2006,cai,21740,4,total_post,42.218790905817485,287,31
2006,cai,21740,12,female_male,56.46498778544308,287,31
2006,cai,21921,0,total_pre,32.77802609664036,194,28
2006,cai,21921,1,male,12.60696892733159,103,22
2006,cai,21921,2,female,21.372485003535658,91,24
2006,cai,21921,4,total_post,29.577452145395878,194,28
2006,cai,21921,12,female_male,36.07516610367733,194,28
2006,cai,30060,0,total_pre,19.96899294484218,135,38
2006,cai,30060,1,male,9.680021830504907,60,27
2006,cai,30060,2,female,13.172919247635567,74,31
2006,cai,30060,4,total_post,20.687416901468907,135,38
2006,cai,30060,12,female_male,22.989523374823115,134,37
2006,cai,30420,0,total_pre,36.429565017915316,148,13
2006,cai,30420,1,male,15.324565940339431,67,11
2006,cai,30420,2,female,16.49336818409795,81,12
2006,cai,30420,4,total_post,35.14159548193792,148,13
2006,cai,30420,12,female_male,32.68111284593991,148,13
2006,eai,21720,0,total_pre,23.40024521499335,152,29
2006,eai,21720,1,male,15.348828198814287,83,23
2006,eai,21720,2,female,16.841941140969475,69,26
2006,eai,21720,4,total_post,23.480868632216314,152,29
2006,eai,21720,12,female_male,33.10693948503679,152,29
2006,eai,21740,0,total_pre,14.689047413299265,90,9
2006,eai,21740,1,male,13.482368398685614,44,8
2006,eai,21740,2,female,5.6507402103455675,26,5
2006,eai,21740,4,total_post,13.596330670442258,90,9
2006,eai,21740,12,female_male,16.681994798924915,70,8
2006,eai,21921,0,total_pre,8.89602676114247,65,11
2006,eai,21921,1,male,6.119774012001924,34,9
2006,eai,21921,2,female,9.499625817581983,31,8
2006,eai,21921,4,total_post,15.767042498835021,65,11
2006,eai,21921,12,female_male,15.870402112933137,65,11
2006,eai,30060,0,total_pre,19.94892420255159,107,16
2006,eai,30060,1,male,11.073110149517772,48,13
2006,eai,30060,2,female,9.451447145093256,56,15
2006,eai,30060,4,total_post,19.312472823349875,107,16
2006,eai,30060,12,female_male,20.48178072251075,104,16
2006,eai,30420,0,total_pre,29.38175512201981,112,17
2006,eai,30420,1,male,11.899742689011152,40,13
2006,eai,30420,2,female,13.03720741256849,72,13
2006,eai,30420,4,total_post,21.536240568838057,112,17
2006,eai,30420,12,female_male,20.848176789780346,112,17
2006,sbs,21720,0,total_pre,38.70161125312258,134,18
2006,sbs,21720,1,male,20.286981291143597,67,17
2006,sbs,21720,2,female,12.658814608328976,67,14
2006,sbs,21720,4,total_post,30.843991915833914,134,18
2006,sbs,21720,12,female_male,33.816998216664516,134,18
2006,sbs,21740,0,total_pre,3.847900967897863,70,7
2006,sbs,21740,1,male,2.9002638725937744,28,6
2006,sbs,21740,2,female,3.651318492322066,42,7
2006,sbs,21740,4,total_post,3.1993045703188536,70,7
2006,sbs,21740,12,female_male,6.577489699293747,70,7
2006,sbs,21921,0,total_pre,12.640554907753334,72,13
2006,sbs,21921,1,male,12.675773142323493,40,11
2006,sbs,21921,2,female,5.494409688713973,32,11
2006,sbs,21921,4,total_post,17.485941017119156,72,13
2006,sbs,21921,12,female_male,22.15626542210503,72,13
2006,sbs,30060,0,total_pre,10.70359929938793,58,12
2006,sbs,30060,1,male,3.960069929619319,28,9
2006,sbs,30060,2,female,6.786236880586426,30,11
2006,sbs,30060,4,total_post,9.849261631186414,58,12
2006,sbs,30060,12,female_male,9.31869058615069,58,12
2006,sbs,30420,0,total_pre,15.60647012312428,77,7
2006,sbs,30420,1,male,5.012604695507727,34,5
2006,sbs,30420,2,female,9.014637296525581,43,6
2006,sbs,30420,4,total_post,11.113540903804163,77,7
2006,sbs,30420,12,female_male,11.523890953983239,77,7
2006,wai,21720,0,total_pre,18.46031622387823,195,30
2006,wai,21720,1,male,10.472852672175636,99,27
2006,wai,21720,2,female,13.012109817521683,96,23
2006,wai,21720,4,total_post,14.3409996686918,195,30
2006,wai,21720,12,female_male,23.553363081742077,195,30
2006,wai,21740,0,total_pre,25.110615944152187,128,12
2006,wai,21740,1,male,14.730899738697387,58,11
2006,wai,21740,2,female,13.884510605718608,70,12
2006,wai,21740,4,total_post,20.342054854666877,128,12
2006,wai,21740,12,female_male,27.842297844362914,128,12
2006,wai,21921,0,total_pre,26.246808557619516,193,25
2006,wai,21921,1,male,16.67542951641913,101,21
2006,wai,21921,2,female,16.334603099398763,92,21
2006,wai,21921,4,total_post,32.05831386704277,193,25
2006,wai,21921,12,female_male,35.7422531444795,193,25
2006,wai,30060,0,total_pre,30.241221659485245,148,31
2006,wai,30060,1,male,17.761988536984973,72,26
2006,wai,30060,2,female,13.730299523555358,73,26
2006,wai,30060,4,total_post,31.24157040928693,148,31
2006,wai,30060,12,female_male,32.34946895536458,145,30
2006,wai,30420,0,total_pre,40.19646261411379,174,17
2006,wai,30420,1,male,16.609841934600215,81,16
2006,wai,30420,2,female,24.396009647788855,91,16
2006,wai,30420,4,total_post,38.36644032265973,174,17
2006,wai,30420,12,female_male,39.9522727437661,172,17
2010,ai,10110,0,total_pre,69.67515234164694,477,88
2010,ai,10110,1,male,18.814839878511552,183,62
2010,ai,10110,2,female,67.67226233898923,294,83
2010,ai,10110,4,total_post,49.127669470452396,477,88
2010,ai,10110,12,female_male,57.54540121741625,477,88
2010,ai,10112,0,total_pre,52.85437460213158,448,75
2010,ai,10112,1,male,26.425101929621302,217,55
2010,ai,10112,2,female,37.219305143915975,231,59
2010,ai,10112,4,total_post,49.163634550321646,448,75
2010,ai,10112,12,female_male,52.04982528825636,448,75
2010,ai,21720,0,total_pre,99.00002220181014,673,101
2010,ai,21720,1,male,53.33358321281611,345,90
2010,ai,21720,2,female,67.05976136685668,328,83
2010,ai,21720,4,total_post,101.68870629492449,673,101
2010,ai,21720,12,female_male,123.19264358598707,673,101
2010,ai,21740,0,total_pre,6.938563945554684,432,39
2010,ai,21740,1,male,4.44354078048539,209,38
2010,ai,21740,2,female,5.298983503820788,204,38
2010,ai,21740,4,total_post,4.975868130808821,432,39
2010,ai,21740,12,female_male,12.422715641673111,413,39
2010,ai,21921,0,total_pre,52.83901352066594,560,92
2010,ai,21921,1,male,20.14716104284495,235,66
2010,ai,21921,2,female,34.04409172799829,325,85
2010,ai,21921,4,total_post,38.029885838808035,560,92
2010,ai,21921,12,female_male,52.076256736283504,560,92
2010,ai,30060,0,total_pre,116.27474518971951,951,97
2010,ai,30060,1,male,57.63812411677566,445,89
2010,ai,30060,2,female,71.57329610972347,504,82
2010,ai,30060,4,total_post,102.96240068114146,951,97
2010,ai,30060,12,female_male,121.8530089067532,949,97
2010,ai,30420,0,total_pre,72.19775323086712,538,72
2010,ai,30420,1,male,52.438480094720816,253,58
2010,ai,30420,2,female,31.086912142541053,285,66
2010,ai,30420,4,total_post,58.547305639015306,538,72
2010,ai,30420,12,female_male,58.99011333046326,538,72
2010,cai,10110,0,total_pre,29.848835221181623,114,21
2010,cai,10110,1,male,7.068930146793983,50,15
2010,cai,10110,2,female,11.76514201574025,64,19
2010,cai,10110,4,total_post,19.08095846425525,114,21
2010,cai,10110,12,female_male,19.546649617445265,114,21
2010,cai,10112,0,total_pre,15.354634726003455,89,19
2010,cai,10112,1,male,8.504595275961433,46,14
2010,cai,10112,2,female,7.9013519074526295,43,15
2010,cai,10112,4,total_post,12.379920553937225,89,19
2010,cai,10112,12,female_male,18.018930578015038,89,19
2010,cai,21720,0,total_pre,36.66126298488183,222,31
2010,cai,21720,1,male,16.292438806342854,116,28
2010,cai,21720,2,female,16.675420830933092,106,24
2010,cai,21720,4,total_post,22.933804692413187,222,31
2010,cai,21720,12,female_male,34.698041955249245,222,31
2010,cai,21740,0,total_pre,10.78708173860499,139,13
2010,cai,21740,1,male,13.744263515186244,71,13
2010,cai,21740,2,female,6.4280863712166925,68,12
2010,cai,21740,4,total_post,12.839623951554016,139,13
2010,cai,21740,12,female_male,23.57284908653609,139,13
2010,cai,21921,0,total_pre,50.432653794587466,198,34
2010,cai,21921,1,male,22.555786022912695,96,27
2010,cai,21921,2,female,31.602799217648005,102,29
2010,cai,21921,4,total_post,51.79175164477842,198,34
2010,cai,21921,12,female_male,62.999987321795224,198,34
2010,cai,30060,0,total_pre,32.89243261188377,262,31
2010,cai,30060,1,male,13.451875764373868,124,28
2010,cai,30060,2,female,30.123465689055987,137,23
2010,cai,30060,4,total_post,27.123451683720408,262,31
2010,cai,30060,12,female_male,30.573601804189046,261,31
2010,cai,30420,0,total_pre,33.17949133084631,186,21
2010,cai,30420,1,male,16.990560406669474,93,19
2010,cai,30420,2,female,10.258074208083539,93,19
2010,cai,30420,4,total_post,22.672327847749763,186,21
2010,cai,30420,12,female_male,23.891948156627773,186,21
2010,eai,10110,0,total_pre,31.24352213318169,127,27
2010,eai,10110,1,male,9.740652817331828,47,19
2010,eai,10110,2,female,28.268654695301674,80,26
2010,eai,10110,4,total_post,25.26438973063059,127,27
2010,eai,10110,12,female_male,29.130267269625666,127,27
2010,eai,10112,0,total_pre,32.92897650633105,139,21
2010,eai,10112,1,male,17.87387088995483,69,14
2010,eai,10112,2,female,16.38776431147429,70,16
2010,eai,10112,4,total_post,30.617234723165094,139,21
2010,eai,10112,12,female_male,30.303530317573692,139,21
2010,eai,21720,0,total_pre,38.127116209409614,147,31
2010,eai,21720,1,male,20.541766040052305,77,25
2010,eai,21720,2,female,14.214105930308309,70,24
2010,eai,21720,4,total_post,43.5966094147038,147,31
2010,eai,21720,12,female_male,40.90959354766993,147,31
2010,eai,21740,0,total_pre,21.81222461663751,138,11
2010,eai,21740,1,male,9.31166994297247,67,10
2010,eai,21740,2,female,7.600672290188475,52,11
2010,eai,21740,4,total_post,17.539611546584066,138,11
2010,eai,21740,12,female_male,19.692534187820463,119,11
2010,eai,21921,0,total_pre,16.714941371791916,80,15
2010,eai,21921,1,male,9.75305739761036,39,10
2010,eai,21921,2,female,8.560198844780043,41,13
2010,eai,21921,4,total_post,13.870765285323353,80,15
2010,eai,21921,12,female_male,15.657268163907059,80,15
2010,eai,30060,0,total_pre,58.49727252413843,302,33
2010,eai,30060,1,male,28.71144195733309,143,29
2010,eai,30060,2,female,30.137763527302656,158,29
2010,eai,30060,4,total_post,52.38830184074606,302,33
2010,eai,30060,12,female_male,58.669870032147934,301,33
2010,eai,30420,0,total_pre,29.01095485478109,139,21
2010,eai,30420,1,male,10.943500915019678,62,14
2010,eai,30420,2,female,19.06322864650944,77,20
2010,eai,30420,4,total_post,32.32916377069976,139,21
2010,eai,30420,12,female_male,31.110947359633528,139,21
2010,sbs,10110,0,total_pre,28.74611376388697,113,20
2010,sbs,10110,1,male,11.089433398170112,41,15
2010,sbs,10110,2,female,20.245495941310956,72,19
2010,sbs,10110,4,total_post,28.59207466098307,113,20
2010,sbs,10110,12,female_male,32.052421763737286,113,20
2010,sbs,10112,0,total_pre,19.150741730959748,93,13
2010,sbs,10112,1,male,7.910216952526783,38,8
2010,sbs,10112,2,female,12.060730056100716,55,11
2010,sbs,10112,4,total_post,19.61785116866223,93,13
2010,sbs,10112,12,female_male,20.33791994614352,93,13
2010,sbs,21720,0,total_pre,15.823836288126655,140,20
2010,sbs,21720,1,male,14.600725797357542,71,19
2010,sbs,21720,2,female,13.12769179344795,69,19
2010,sbs,21720,4,total_post,23.95453264321734,140,20
2010,sbs,21720,12,female_male,28.782757126688853,140,20
2010,sbs,21921,0,total_pre,16.967498059304425,81,10
2010,sbs,21921,1,male,7.700967623960428,39,8
2010,sbs,21921,2,female,8.252579462265516,42,10
2010,sbs,21921,4,total_post,10.913629719008938,81,10
2010,sbs,21921,12,female_male,12.154102266228897,81,10
2010,sbs,30060,0,total_pre,27.991901323893213,141,10
2010,sbs,30060,1,male,10.577499391221549,66,10
2010,sbs,30060,2,female,14.528653536232813,75,9
2010,sbs,30060,4,total_post,20.208720294407673,141,10
2010,sbs,30060,12,female_male,24.181827555137062,141,10
2010,sbs,30420,0,total_pre,1.0354299161409761,18,9
2010,sbs,30420,1,male,1.7421898969677019,8,5
2010,sbs,30420,2,female,1.9559912752800221,10,8
2010,sbs,30420,4,total_post,1.348824920453785,18,9
2010,sbs,30420,12,female_male,1.6451340815857305,18,9
2010,wai,10110,0,total_pre,45.00191627157808,123,20
2010,wai,10110,1,male,15.347580570769704,45,13
2010,wai,10110,2,female,21.85041538516283,78,19
2010,wai,10110,4,total_post,41.938017753185534,123,20
2010,wai,10110,12,female_male,36.45629063814579,123,20
2010,wai,10112,0,total_pre,18.374473762223253,126,21
2010,wai,10112,1,male,10.337324180890008,64,19
2010,wai,10112,2,female,8.340178359978436,62,16
2010,wai,10112,4,total_post,13.759597475298817,126,21
2010,wai,10112,12,female_male,21.689935275986038,126,21
2010,wai,21720,0,total_pre,24.73196696333412,164,19
2010,wai,21720,1,male,13.006136402491583,81,18
2010,wai,21720,2,female,15.282533083389,83,16
2010,wai,21720,4,total_post,20.109343582724573,164,19
2010,wai,21720,12,female_male,28.866551580722998,164,19
2010,wai,21740,0,total_pre,3.297846618336737,155,15
2010,wai,21740,1,male,3.3420935792585533,71,15
2010,wai,21740,2,female,3.697536011081917,84,15
2010,wai,21740,4,total_post,3.1132622834864527,155,15
2010,wai,21740,12,female_male,7.009676665246892,155,15
2010,wai,21921,0,total_pre,17.949122423142995,201,33
2010,wai,21921,1,male,9.076188150027223,61,21
2010,wai,21921,2,female,12.724978192298028,140,33
2010,wai,21921,4,total_post,14.543628207886877,201,33
2010,wai,21921,12,female_male,21.454560224843405,201,33
2010,wai,30060,0,total_pre,50.40525533835393,246,23
2010,wai,30060,1,male,20.654329687732062,112,22
2010,wai,30060,2,female,25.73589823306105,134,21
2010,wai,30060,4,total_post,40.94780110901438,246,23
2010,wai,30060,12,female_male,45.35590892453218,246,23
2010,wai,30420,0,total_pre,38.02772803399417,195,21
2010,wai,30420,1,male,28.102332489263954,90,20
2010,wai,30420,2,female,17.81827915031131,105,19
2010,wai,30420,4,total_post,29.06035722853471,195,21
2010,wai,30420,12,female_male,30.628795061678655,195,21
2012,ai,10110,0,total_pre,48.71815509791049,401,72
2012,ai,10110,1,male,22.974247677664785,145,51
2012,ai,10110,2,female,32.296793174427364,256,66
2012,ai,10110,4,total_post,49.09574247443847,401,72
2012,ai,10110,12,female_male,54.75539442525484,401,72
2012,ai,21720,0,total_pre,55.19298883858725,591,89
2012,ai,21720,1,male,31.898576035472374,299,76
2012,ai,21720,2,female,49.45778244686884,292,74
2012,ai,21720,4,total_post,67.4036679895864,591,89
2012,ai,21720,12,female_male,80.53115907148761,591,89
2012,ai,21740,0,total_pre,28.687905932268972,535,49
2012,ai,21740,1,male,19.887439933525357,242,49
2012,ai,21740,2,female,33.97442076734272,293,49
2012,ai,21740,4,total_post,28.527313315218784,535,49
2012,ai,21740,12,female_male,47.153333922189745,535,49
2012,ai,21921,0,total_pre,52.228813851284,417,65
2012,ai,21921,1,male,31.22497534031239,205,52
2012,ai,21921,2,female,25.077247116759434,212,52
2012,ai,21921,4,total_post,46.153769176683355,417,65
2012,ai,21921,12,female_male,57.2064301028747,417,65
2012,ai,30060,0,total_pre,118.6206524091508,1140,107
2012,ai,30060,1,male,78.44213706572144,547,92
2012,ai,30060,2,female,75.19301458354641,589,98
2012,ai,30060,4,total_post,129.68496716219946,1140,107
2012,ai,30060,12,female_male,152.88202194722854,1136,106
2012,ai,30420,0,total_pre,58.001169816619964,570,65
2012,ai,30420,1,male,35.47020879630523,258,50
2012,ai,30420,2,female,34.770581891800575,310,60
2012,ai,30420,4,total_post,61.677376073736575,570,65
2012,ai,30420,12,female_male,67.02722876728137,568,65
2012,cai,10110,0,total_pre,25.65992730341623,103,18
2012,cai,10110,1,male,10.69043924102194,32,12
2012,cai,10110,2,female,19.62037171062419,71,18
2012,cai,10110,4,total_post,33.7073479173365,103,18
2012,cai,10110,12,female_male,30.03532206347999,103,18
2012,cai,21720,0,total_pre,16.099266929255673,196,31
2012,cai,21720,1,male,13.20496401088218,97,23
2012,cai,21720,2,female,14.569707553407254,99,26
2012,cai,21720,4,total_post,18.27817207554213,196,31
2012,cai,21720,12,female_male,29.634033060945512,196,31
2012,cai,21740,0,total_pre,26.165322472323197,139,11
2012,cai,21740,1,male,13.443150383462223,61,11
2012,cai,21740,2,female,13.598183877708573,78,11
2012,cai,21740,4,total_post,20.864870080104698,139,11
2012,cai,21740,12,female_male,26.895565560059296,139,11
2012,cai,21921,0,total_pre,29.205340273074512,164,18
2012,cai,21921,1,male,19.54439538268141,81,17
2012,cai,21921,2,female,19.018186198085644,83,14
2012,cai,21921,4,total_post,31.610113370121084,164,18
2012,cai,21921,12,female_male,43.203764803134476,164,18
2012,cai,30060,0,total_pre,35.384415769854556,287,28
2012,cai,30060,1,male,19.24173196107483,135,26
2012,cai,30060,2,female,34.27201843356889,152,26
2012,cai,30060,4,total_post,31.366125234571285,287,28
2012,cai,30060,12,female_male,47.163208331659874,287,28
2012,cai,30420,0,total_pre,36.44449240794163,153,17
2012,cai,30420,1,male,23.007403536953866,71,16
2012,cai,30420,2,female,20.82382835781182,82,14
2012,cai,30420,4,total_post,31.31821156800202,153,17
2012,cai,30420,12,female_male,37.31851718659062,153,17
2012,eai,10110,0,total_pre,17.044762593161927,102,16
2012,eai,10110,1,male,9.789278572716642,39,13
2012,eai,10110,2,female,12.68786458343616,63,16
2012,eai,10110,4,total_post,17.474211694683056,102,16
2012,eai,10110,12,female_male,22.32437551385901,102,16
2012,eai,21720,0,total_pre,27.039136129927012,127,21
2012,eai,21720,1,male,17.479822576826198,68,18
2012,eai,21720,2,female,14.35857304315818,59,16
2012,eai,21720,4,total_post,35.985781402752586,127,21
2012,eai,21720,12,female_male,32.62323259171271,127,21
2012,eai,21740,0,total_pre,9.016214717084496,119,12
2012,eai,21740,1,male,8.585731454750421,63,12
2012,eai,21740,2,female,8.774346046146846,56,12
2012,eai,21740,4,total_post,9.485786127786524,119,12
2012,eai,21740,12,female_male,17.29538052505536,119,12
2012,eai,21921,0,total_pre,18.334585818511933,77,13
2012,eai,21921,1,male,7.408074425090667,37,10
2012,eai,21921,2,female,9.52939281421017,40,10
2012,eai,21921,4,total_post,17.218583190300848,77,13
2012,eai,21921,12,female_male,15.70530038655925,77,13
2012,eai,30060,0,total_pre,51.57151257002807,351,36
2012,eai,30060,1,male,32.92029422507788,174,31
2012,eai,30060,2,female,27.151314006753033,177,32
2012,eai,30060,4,total_post,49.790450725177,351,36
2012,eai,30060,12,female_male,59.35315354949336,351,36
2012,eai,30420,0,total_pre,33.41408825506874,160,16
2012,eai,30420,1,male,13.614891390854993,68,12
2012,eai,30420,2,female,15.90955528644312,92,15
2012,eai,30420,4,total_post,25.17332979715922,160,16
2012,eai,30420,12,female_male,27.114992872894707,160,16
2012,sbs,10110,0,total_pre,36.478134484951596,86,14
2012,sbs,10110,1,male,16.88301135594047,34,11
2012,sbs,10110,2,female,19.695807720018223,52,12
2012,sbs,10110,4,total_post,30.49776415038935,86,14
2012,sbs,10110,12,female_male,40.005212670443015,86,14
2012,sbs,21720,0,total_pre,13.853770324656448,83,12
2012,sbs,21720,1,male,9.26759839304173,45,12
2012,sbs,21720,2,female,9.540033529729762,38,10
2012,sbs,21720,4,total_post,22.508737508690462,83,12
2012,sbs,21720,12,female_male,19.301073520069192,83,12
2012,sbs,21740,0,total_pre,15.72757545879376,99,10
2012,sbs,21740,1,male,6.514289044699238,48,10
2012,sbs,21740,2,female,11.663022141701578,51,10
2012,sbs,21740,4,total_post,11.658481332662557,99,10
2012,sbs,21740,12,female_male,17.54096226815487,99,10
2012,sbs,21921,0,total_pre,4.702969690364161,30,8
2012,sbs,21921,1,male,3.1041741480403693,14,4
2012,sbs,21921,2,female,2.680105111177546,16,6
2012,sbs,21921,4,total_post,4.548940332664311,30,8
2012,sbs,21921,12,female_male,4.5425553936205585,30,8
2012,sbs,30060,0,total_pre,25.307981288146706,184,13
2012,sbs,30060,1,male,11.245951462928765,86,8
2012,sbs,30060,2,female,17.192289996613894,97,12
2012,sbs,30060,4,total_post,21.575593836562117,184,13
2012,sbs,30060,12,female_male,25.378159741698198,183,12
2012,sbs,30420,0,total_pre,9.135542282750508,54,3
2012,sbs,30420,1,male,8.400249226447064,32,3
2012,sbs,30420,2,female,2.79425772350709,20,3
2012,sbs,30420,4,total_post,6.517192691163591,54,3
2012,sbs,30420,12,female_male,6.963422943475299,52,3
2012,wai,10110,0,total_pre,16.98511241495638,110,24
2012,wai,10110,1,male,7.0879337433322736,40,15
2012,wai,10110,2,female,11.516596245936814,70,20
2012,wai,10110,4,total_post,16.98220290700382,110,24
2012,wai,10110,12,female_male,21.83786589592316,110,24
2012,wai,21720,0,total_pre,32.12924884624892,185,25
2012,wai,21720,1,male,18.357980723685316,89,23
2012,wai,21720,2,female,27.172297461223817,96,22
2012,wai,21720,4,total_post,42.41757738669685,185,25
2012,wai,21720,12,female_male,45.13144107232056,185,25
2012,wai,21740,0,total_pre,23.506185128504015,178,16
2012,wai,21740,1,male,15.908366680955101,70,16
2012,wai,21740,2,female,27.297075284457716,108,16
2012,wai,21740,4,total_post,34.83263026116295,178,16
2012,wai,21740,12,female_male,42.777358371766326,178,16
2012,wai,21921,0,total_pre,21.266969942036607,146,26
2012,wai,21921,1,male,11.46778810088815,73,21
2012,wai,21921,2,female,9.805397932924464,73,22
2012,wai,21921,4,total_post,20.385532691258955,146,26
2012,wai,21921,12,female_male,21.155123034314027,146,26
2012,wai,30060,0,total_pre,47.25161650459007,316,29
2012,wai,30060,1,male,24.65421719856444,152,27
2012,wai,30060,2,female,36.345947570522505,161,27
2012,wai,30060,4,total_post,50.38790930031384,316,29
2012,wai,30060,12,female_male,52.26465054910931,313,29
2012,wai,30420,0,total_pre,31.754585306183994,203,29
2012,wai,30420,1,male,20.866308719306776,87,19
2012,wai,30420,2,female,21.33561194183461,116,28
2012,wai,30420,4,total_post,37.57507458442442,203,29
2012,wai,30420,12,female_male,41.829089690778424,203,29
2014,ai,10110,0,total_pre,42.20058433720701,314,50
2014,ai,10110,1,male,23.708714754802802,124,31
2014,ai,10110,2,female,25.022696851379944,190,45
2014,ai,10110,4,total_post,43.78068875738264,314,50
2014,ai,10110,12,female_male,45.171698778217966,314,50
2014,ai,21720,0,total_pre,89.99301824671856,544,75
2014,ai,21720,1,male,44.63429426784172,291,67
2014,ai,21720,2,female,42.81549783225075,253,64
2014,ai,21720,4,total_post,61.926159377805725,544,75
2014,ai,21720,12,female_male,89.41680106628085,544,75
2014,ai,21740,0,total_pre,5.231682789880261,717,63
2014,ai,21740,1,male,5.003384632046342,373,63
2014,ai,21740,2,female,5.092723385537177,344,62
2014,ai,21740,4,total_post,5.5026349950386475,717,63
2014,ai,21740,12,female_male,9.642621086814898,717,63
2014,ai,21921,0,total_pre,71.76607736762152,478,66
2014,ai,21921,1,male,36.57319605743544,246,50
2014,ai,21921,2,female,39.207044656323625,232,52
2014,ai,21921,4,total_post,55.048973942903174,478,66
2014,ai,21921,12,female_male,79.47865048352699,478,66
2014,ai,30060,0,total_pre,108.01059460582013,1078,108
2014,ai,30060,1,male,58.45793472696184,505,86
2014,ai,30060,2,female,64.54609650655793,573,93
2014,ai,30060,4,total_post,96.18165854641704,1078,108
2014,ai,30060,12,female_male,120.17121713655337,1078,108
2014,ai,30420,0,total_pre,76.19955664593871,525,59
2014,ai,30420,1,male,33.756997390383034,240,54
2014,ai,30420,2,female,32.120901323935115,285,50
2014,ai,30420,4,total_post,55.676181020257665,525,59
2014,ai,30420,12,female_male,65.72643217331807,525,59
2014,cai,10110,0,total_pre,19.57285317829058,91,15
2014,cai,10110,1,male,7.7706506042948895,36,11
2014,cai,10110,2,female,11.813392504951988,55,14
2014,cai,10110,4,total_post,14.236803355620248,91,15
2014,cai,10110,12,female_male,21.73543887466433,91,15
2014,cai,21720,0,total_pre,17.658760459863622,104,21
2014,cai,21720,1,male,13.426713820128793,56,18
2014,cai,21720,2,female,9.897177932704917,48,17
2014,cai,21720,4,total_post,17.009405447214977,104,21
2014,cai,21720,12,female_male,21.21754911795251,104,21
2014,cai,21740,0,total_pre,13.94475319039403,129,13
2014,cai,21740,1,male,8.76364886776473,72,13
2014,cai,21740,2,female,8.851791173198206,57,12
2014,cai,21740,4,total_post,13.04248809384119,129,13
2014,cai,21740,12,female_male,19.345649196024006,129,13
2014,cai,21921,0,total_pre,18.436453078722163,150,20
2014,cai,21921,1,male,10.663726088415329,77,16
2014,cai,21921,2,female,17.587570149081788,73,15
2014,cai,21921,4,total_post,20.13090119943781,150,20
2014,cai,21921,12,female_male,29.12754803966118,150,20
2014,cai,30060,0,total_pre,26.19354423943365,250,25
2014,cai,30060,1,male,15.194842125566073,112,21
2014,cai,30060,2,female,14.523471812312522,138,20
2014,cai,30060,4,total_post,28.05174492514676,250,25
2014,cai,30060,12,female_male,31.754664523240898,250,25
2014,cai,30420,0,total_pre,48.93267149652586,122,12
2014,cai,30420,1,male,18.094436419114302,55,9
2014,cai,30420,2,female,20.651754356949084,67,11
2014,cai,30420,4,total_post,33.92896008908241,122,12
2014,cai,30420,12,female_male,40.661611943186735,122,12
2014,eai,10110,0,total_pre,15.469438780043514,59,7
2014,eai,10110,1,male,5.76065783938791,20,4
2014,eai,10110,2,female,8.087813367074025,39,7
2014,eai,10110,4,total_post,14.820944283444664,59,7
2014,eai,10110,12,female_male,13.868926459609355,59,7
2014,eai,21720,0,total_pre,28.550865790909068,144,15
2014,eai,21720,1,male,17.690518695376646,84,15
2014,eai,21720,2,female,11.19385821908635,60,13
2014,eai,21720,4,total_post,20.516551118954798,144,15
2014,eai,21720,12,female_male,30.306983078979666,144,15
2014,eai,21740,0,total_pre,16.326138159122845,200,17
2014,eai,21740,1,male,12.825355852016417,97,17
2014,eai,21740,2,female,12.401838027562603,103,17
2014,eai,21740,4,total_post,16.38991040160564,200,17
2014,eai,21740,12,female_male,25.91119976373805,200,17
2014,eai,21921,0,total_pre,22.53360959902007,104,19
2014,eai,21921,1,male,10.393002958071449,54,13
2014,eai,21921,2,female,10.799749618122679,50,14
2014,eai,21921,4,total_post,18.62459134366176,104,19
2014,eai,21921,12,female_male,22.30986259170494,104,19
2014,eai,30060,0,total_pre,74.92882968624643,334,36
2014,eai,30060,1,male,36.12512587485848,156,27
2014,eai,30060,2,female,42.01955011067239,178,32
2014,eai,30060,4,total_post,67.41341691177226,334,36
2014,eai,30060,12,female_male,78.35925193337401,334,36
2014,eai,30420,0,total_pre,34.62025625900902,150,17
2014,eai,30420,1,male,11.811339513012248,70,16
2014,eai,30420,2,female,9.67476695409395,80,13
2014,eai,30420,4,total_post,19.59025302830638,150,17
2014,eai,30420,12,female_male,20.87308356945349,150,17
2014,sbs,10110,0,total_pre,27.533658620686385,54,5
2014,sbs,10110,1,male,3.3754086270709256,22,5
2014,sbs,10110,2,female,4.532473555234648,32,5
2014,sbs,10110,4,total_post,5.560130998519325,54,5
2014,sbs,10110,12,female_male,12.171472566637382,54,5
2014,sbs,21720,0,total_pre,27.052536916385332,87,10
2014,sbs,21720,1,male,8.446820781455287,41,9
2014,sbs,21720,2,female,7.110274885468472,46,10
2014,sbs,21720,4,total_post,10.209863518609735,87,10
2014,sbs,21720,12,female_male,17.467982584453065,87,10
2014,sbs,21740,0,total_pre,3.4576299294491273,160,12
2014,sbs,21740,1,male,2.850503876662457,72,12
2014,sbs,21740,2,female,2.588730422441059,88,12
2014,sbs,21740,4,total_post,3.1836371272368664,160,12
2014,sbs,21740,12,female_male,5.450238195593337,160,12
2014,sbs,21921,0,total_pre,9.556723640444156,34,7
2014,sbs,21921,1,male,7.149595843310003,16,5
2014,sbs,21921,2,female,2.317636830131189,18,5
2014,sbs,21921,4,total_post,7.457280257898229,34,7
2014,sbs,21921,12,female_male,8.161875372793428,34,7
2014,sbs,30060,0,total_pre,34.99266118726185,197,15
2014,sbs,30060,1,male,17.1898712213888,92,11
2014,sbs,30060,2,female,16.849742347355495,105,14
2014,sbs,30060,4,total_post,30.845450702849416,197,15
2014,sbs,30060,12,female_male,34.66371078721879,197,15
2014,sbs,30420,0,total_pre,5.340777946341608,52,5
2014,sbs,30420,1,male,2.47594242244624,26,5
2014,sbs,30420,2,female,1.3804712479442396,26,4
2014,sbs,30420,4,total_post,2.6097802634852627,52,5
2014,sbs,30420,12,female_male,2.4821146635698748,52,5
2014,wai,10110,0,total_pre,18.379303946327457,109,22
2014,wai,10110,1,male,7.918234993510192,46,11
2014,wai,10110,2,female,23.045085458824822,63,18
2014,wai,10110,4,total_post,24.869219121618375,109,22
2014,wai,10110,12,female_male,25.790884125875014,109,22
2014,wai,21720,0,total_pre,43.03906876432571,209,29
2014,wai,21720,1,male,27.41661442371182,110,25
2014,wai,21720,2,female,22.227768182666793,99,24
2014,wai,21720,4,total_post,43.98029283597202,209,29
2014,wai,21720,12,female_male,49.233977152004734,209,29
2014,wai,21740,0,total_pre,8.680380313120741,228,21
2014,wai,21740,1,male,6.964893357285438,132,21
2014,wai,21740,2,female,6.899500194177032,96,21
2014,wai,21740,4,total_post,7.733199045849406,228,21
2014,wai,21740,12,female_male,14.962061386435368,228,21
2014,wai,21921,0,total_pre,19.324891367117445,190,20
2014,wai,21921,1,male,14.672926412251677,99,16
2014,wai,21921,2,female,11.061795947043503,91,18
2014,wai,21921,4,total_post,18.414378962574585,190,20
2014,wai,21921,12,female_male,25.47230105740054,190,20
2014,wai,30060,0,total_pre,54.11133716307219,297,32
2014,wai,30060,1,male,27.588070134954915,145,27
2014,wai,30060,2,female,27.96901824433559,152,27
2014,wai,30060,4,total_post,39.91566766510853,297,32
2014,wai,30060,12,female_male,52.1945198299975,297,32
2014,wai,30420,0,total_pre,47.083011461087594,201,25
2014,wai,30420,1,male,20.596173406909628,89,24
2014,wai,30420,2,female,20.85916860737912,112,22
2014,wai,30420,4,total_post,34.53031851933539,201,25
2014,wai,30420,12,female_male,41.977679954100026,201,25
2016,ai,10110,0,total_pre,68.42831039023298,477,160
2016,ai,10110,1,male,22.49361920127958,170,108
2016,ai,10110,2,female,59.45972967658043,307,141
2016,ai,10110,4,total_post,73.45317975545895,477,160
2016,ai,10110,12,female_male,70.61546571366024,477,160
2016,ai,10112,0,total_pre,61.9583557585434,449,71
2016,ai,10112,1,male,38.70893542512452,215,60
2016,ai,10112,2,female,39.59998918772065,234,58
2016,ai,10112,4,total_post,60.58095644455717,449,71
2016,ai,10112,12,female_male,75.52086552757528,449,71
2016,ai,21720,0,total_pre,69.81211854267586,681,108
2016,ai,21720,1,male,50.28929450776963,341,86
2016,ai,21720,2,female,63.78146068396246,340,97
2016,ai,21720,4,total_post,72.78811374740606,681,108
2016,ai,21720,12,female_male,117.21714543896522,681,108
2016,ai,21740,0,total_pre,19.76902246766274,748,138
2016,ai,21740,1,male,13.906878520430544,332,129
2016,ai,21740,2,female,48.81581841391232,415,136
2016,ai,21740,4,total_post,28.33089235226814,748,138
2016,ai,21740,12,female_male,46.11352071729872,747,138
2016,ai,21921,0,total_pre,21.199221161171167,300,50
2016,ai,21921,1,male,15.07924094329273,152,43
2016,ai,21921,2,female,13.509320210224972,148,41
2016,ai,21921,4,total_post,31.532711681855666,300,50
2016,ai,21921,12,female_male,38.95919816326858,300,50
2016,ai,30060,0,total_pre,171.44784274745982,1058,264
2016,ai,30060,1,male,138.787206656732,587,247
2016,ai,30060,2,female,81.03762192724817,466,223
2016,ai,30060,4,total_post,146.40893970395643,1058,264
2016,ai,30060,12,female_male,219.31743742228338,1053,264
2016,ai,30420,0,total_pre,113.86474572518715,576,146
2016,ai,30420,1,male,60.45988102399423,207,110
2016,ai,30420,2,female,75.78671801373929,369,140
2016,ai,30420,4,total_post,114.55123659027245,576,146
2016,ai,30420,12,female_male,134.2455477126241,576,146
2016,cai,10110,0,total_pre,27.01714625874751,111,38
2016,cai,10110,1,male,11.248951848105124,43,26
2016,cai,10110,2,female,12.338886861987476,68,33
2016,cai,10110,4,total_post,17.583471904588535,111,38
2016,cai,10110,12,female_male,23.840925677266675,111,38
2016,cai,10112,0,total_pre,16.38552169422096,131,17
2016,cai,10112,1,male,10.945374720872977,63,14
2016,cai,10112,2,female,8.92832391496593,68,17
2016,cai,10112,4,total_post,13.812684074646393,131,17
2016,cai,10112,12,female_male,15.427010799917497,131,17
2016,cai,21720,0,total_pre,46.957875495553104,169,32
2016,cai,21720,1,male,18.466814520757893,88,24
2016,cai,21720,2,female,26.324773915113823,81,27
2016,cai,21720,4,total_post,41.14481688381269,169,32
2016,cai,21720,12,female_male,43.948251708828444,169,32
2016,cai,21740,0,total_pre,30.727716091727242,158,32
2016,cai,21740,1,male,13.837662712994351,62,32
2016,cai,21740,2,female,26.158388453821487,96,32
2016,cai,21740,4,total_post,31.195156582779322,158,32
2016,cai,21740,12,female_male,41.79776695637983,158,32
2016,cai,21921,0,total_pre,5.207074117893971,95,21
2016,cai,21921,1,male,8.671763331052238,52,18
2016,cai,21921,2,female,3.304407608718695,43,17
2016,cai,21921,4,total_post,6.615135983653918,95,21
2016,cai,21921,12,female_male,12.491611059674849,95,21
2016,cai,30060,0,total_pre,60.612056187531884,259,65
2016,cai,30060,1,male,42.303901344884196,137,59
2016,cai,30060,2,female,53.39937870455265,120,55
2016,cai,30060,4,total_post,80.2898272499893,259,65
2016,cai,30060,12,female_male,85.34027546069726,257,65
2016,cai,30420,0,total_pre,28.390476335983013,167,42
2016,cai,30420,1,male,14.607502938211534,72,36
2016,cai,30420,2,female,21.84923403133045,95,40
2016,cai,30420,4,total_post,30.51842487889349,167,42
2016,cai,30420,12,female_male,37.04903175678447,167,42
2016,eai,10110,0,total_pre,33.234483454211436,173,57
2016,eai,10110,1,male,12.659081722915616,54,37
2016,eai,10110,2,female,28.524350972138816,119,52
2016,eai,10110,4,total_post,33.77003551729564,173,57
2016,eai,10110,12,female_male,37.62353895957374,173,57
2016,eai,10112,0,total_pre,35.423850083461694,174,18
2016,eai,10112,1,male,24.06123531549192,78,15
2016,eai,10112,2,female,26.110367807217443,96,15
2016,eai,10112,4,total_post,40.58334488874168,174,18
2016,eai,10112,12,female_male,47.45981760102155,174,18
2016,eai,21720,0,total_pre,32.69906043166913,199,31
2016,eai,21720,1,male,23.711978155237382,101,26
2016,eai,21720,2,female,29.901309634083276,98,29
2016,eai,21720,4,total_post,40.68085397699164,199,31
2016,eai,21720,12,female_male,50.916215264829965,199,31
2016,eai,21740,0,total_pre,34.80048583917539,244,46
2016,eai,21740,1,male,10.752263783547525,119,42
2016,eai,21740,2,female,45.97879439248741,124,45
2016,eai,21740,4,total_post,33.897184513003126,244,46
2016,eai,21740,12,female_male,42.822713882676375,243,46
2016,eai,21921,0,total_pre,12.02917297526284,57,8
2016,eai,21921,1,male,8.438820096848483,27,6
2016,eai,21921,2,female,6.092001892503922,30,7
2016,eai,21921,4,total_post,9.923612725014966,57,8
2016,eai,21921,12,female_male,11.00986181795121,57,8
2016,eai,30060,0,total_pre,78.19337547989016,314,78
2016,eai,30060,1,male,54.817826292100385,161,74
2016,eai,30060,2,female,27.495425011581524,150,73
2016,eai,30060,4,total_post,62.32809273511794,314,78
2016,eai,30060,12,female_male,76.49319791821205,311,78
2016,eai,30420,0,total_pre,27.622014551037214,106,27
2016,eai,30420,1,male,7.0443802085294775,36,17
2016,eai,30420,2,female,16.354388997848947,70,26
2016,eai,30420,4,total_post,23.07055833882557,106,27
2016,eai,30420,12,female_male,22.135341644516814,106,27
2016,sbs,10110,0,total_pre,36.54663203040273,114,38
2016,sbs,10110,1,male,11.219998898755428,38,25
2016,sbs,10110,2,female,42.32762098709513,76,34
2016,sbs,10110,4,total_post,44.43601428549159,114,38
2016,sbs,10110,12,female_male,52.00251325479987,114,38
2016,sbs,10112,0,total_pre,9.702801037589511,34,8
2016,sbs,10112,1,male,3.6141365110107673,22,7
2016,sbs,10112,2,female,1.0245671955715276,12,6
2016,sbs,10112,4,total_post,6.040526665894329,34,8
2016,sbs,10112,12,female_male,6.909168056121113,34,8
2016,sbs,21720,0,total_pre,24.503221140965778,112,15
2016,sbs,21720,1,male,10.076445827699905,54,13
2016,sbs,21720,2,female,7.228890702486807,58,15
2016,sbs,21720,4,total_post,12.709988728215748,112,15
2016,sbs,21720,12,female_male,18.510695112532,112,15
2016,sbs,21740,0,total_pre,17.656884374621903,98,16
2016,sbs,21740,1,male,7.840531124840974,46,16
2016,sbs,21740,2,female,10.016114446384757,52,16
2016,sbs,21740,4,total_post,11.94788733909241,98,16
2016,sbs,21740,12,female_male,19.32548393898267,98,16
2016,sbs,21921,0,total_pre,4.606598130652411,12,5
2016,sbs,21921,1,male,2.9668777169146825,6,5
2016,sbs,21921,2,female,3.387085197719168,6,3
2016,sbs,21921,4,total_post,4.381082987044796,12,5
2016,sbs,21921,12,female_male,3.924933009257546,12,5
2016,sbs,30060,0,total_pre,15.131530433278993,81,20
2016,sbs,30060,1,male,8.668357239318203,49,19
2016,sbs,30060,2,female,4.308779859109294,32,17
2016,sbs,30060,4,total_post,11.319122975213805,81,20
2016,sbs,30060,12,female_male,13.370539091676935,81,20
2016,sbs,30420,0,total_pre,4.107667253722147,15,4
2016,sbs,30420,1,male,0.6913172438054617,3,3
2016,sbs,30420,2,female,2.250280756121106,12,4
2016,sbs,30420,4,total_post,4.380231101455512,15,4
2016,sbs,30420,12,female_male,2.8742658786046307,15,4
2016,wai,10110,0,total_pre,14.80332761469694,79,27
2016,wai,10110,1,male,9.041109014624313,35,20
2016,wai,10110,2,female,10.794045017247567,44,22
2016,wai,10110,4,total_post,17.664567838185206,79,27
2016,wai,10110,12,female_male,21.83894334312064,79,27
2016,wai,10112,0,total_pre,37.84742720990505,110,28
2016,wai,10112,1,male,16.37144550768543,52,24
2016,wai,10112,2,female,14.38512512526148,58,20
2016,wai,10112,4,total_post,24.68093183383033,110,28
2016,wai,10112,12,female_male,31.472575227432156,110,28
2016,wai,21720,0,total_pre,20.78130849755464,201,30
2016,wai,21720,1,male,11.350424846521774,98,23
2016,wai,21720,2,female,16.043932619051034,103,26
2016,wai,21720,4,total_post,21.16983538452621,201,30
2016,wai,21720,12,female_male,27.413621830753932,201,30
2016,wai,21740,0,total_pre,6.470660409890624,248,44
2016,wai,21740,1,male,5.666164257124683,105,39
2016,wai,21740,2,female,9.443724261326517,143,43
2016,wai,21740,4,total_post,7.72723427094405,248,44
2016,wai,21740,12,female_male,13.751393116466831,248,44
2016,wai,21921,0,total_pre,23.687708920637775,136,16
2016,wai,21921,1,male,8.813187050949079,67,14
2016,wai,21921,2,female,18.61147215992624,69,14
2016,wai,21921,4,total_post,19.787418500732873,136,16
2016,wai,21921,12,female_male,29.8990900455883,136,16
2016,wai,30060,0,total_pre,69.3449926704774,400,100
2016,wai,30060,1,male,65.00301026571414,238,94
2016,wai,30060,2,female,36.2877446864673,162,77
2016,wai,30060,4,total_post,68.53222723121553,400,100
2016,wai,30060,12,female_male,102.31180140065679,400,100
2016,wai,30420,0,total_pre,77.9047034077589,288,73
2016,wai,30420,1,male,48.43740202000603,96,54
2016,wai,30420,2,female,55.72495497942883,192,70
2016,wai,30420,4,total_post,89.62748644743203,288,73
2016,wai,30420,12,female_male,104.70429890600145,288,73
2018,ai,10110,0,total_pre,86.629454515798,588,198
2018,ai,10110,1,male,46.83703396287771,237,136
2018,ai,10110,2,female,80.40114778373426,351,171
2018,ai,10110,4,total_post,91.71211557233049,588,198
2018,ai,10110,12,female_male,124.88565386988034,588,198
2018,ai,10112,0,total_pre,68.32673976549526,628,244
2018,ai,10112,1,male,43.69442463888084,317,176
2018,ai,10112,2,female,56.65841847606552,305,188
2018,ai,10112,4,total_post,82.06981360113988,628,244
2018,ai,10112,12,female_male,84.33555266022846,622,241
2018,ai,21720,0,total_pre,94.55074938705759,575,302
2018,ai,21720,1,male,27.091176324461482,292,210
2018,ai,21720,2,female,36.27528579653797,283,209
2018,ai,21720,4,total_post,40.54341092841151,575,302
2018,ai,21720,12,female_male,68.83948109723804,575,302
2018,ai,21740,0,total_pre,48.03421886967913,904,158
2018,ai,21740,1,male,36.3606747036746,328,138
2018,ai,21740,2,female,28.343119443831732,571,155
2018,ai,21740,4,total_post,49.91788851398935,904,158
2018,ai,21740,12,female_male,61.92317011163814,899,158
2018,ai,21921,0,total_pre,123.76285769994995,1052,191
2018,ai,21921,1,male,106.62909338042034,513,163
2018,ai,21921,2,female,74.21887541616944,539,149
2018,ai,21921,4,total_post,120.80988329086502,1052,191
2018,ai,21921,12,female_male,157.71708128646728,1052,191
2018,ai,30060,0,total_pre,185.52504229681986,918,231
2018,ai,30060,1,male,137.31129865997858,516,204
2018,ai,30060,2,female,77.85706380026144,378,187
2018,ai,30060,4,total_post,160.04119448463712,918,231
2018,ai,30060,12,female_male,207.5191008281587,894,228
2018,ai,30420,0,total_pre,160.24939604832082,588,147
2018,ai,30420,1,male,53.00043405065043,200,108
2018,ai,30420,2,female,90.428693236689,387,138
2018,ai,30420,4,total_post,131.52486810244386,588,147
2018,ai,30420,12,female_male,144.15074802725402,587,147
2018,cai,10110,0,total_pre,33.45176819430533,120,41
2018,cai,10110,1,male,20.42936744844097,63,33
2018,cai,10110,2,female,15.56875664230037,57,32
2018,cai,10110,4,total_post,36.3730176748806,120,41
2018,cai,10110,12,female_male,33.491002367766534,120,41
2018,cai,10112,0,total_pre,26.502119392142276,182,75
2018,cai,10112,1,male,10.673125075607604,92,49
2018,cai,10112,2,female,20.156713877943012,90,58
2018,cai,10112,4,total_post,23.615498579734357,182,75
2018,cai,10112,12,female_male,24.87461667235194,182,75
2018,cai,21720,0,total_pre,41.26170798324522,166,89
2018,cai,21720,1,male,28.286779351793314,91,64
2018,cai,21720,2,female,17.458529226696633,75,60
2018,cai,21720,4,total_post,32.48354871749022,166,89
2018,cai,21720,12,female_male,47.62732652617211,166,89
2018,cai,21740,0,total_pre,22.257252269147678,271,47
2018,cai,21740,1,male,16.348758565566097,87,41
2018,cai,21740,2,female,18.690172242074546,184,47
2018,cai,21740,4,total_post,23.289950076015433,271,47
2018,cai,21740,12,female_male,37.38182353348835,271,47
2018,cai,21921,0,total_pre,47.10464645449761,357,62
2018,cai,21921,1,male,37.632614579353856,199,54
2018,cai,21921,2,female,29.976488920765952,158,49
2018,cai,21921,4,total_post,56.26343731902811,357,62
2018,cai,21921,12,female_male,72.9224057494776,357,62
2018,cai,30060,0,total_pre,47.87253940202916,225,57
2018,cai,30060,1,male,40.13530246243488,128,50
2018,cai,30060,2,female,21.508319586869263,97,49
2018,cai,30060,4,total_post,46.536382396303914,225,57
2018,cai,30060,12,female_male,57.15870950687475,225,57
2018,cai,30420,0,total_pre,56.74850912499596,150,38
2018,cai,30420,1,male,17.912344710278152,69,29
2018,cai,30420,2,female,28.050199530377867,81,33
2018,cai,30420,4,total_post,47.16341418757177,150,38
2018,cai,30420,12,female_male,49.039958404591495,150,38
2018,eai,10110,0,total_pre,29.2496000342139,176,60
2018,eai,10110,1,male,12.736645833789412,42,28
2018,eai,10110,2,female,27.146318794785756,134,57
2018,eai,10110,4,total_post,30.537429379325765,176,60
2018,eai,10110,12,female_male,39.59948100554437,176,60
2018,eai,10112,0,total_pre,49.317858060613126,165,58
2018,eai,10112,1,male,31.892472883946283,78,44
2018,eai,10112,2,female,19.347547657795854,84,48
2018,eai,10112,4,total_post,52.693797195004365,165,58
2018,eai,10112,12,female_male,53.649310124177596,162,57
2018,eai,21720,0,total_pre,54.91828528038972,185,98
2018,eai,21720,1,male,13.27336618981828,88,62
2018,eai,21720,2,female,21.252458595076792,97,66
2018,eai,21720,4,total_post,23.01237589959853,185,98
2018,eai,21720,12,female_male,37.45670585787368,185,98
2018,eai,21740,0,total_pre,34.355343106530526,210,36
2018,eai,21740,1,male,17.362914323739556,79,30
2018,eai,21740,2,female,24.04725544502834,128,36
2018,eai,21740,4,total_post,34.9163818616408,210,36
2018,eai,21740,12,female_male,39.21697068153246,207,36
2018,eai,21921,0,total_pre,38.75818234763956,214,44
2018,eai,21921,1,male,22.399846053364175,78,34
2018,eai,21921,2,female,24.522582328263187,136,35
2018,eai,21921,4,total_post,35.088243812183464,214,44
2018,eai,21921,12,female_male,45.641384153582095,214,44
2018,eai,30060,0,total_pre,53.73537245254879,277,69
2018,eai,30060,1,male,31.523046393126627,135,57
2018,eai,30060,2,female,25.247514456852688,120,57
2018,eai,30060,4,total_post,44.95627701102325,277,69
2018,eai,30060,12,female_male,58.259101708257376,255,66
2018,eai,30420,0,total_pre,30.991937544790183,119,29
2018,eai,30420,1,male,8.718385086288654,33,22
2018,eai,30420,2,female,27.312399716317355,85,29
2018,eai,30420,4,total_post,35.44797037945205,119,29
2018,eai,30420,12,female_male,36.130764095489134,118,29
2018,sbs,10110,0,total_pre,29.28485327377103,109,36
2018,sbs,10110,1,male,15.4761590041491,41,25
2018,sbs,10110,2,female,19.308729181140098,68,32
2018,sbs,10110,4,total_post,27.88657849756153,109,36
2018,sbs,10110,12,female_male,33.48288111365616,109,36
2018,sbs,10112,0,total_pre,8.028318805485616,55,22
2018,sbs,10112,1,male,4.451920018157316,28,17
2018,sbs,10112,2,female,3.5317135899057863,26,16
2018,sbs,10112,4,total_post,5.852593673101432,55,22
2018,sbs,10112,12,female_male,6.878352061737522,54,21
2018,sbs,21720,0,total_pre,15.750903550843605,65,32
2018,sbs,21720,1,male,7.2816897715145155,28,21
2018,sbs,21720,2,female,12.767769741060402,37,25
2018,sbs,21720,4,total_post,16.03811766969022,65,32
2018,sbs,21720,12,female_male,19.068095719945866,65,32
2018,sbs,21740,0,total_pre,10.277150806423506,112,19
2018,sbs,21740,1,male,6.81722421329747,47,17
2018,sbs,21740,2,female,5.939231267640944,64,18
2018,sbs,21740,4,total_post,10.632639793730464,112,19
2018,sbs,21740,12,female_male,11.746557330851024,111,19
2018,sbs,21921,0,total_pre,18.259079394263708,73,19
2018,sbs,21921,1,male,6.9689836091722315,42,16
2018,sbs,21921,2,female,4.755649448629698,31,12
2018,sbs,21921,4,total_post,13.673891093096383,73,19
2018,sbs,21921,12,female_male,8.80152035970492,73,19
2018,sbs,30060,0,total_pre,19.21723465445193,72,18
2018,sbs,30060,1,male,5.651616330657406,35,16
2018,sbs,30060,2,female,8.846149609404899,37,16
2018,sbs,30060,4,total_post,17.826026551814508,72,18
2018,sbs,30060,12,female_male,14.928298873974,72,18
2018,sbs,30420,0,total_pre,10.1640972523508,30,7
2018,sbs,30420,1,male,0.07084174409364603,5,4
2018,sbs,30420,2,female,6.330912349618813,25,7
2018,sbs,30420,4,total_post,7.266792749699802,30,7
2018,sbs,30420,12,female_male,6.807462934661074,30,7
2018,wai,10110,0,total_pre,53.836715964309356,183,61
2018,wai,10110,1,male,20.011526516842274,91,50
2018,wai,10110,2,female,15.918521556235014,92,50
2018,wai,10110,4,total_post,26.490584471938746,183,61
2018,wai,10110,12,female_male,30.442217136270646,183,61
2018,wai,10112,0,total_pre,48.78581255153096,222,87
2018,wai,10112,1,male,23.469875438199317,118,65
2018,wai,10112,2,female,29.317440532977567,102,64
2018,wai,10112,4,total_post,60.35086587840001,222,87
2018,wai,10112,12,female_male,53.46207842653186,220,86
2018,wai,21720,0,total_pre,23.423874941501968,159,83
2018,wai,21720,1,male,20.9656828824085,85,63
2018,wai,21720,2,female,14.52996991834734,74,58
2018,wai,21720,4,total_post,26.155424416233167,159,83
2018,wai,21720,12,female_male,34.334762032554735,159,83
2018,wai,21740,0,total_pre,60.349121622772635,311,56
2018,wai,21740,1,male,40.00672895582455,115,50
2018,wai,21740,2,female,24.994899181157056,195,54
2018,wai,21740,4,total_post,46.61873932936198,311,56
2018,wai,21740,12,female_male,56.85469587929216,310,56
2018,wai,21921,0,total_pre,82.47309194942046,408,66
2018,wai,21921,1,male,50.770455544079866,194,59
2018,wai,21921,2,female,34.86481398739175,214,53
2018,wai,21921,4,total_post,63.462129810832195,408,66
2018,wai,21921,12,female_male,78.64419671941705,408,66
2018,wai,30060,0,total_pre,97.27727666652576,336,85
2018,wai,30060,1,male,74.06834264305108,215,79
2018,wai,30060,2,female,33.60813331524399,119,63
2018,wai,30060,4,total_post,81.30956693958672,336,85
2018,wai,30060,12,female_male,106.78280012728926,334,85
2018,wai,30420,0,total_pre,95.90032353217748,289,73
2018,wai,30420,1,male,34.61537432815376,93,53
2018,wai,30420,2,female,62.28698359873928,196,69
2018,wai,30420,4,total_post,88.21869060190402,289,73
2018,wai,30420,12,female_male,99.37455589443684,289,73
2022,ai,21720,0,total_pre,159.45065924775963,746,282
2022,ai,21720,1,male,101.33148999256221,410,232
2022,ai,21720,2,female,36.61733972241733,336,214
2022,ai,21720,4,total_post,124.05849567447619,746,282
2022,ai,21720,12,female_male,122.02471581551205,746,282
2022,ai,21921,0,total_pre,107.09424294899524,1061,177
2022,ai,21921,1,male,115.37144480544804,517,151
2022,ai,21921,2,female,57.212996347040566,544,145
2022,ai,21921,4,total_post,106.09720467115281,1061,177
2022,ai,21921,12,female_male,135.37519133340064,1061,177
2022,ai,30060,0,total_pre,192.31707919885605,1179,237
2022,ai,30060,1,male,128.81970197475994,672,227
2022,ai,30060,2,female,91.56078458628994,507,208
2022,ai,30060,4,total_post,161.00114789392086,1179,237
2022,ai,30060,12,female_male,216.45328009186755,1179,237
2022,ai,30420,0,total_pre,105.02606768028852,631,132
2022,ai,30420,1,male,30.712490282599195,219,104
2022,ai,30420,2,female,91.1661834306841,412,124
2022,ai,30420,4,total_post,108.89903970228677,631,132
2022,ai,30420,12,female_male,116.53270043259246,631,132
2022,cai,21720,0,total_pre,82.71945357355038,229,84
2022,cai,21720,1,male,49.415209405349245,114,68
2022,cai,21720,2,female,35.95061551486158,115,66
2022,cai,21720,4,total_post,71.52122650979938,229,84
2022,cai,21720,12,female_male,86.76609247630647,229,84
2022,cai,21921,0,total_pre,27.643705204437016,438,68
2022,cai,21921,1,male,29.879596387780776,198,59
2022,cai,21921,2,female,20.31822474431076,240,59
2022,cai,21921,4,total_post,25.29800479016743,438,68
2022,cai,21921,12,female_male,52.3635784774039,438,68
2022,cai,30060,0,total_pre,64.39223546806376,302,60
2022,cai,30060,1,male,47.895375314969115,170,55
2022,cai,30060,2,female,27.869774976207236,132,50
2022,cai,30060,4,total_post,57.18524017189758,302,60
2022,cai,30060,12,female_male,71.46040630925594,302,60
2022,cai,30420,0,total_pre,27.556239799251024,191,39
2022,cai,30420,1,male,6.237869087903067,64,29
2022,cai,30420,2,female,24.912065659876117,127,36
2022,cai,30420,4,total_post,20.280507219007067,191,39
2022,cai,30420,12,female_male,22.524059725782696,191,39
2022,eai,21720,0,total_pre,45.03968741861116,234,93
2022,eai,21720,1,male,30.01211966581569,137,78
2022,eai,21720,2,female,18.874072075357564,97,68
2022,eai,21720,4,total_post,39.57959263309996,234,93
2022,eai,21720,12,female_male,48.25229897508346,234,93
2022,eai,21921,0,total_pre,35.91288826370706,170,34
2022,eai,21921,1,male,18.64223714174324,66,26
2022,eai,21921,2,female,20.140862230001133,104,27
2022,eai,21921,4,total_post,29.556851681923188,170,34
2022,eai,21921,12,female_male,34.520846699083876,170,34
2022,eai,30060,0,total_pre,106.91353854915532,402,81
2022,eai,30060,1,male,63.22016907440067,227,80
2022,eai,30060,2,female,49.277002482818396,175,77
2022,eai,30060,4,total_post,90.63621989693279,402,81
2022,eai,30060,12,female_male,112.86255807530019,402,81
2022,eai,30420,0,total_pre,36.4449324306439,141,30
2022,eai,30420,1,male,12.81152248203587,56,23
2022,eai,30420,2,female,21.17865772621556,85,28
2022,eai,30420,4,total_post,33.5599228759535,141,30
2022,eai,30420,12,female_male,32.75783823242679,141,30
2022,sbs,21720,0,total_pre,18.4678395274007,113,41
2022,sbs,21720,1,male,10.950523497226705,59,32
2022,sbs,21720,2,female,9.522427405735465,54,34
2022,sbs,21720,4,total_post,15.176144720689324,113,41
2022,sbs,21720,12,female_male,20.834443890818545,113,41
2022,sbs,21921,0,total_pre,11.569857404561068,64,18
2022,sbs,21921,1,male,7.807689690677709,35,16
2022,sbs,21921,2,female,5.768944845775468,29,10
2022,sbs,21921,4,total_post,13.173769564979704,64,18
2022,sbs,21921,12,female_male,14.315288275827303,64,18
2022,sbs,30060,0,total_pre,31.41837721446347,90,19
2022,sbs,30060,1,male,23.15796703163142,58,19
2022,sbs,30060,2,female,9.017845848170873,32,16
2022,sbs,30060,4,total_post,28.437252837756695,90,19
2022,sbs,30060,12,female_male,30.759506297123714,90,19
2022,sbs,30420,0,total_pre,3.992975239721187,25,6
2022,sbs,30420,1,male,1.1782709683810086,13,6
2022,sbs,30420,2,female,2.1197444335648754,12,5
2022,sbs,30420,4,total_post,3.8223814396326707,25,6
2022,sbs,30420,12,female_male,3.252955118377872,25,6
2022,wai,21720,0,total_pre,33.18925087915146,170,64
2022,wai,21720,1,male,26.66386512410223,100,54
2022,wai,21720,2,female,18.315300115113924,70,46
2022,wai,21720,4,total_post,36.09806329482331,170,64
2022,wai,21720,12,female_male,41.59351372862466,170,64
2022,wai,21921,0,total_pre,105.32479803699383,385,55
2022,wai,21921,1,male,63.10555794401346,216,48
2022,wai,21921,2,female,39.083731116967726,169,48
2022,wai,21921,4,total_post,85.0526065691734,385,55
2022,wai,21921,12,female_male,95.23595768113412,385,55
2022,wai,30060,0,total_pre,91.74363219262159,380,76
2022,wai,30060,1,male,65.63661043582694,216,72
2022,wai,30060,2,female,39.54669366605244,164,64
2022,wai,30060,4,total_post,80.40057692143188,380,76
2022,wai,30060,12,female_male,102.81029940531515,380,76
2022,wai,30420,0,total_pre,68.87456912582392,274,57
2022,wai,30420,1,male,22.804171310960616,86,46
2022,wai,30420,2,female,63.366848399458256,188,55
2022,wai,30420,4,total_post,75.46811024914807,274,57
2022,wai,30420,12,female_male,86.41991876626642,274,57
