year,species_code,sex,age,agepop,mean_length,sd_length
1991,3005012,1,3,1654,11,0
1991,3005012,1,4,6614,14.75,2.49
1991,3005012,1,5,11998,15.68,0.47
1991,3005012,1,7,34930,20.17,0.68
1991,3005012,1,8,40791,25.41,1.75
1991,3005012,1,9,71901,23.67,3.52
1991,3005012,1,10,118648,26.87,1.62
1991,3005012,1,11,35427,29,0
1991,3005012,1,12,5962,30,0
1991,3005012,1,14,93164,25.9,2.43
1991,3005012,1,15,35864,34,0
1991,3005012,1,16,19340,29.72,1.98
1991,3005012,1,17,40906,40,0
1991,3005012,1,18,5962,30,0
1991,3005012,1,19,26539,36,0
1991,3005012,1,20,150275,38.8,4.18
1991,3005012,1,21,66784,35.73,6.23
1991,3005012,1,22,90416,34.58,2.01
1991,3005012,1,23,151113,39.99,2.28
1991,3005012,1,24,180865,37.35,4.2
1991,3005012,1,25,83184,38.89,6.21
1991,3005012,1,26,168777,40.82,5.67
1991,3005012,1,27,188515,38.26,4.92
1991,3005012,1,28,214572,41.48,4.17
1991,3005012,1,29,411508,41.36,3.17
1991,3005012,1,30,464063,40.65,4.58
1991,3005012,1,31,108321,43.23,3.19
1991,3005012,1,32,366039,42.17,5.83
1991,3005012,1,33,220566,41.76,2.38
1991,3005012,1,34,166569,43.6,3.37
1991,3005012,1,35,76469,47.6,1.59
1991,3005012,1,36,102636,43.61,2.33
1991,3005012,1,37,81780,47.51,1.52
1991,3005012,1,38,152442,43.42,2.99
1991,3005012,1,39,47991,43,0
1991,3005012,1,40,19397,54,0
1991,3005012,1,41,23996,43,0
1991,3005012,1,42,39510,48,0
1991,3005012,1,51,5522,53,0
1991,3005012,2,6,3308,18.5,2.5
1991,3005012,2,8,14641,20.93,0.88
1991,3005012,2,9,23033,25,0
1991,3005012,2,10,59408,26.44,1.48
1991,3005012,2,11,136133,24.49,1.01
1991,3005012,2,12,115672,31.15,8.39
1991,3005012,2,14,138576,24.64,1.31
1991,3005012,2,15,83025,33.59,6.45
1991,3005012,2,16,52046,29.71,5.37
1991,3005012,2,18,46427,32.1,2.79
1991,3005012,2,19,12255,27,0
1991,3005012,2,20,147336,36.05,3.47
1991,3005012,2,21,133218,40.86,5.29
1991,3005012,2,22,146157,34.74,3.32
1991,3005012,2,23,175254,37.69,5.03
1991,3005012,2,24,152002,33.34,2.99
1991,3005012,2,25,47373,33.34,0.94
1991,3005012,2,26,155855,43.59,2.14
1991,3005012,2,27,302324,38.93,4.51
1991,3005012,2,28,215992,42.42,5.29
1991,3005012,2,29,459739,39.59,4.35
1991,3005012,2,30,391122,40.96,4.19
1991,3005012,2,31,203752,41.88,3.4
1991,3005012,2,32,215360,41.92,2.71
1991,3005012,2,33,286773,42.02,2.67
1991,3005012,2,34,200516,44.16,4.03
1991,3005012,2,35,177934,43.82,1.84
1991,3005012,2,36,306716,45.19,3.59
1991,3005012,2,37,18649,48,0
1991,3005012,2,39,63066,44.55,0.5
1991,3005012,2,40,37728,47,0
1991,3005012,2,42,38970,39,0
1991,3005012,2,43,56729,44,0
1991,3005012,2,45,42681,42,0
1991,3005012,2,48,95829,50,0
1994,3005012,1,9,6927,29,0
1994,3005012,1,10,55185,35.8,6.73
1994,3005012,1,11,114380,31.3,5.21
1994,3005012,1,12,67964,30.03,2.12
1994,3005012,1,13,95797,34.59,8.15
1994,3005012,1,14,164958,36.91,6.54
1994,3005012,1,15,270393,36.76,4.64
1994,3005012,1,16,162025,37.38,4.02
1994,3005012,1,17,154626,37.84,4.89
1994,3005012,1,18,205624,39,4.39
1994,3005012,1,19,197344,36.86,4.44
1994,3005012,1,20,207278,39.45,4.37
1994,3005012,1,21,205655,41.86,4.75
1994,3005012,1,22,91632,37.62,0.79
1994,3005012,1,23,104574,38.29,2.87
1994,3005012,1,24,123107,39.58,6.76
1994,3005012,1,25,230500,41,3.98
1994,3005012,1,26,151200,38.78,2.71
1994,3005012,1,27,155264,41.79,3.35
1994,3005012,1,28,64409,37.46,5.75
1994,3005012,1,29,142304,39.82,5.63
1994,3005012,1,30,165845,41.68,3.45
1994,3005012,1,31,249284,43.59,5.48
1994,3005012,1,32,711330,41.56,2.55
1994,3005012,1,33,125310,42.9,4.46
1994,3005012,1,34,252137,42.82,3.36
1994,3005012,1,35,86239,46.16,1.32
1994,3005012,1,36,317541,43.44,2.89
1994,3005012,1,37,172974,44.16,2
1994,3005012,1,38,10490,49,0
1994,3005012,1,39,47274,45,0
1994,3005012,1,40,8743,61,0
1994,3005012,1,41,99042,45.03,2.9
1994,3005012,1,42,47359,42.58,5.88
1994,3005012,1,43,111376,43.85,0.99
1994,3005012,1,44,61827,42.36,3
1994,3005012,1,47,64102,43,0
1994,3005012,1,62,7624,56,0
1994,3005012,1,63,8743,62,0
1994,3005012,1,64,27542,49.45,2.84
1994,3005012,1,80,2625,54,0
1994,3005012,1,88,30687,58,0
1994,3005012,1,104,8743,60,0
1994,3005012,2,6,8667,30,0
1994,3005012,2,7,6825,27,0
1994,3005012,2,8,10226,28,0
1994,3005012,2,9,1803,19,0
1994,3005012,2,10,43435,36.34,6.09
1994,3005012,2,11,17730,25.15,1.46
1994,3005012,2,12,79342,30.19,3.39
1994,3005012,2,13,134799,29.35,4.18
1994,3005012,2,14,28240,27.68,2.92
1994,3005012,2,15,159416,36.44,4.9
1994,3005012,2,16,161011,36.74,3.27
1994,3005012,2,17,267704,36.24,4.68
1994,3005012,2,18,192481,33.22,4.18
1994,3005012,2,19,118349,34.6,2.62
1994,3005012,2,20,208322,38.68,2.92
1994,3005012,2,21,221365,40.31,3.8
1994,3005012,2,22,84761,43,0
1994,3005012,2,23,93753,41.43,2.48
1994,3005012,2,24,244977,40.39,5.71
1994,3005012,2,25,245712,39.87,3.9
1994,3005012,2,26,260586,41.59,2.49
1994,3005012,2,27,56125,38.5,7.89
1994,3005012,2,28,243180,44.05,2.64
1994,3005012,2,29,95498,45.44,4.91
1994,3005012,2,30,327954,39.96,4.43
1994,3005012,2,31,345967,42.88,3.84
1994,3005012,2,32,204003,44.03,5.63
1994,3005012,2,33,285895,42.07,2.78
1994,3005012,2,34,385916,42.54,4.22
1994,3005012,2,35,215784,42.45,3.23
1994,3005012,2,36,302142,40.64,4.12
1994,3005012,2,37,265053,41.26,4.33
1994,3005012,2,38,179997,41.51,4.07
1994,3005012,2,39,270736,40.94,2.97
1994,3005012,2,40,85797,44.36,7.27
1994,3005012,2,41,147393,45.4,3.42
1994,3005012,2,42,31406,40,0
1994,3005012,2,43,103821,42.83,0.99
1994,3005012,2,45,22789,48,0
1994,3005012,2,46,49281,45,0
1994,3005012,2,49,18214,54,0
1994,3005012,2,52,1540,55,0
1997,3005012,1,7,12008,32,0
1997,3005012,1,9,6594,21,0
1997,3005012,1,10,24176,28,0
1997,3005012,1,11,6594,23,0
1997,3005012,1,13,39108,32.4,5.97
1997,3005012,1,14,83061,37.12,5.75
1997,3005012,1,15,110655,37.22,3.24
1997,3005012,1,16,145623,39.51,4.37
1997,3005012,1,17,50257,33.02,2.98
1997,3005012,1,18,74595,42.4,1.65
1997,3005012,1,19,134226,43.35,3.41
1997,3005012,1,20,196167,41.13,3.47
1997,3005012,1,21,180182,41.1,2.01
1997,3005012,1,22,106941,39.8,5.26
1997,3005012,1,23,45703,37.77,0.97
1997,3005012,1,24,174793,42.18,2.33
1997,3005012,1,25,195065,41.04,3.47
1997,3005012,1,26,242036,42.47,3.23
1997,3005012,1,27,340180,43.98,3.66
1997,3005012,1,28,277121,44.65,2.67
1997,3005012,1,29,140334,42.08,3.14
1997,3005012,1,30,128821,43.05,3.5
1997,3005012,1,31,91569,41.18,2.57
1997,3005012,1,32,175679,43.83,2.06
1997,3005012,1,33,335485,44.25,2.15
1997,3005012,1,34,50133,44.27,3.95
1997,3005012,1,35,125520,44.23,4.03
1997,3005012,1,36,176736,44.19,3.81
1997,3005012,1,37,94277,42.09,1.25
1997,3005012,1,38,65253,44.69,1.93
1997,3005012,1,39,140199,45.4,3.53
1997,3005012,1,40,69407,43.95,1.16
1997,3005012,1,41,42531,52,0
1997,3005012,1,42,137206,43.57,2.2
1997,3005012,1,43,43459,45.33,0.47
1997,3005012,1,44,38474,44.75,0.97
1997,3005012,1,45,61592,46.12,1.28
1997,3005012,1,46,11569,50,0
1997,3005012,1,47,7155,53,0
1997,3005012,1,67,19381,61,0
1997,3005012,1,93,19381,61,0
1997,3005012,2,9,35026,28.36,1.9
1997,3005012,2,10,6594,24,0
1997,3005012,2,11,11213,26,0
1997,3005012,2,12,6594,23,0
1997,3005012,2,13,14984,32,0
1997,3005012,2,14,112175,35.55,5.41
1997,3005012,2,15,50680,35.61,7.08
1997,3005012,2,16,95656,36.25,2.61
1997,3005012,2,17,76472,42.37,2.53
1997,3005012,2,18,70068,36.77,3.05
1997,3005012,2,19,70534,41.43,4.29
1997,3005012,2,20,202657,39.78,5.19
1997,3005012,2,21,185804,39.52,4.5
1997,3005012,2,22,99295,43.08,2.57
1997,3005012,2,23,71752,40.61,1.55
1997,3005012,2,24,91839,44.13,0.84
1997,3005012,2,25,109801,44.28,2.33
1997,3005012,2,26,191674,43.11,3.34
1997,3005012,2,27,155247,44.91,4.05
1997,3005012,2,28,103619,45.2,2.93
1997,3005012,2,29,155925,41.86,4.54
1997,3005012,2,30,209270,43.94,2.8
1997,3005012,2,31,216727,43.52,2.35
1997,3005012,2,32,153296,42.87,4.14
1997,3005012,2,33,179705,42.43,4.14
1997,3005012,2,34,338987,43.07,4.36
1997,3005012,2,35,210146,44.04,2.38
1997,3005012,2,36,253258,44.83,2.72
1997,3005012,2,37,135268,42.91,5.62
1997,3005012,2,38,46007,43.83,1.99
1997,3005012,2,39,145283,43.01,3.47
1997,3005012,2,40,63607,45.64,2.93
1997,3005012,2,41,44501,43.31,1.49
1997,3005012,2,42,45269,44.43,0.5
1997,3005012,2,43,34135,46.72,1.98
1997,3005012,2,44,19492,45,0
1997,3005012,2,45,82468,48.57,4.34
1997,3005012,2,47,25778,44,0
1997,3005012,2,49,25009,42,0
2000,3005012,1,4,3494,19,0
2000,3005012,1,6,10443,29,0
2000,3005012,1,7,15162,26.51,3.7
2000,3005012,1,9,13745,33.33,0.94
2000,3005012,1,10,1709,25,0
2000,3005012,1,11,8763,30,0
2000,3005012,1,12,21905,29.25,1.95
2000,3005012,1,13,55290,29.08,5.54
2000,3005012,1,14,69947,38.02,5.55
2000,3005012,1,15,42740,34.62,1.6
2000,3005012,1,16,208002,38.22,3.98
2000,3005012,1,17,100054,38.75,3.32
2000,3005012,1,18,89686,34.86,3.98
2000,3005012,1,19,116921,40.55,2.98
2000,3005012,1,20,173550,41.57,5.08
2000,3005012,1,21,275294,42.9,3.64
2000,3005012,1,22,116269,42.01,2.11
2000,3005012,1,23,203224,43.7,2.44
2000,3005012,1,24,317484,43.28,3.5
2000,3005012,1,25,185562,42.3,2.94
2000,3005012,1,26,228172,42.85,3.68
2000,3005012,1,27,180986,42.21,2.24
2000,3005012,1,28,309314,44.35,2.8
2000,3005012,1,29,196762,45.24,2.39
2000,3005012,1,30,342337,45.64,2.39
2000,3005012,1,31,268305,43.88,2.37
2000,3005012,1,32,304290,46.11,3.41
2000,3005012,1,33,165415,44.75,2.82
2000,3005012,1,34,152283,45.88,2.99
2000,3005012,1,35,133835,45.55,4.03
2000,3005012,1,36,21886,49,0
2000,3005012,1,37,91477,45.4,4.1
2000,3005012,1,38,109162,44.94,3.59
2000,3005012,1,39,90702,43.59,1.5
2000,3005012,1,40,253326,45.61,2.85
2000,3005012,1,41,62276,43,0
2000,3005012,1,42,184664,46.21,2.08
2000,3005012,1,43,52622,47,0
2000,3005012,1,44,89481,42.81,3.06
2000,3005012,1,45,56996,44.76,4.44
2000,3005012,1,46,74739,44.43,3.99
2000,3005012,1,47,19758,53.02,4.47
2000,3005012,1,48,46894,49.02,1
2000,3005012,1,49,19800,40,0
2000,3005012,1,63,9136,63,0
2000,3005012,2,8,12907,29,0
2000,3005012,2,13,75423,34.99,4.6
2000,3005012,2,14,62040,32.73,4.87
2000,3005012,2,15,43441,40.09,1
2000,3005012,2,16,76101,36.63,3.94
2000,3005012,2,17,97755,38.67,5.2
2000,3005012,2,18,111885,38.82,2.28
2000,3005012,2,19,153674,41.29,4.87
2000,3005012,2,20,162697,41.73,4.61
2000,3005012,2,21,89796,42.76,3.78
2000,3005012,2,22,66500,42.09,4.58
2000,3005012,2,23,226965,42.58,2.69
2000,3005012,2,24,302052,41.84,3.38
2000,3005012,2,25,329917,41.98,3.94
2000,3005012,2,26,47628,40.5,0.5
2000,3005012,2,27,301561,44.15,3.31
2000,3005012,2,28,47628,40.5,0.5
2000,3005012,2,29,198649,44.48,2.89
2000,3005012,2,30,342598,45.06,2.62
2000,3005012,2,31,161556,46.82,3.47
2000,3005012,2,32,298838,44.46,3.28
2000,3005012,2,33,209763,45.49,3.87
2000,3005012,2,34,102394,45.61,3.99
2000,3005012,2,35,297944,45.7,2.88
2000,3005012,2,36,123482,44.46,1.73
2000,3005012,2,37,194761,45.97,2.98
2000,3005012,2,38,117356,46.8,2.83
2000,3005012,2,39,229363,45.21,3.39
2000,3005012,2,40,130775,43.87,1.89
2000,3005012,2,41,125343,45.91,2.97
2000,3005012,2,42,15237,52.56,1.5
2000,3005012,2,43,68810,44.02,1.41
2000,3005012,2,44,113078,44.87,2.55
2000,3005012,2,45,139738,46.88,2.94
2000,3005012,2,46,143157,46.72,2.76
2000,3005012,2,49,22545,42,0
2000,3005012,2,53,37850,47.62,1.83
2000,3005012,2,60,11163,52,0
2000,3005012,3,13,1165,38.08,1.5
2000,3005012,3,14,1669,40.83,1.46
2000,3005012,3,15,2604,39.91,1.66
2000,3005012,3,16,7267,39.82,2.02
2000,3005012,3,17,3922,40.74,2.3
2000,3005012,3,18,3694,39.49,1.86
2000,3005012,3,19,5286,40.98,3.37
2000,3005012,3,20,6786,42.86,2.15
2000,3005012,3,21,11952,42.5,2.36
2000,3005012,3,22,4795,41.42,2.67
2000,3005012,3,23,16051,42.42,1.71
2000,3005012,3,24,19397,42.13,2.43
2000,3005012,3,25,15025,42.5,2.54
2000,3005012,3,26,8988,43.13,1.58
2000,3005012,3,27,13202,42.39,2.57
2000,3005012,3,28,9416,42.49,1.89
2000,3005012,3,29,9702,44.07,2.49
2000,3005012,3,30,11861,44.82,1.6
2000,3005012,3,31,10054,43.38,2.47
2000,3005012,3,32,11406,43.77,2.32
2000,3005012,3,33,7257,43.22,3.06
2000,3005012,3,34,4542,43.96,1.76
2000,3005012,3,35,9224,42.93,2.43
2000,3005012,3,36,3410,44.2,2.18
2000,3005012,3,37,6531,44,1.47
2000,3005012,3,38,3989,43.11,2.89
2000,3005012,3,39,5301,43.9,2.39
2000,3005012,3,40,12621,43.57,1.89
2000,3005012,3,41,7090,42.97,1.5
2000,3005012,3,42,2852,45.45,1.01
2000,3005012,3,43,2204,43.81,1.76
2000,3005012,3,44,6630,42.45,2.27
2000,3005012,3,45,3618,43.29,2.25
2000,3005012,3,46,4557,43.63,1.6
2000,3005012,3,47,208,49,0
2000,3005012,3,48,218,48,0
2000,3005012,3,49,1368,41.49,0.87
2000,3005012,3,53,208,47,0
2002,3005012,1,2,7493,12,0
2002,3005012,1,3,27814,13.54,1.83
2002,3005012,1,4,25913,18.01,2.93
2002,3005012,1,5,35924,20.94,2.2
2002,3005012,1,6,33391,29.65,2.7
2002,3005012,1,7,6623,31.68,2.2
2002,3005012,1,8,24647,33.2,2.99
2002,3005012,1,9,12315,37,0
2002,3005012,1,10,12315,37,0
2002,3005012,1,12,5951,26,0
2002,3005012,1,14,13410,34,0
2002,3005012,1,15,71741,38.83,5.01
2002,3005012,1,16,42101,40.54,2.27
2002,3005012,1,17,57585,36.48,4.86
2002,3005012,1,18,111674,37.88,4.32
2002,3005012,1,19,79520,37.94,2.25
2002,3005012,1,20,149157,40.98,4.32
2002,3005012,1,21,112966,38.34,7.07
2002,3005012,1,22,192712,42.51,4.61
2002,3005012,1,23,106638,44.38,3.61
2002,3005012,1,24,218397,44.2,3.35
2002,3005012,1,25,53400,42.04,3.78
2002,3005012,1,26,173943,39.99,3.72
2002,3005012,1,27,162240,43.47,3.23
2002,3005012,1,28,132166,42.09,3.2
2002,3005012,1,29,155485,44.19,1.99
2002,3005012,1,30,199079,46.01,3.45
2002,3005012,1,31,99964,44.83,4.12
2002,3005012,1,32,224876,46.09,2.33
2002,3005012,1,33,118870,46.35,1.59
2002,3005012,1,34,252029,43.52,2.56
2002,3005012,1,35,137281,45.44,1.62
2002,3005012,1,36,88819,43.15,3.91
2002,3005012,1,37,89141,44.85,2.64
2002,3005012,1,38,106878,46.74,3.74
2002,3005012,1,39,29786,42,0
2002,3005012,1,40,179876,44.94,2.77
2002,3005012,1,41,107069,44.51,1.23
2002,3005012,1,42,149615,45.22,1.53
2002,3005012,1,43,17198,53,0
2002,3005012,1,44,74014,43.49,3.39
2002,3005012,1,45,8044,50,0
2002,3005012,1,46,16202,49,0
2002,3005012,1,47,51218,48.32,0.47
2002,3005012,1,48,42546,47,0
2002,3005012,1,49,39874,43,0
2002,3005012,1,50,16202,49,0
2002,3005012,1,51,17198,53,0
2002,3005012,1,52,60258,49.69,2.19
2002,3005012,1,68,9502,52,0
2002,3005012,1,104,9552,57,0
2002,3005012,1,114,8132,51,0
2002,3005012,2,3,5062,16,0
2002,3005012,2,4,74106,16.6,2.04
2002,3005012,2,7,22954,27.69,2.73
2002,3005012,2,8,67692,36.99,1.29
2002,3005012,2,9,31461,36.03,1.4
2002,3005012,2,11,11584,32.07,1.94
2002,3005012,2,12,12447,38,0
2002,3005012,2,13,30024,44,0
2002,3005012,2,14,10142,34,0
2002,3005012,2,15,27503,32.79,2.08
2002,3005012,2,16,43909,36.59,1.48
2002,3005012,2,18,34272,40.55,1.92
2002,3005012,2,19,131603,37.73,3.21
2002,3005012,2,20,93642,40.94,2.63
2002,3005012,2,21,211718,41.68,3.78
2002,3005012,2,22,98004,43.21,4.46
2002,3005012,2,23,223981,40,4.05
2002,3005012,2,24,125344,43.91,3.37
2002,3005012,2,25,98066,42.24,1.71
2002,3005012,2,26,69644,42.03,4.25
2002,3005012,2,27,114444,41.51,1.57
2002,3005012,2,28,111189,44.05,3.28
2002,3005012,2,29,72416,44.63,1.49
2002,3005012,2,30,108947,44.63,0.77
2002,3005012,2,31,148654,45.61,2.34
2002,3005012,2,32,216425,44.93,2.64
2002,3005012,2,33,139749,45.81,2.83
2002,3005012,2,34,112644,43.6,3.08
2002,3005012,2,35,115917,45.95,5.73
2002,3005012,2,36,77389,46.71,1.28
2002,3005012,2,37,85331,45.92,2.51
2002,3005012,2,38,99094,45.51,1.44
2002,3005012,2,39,94570,46.39,1.13
2002,3005012,2,40,50953,44.42,4.41
2002,3005012,2,41,169391,45.53,3.64
2002,3005012,2,42,89006,47.19,1
2002,3005012,2,43,83302,43.48,1.64
2002,3005012,2,44,51431,48.45,1.74
2002,3005012,2,45,54095,42.67,1.49
2002,3005012,2,46,19692,46,0
2002,3005012,2,47,40343,48,0
2002,3005012,2,48,13720,51,0
2002,3005012,2,49,38076,47.99,1.41
2002,3005012,2,50,7616,52,0
2002,3005012,2,52,12576,50,0
2002,3005012,2,59,16269,57,0
2002,3005012,2,62,18314,49,0
2002,3005012,3,4,9552,15,0
2004,3005012,1,3,2267,16,0
2004,3005012,1,4,67310,18.22,0.85
2004,3005012,1,5,21621,18.51,1.68
2004,3005012,1,6,79021,21.14,3.55
2004,3005012,1,7,37483,18.55,0.96
2004,3005012,1,8,36664,25.06,4.69
2004,3005012,1,9,27088,39,0
2004,3005012,1,10,49993,33.76,9.97
2004,3005012,1,11,27190,40.97,3.65
2004,3005012,1,12,19953,38,0
2004,3005012,1,13,74268,42.18,2.41
2004,3005012,1,14,15890,36,0
2004,3005012,1,16,32048,32.79,3.98
2004,3005012,1,17,90425,40.32,4.92
2004,3005012,1,18,50508,35.63,0.48
2004,3005012,1,19,102280,40.66,3.38
2004,3005012,1,20,155397,39.15,3.5
2004,3005012,1,21,178300,43.49,4.19
2004,3005012,1,22,493670,41.43,4.43
2004,3005012,1,23,123546,42.64,5.52
2004,3005012,1,24,411675,44.52,3.63
2004,3005012,1,25,252993,43.07,2.65
2004,3005012,1,26,246661,42.55,3.64
2004,3005012,1,27,80989,44.53,4.56
2004,3005012,1,28,123018,42.14,2.99
2004,3005012,1,29,209131,44.77,3.05
2004,3005012,1,30,248754,43.83,3.15
2004,3005012,1,31,179921,45.35,1.17
2004,3005012,1,32,117734,44.76,2.61
2004,3005012,1,33,179213,43.48,2.36
2004,3005012,1,34,181005,46.07,3.76
2004,3005012,1,35,114724,47.18,2.94
2004,3005012,1,36,27526,47,0
2004,3005012,1,37,131210,45.36,3.24
2004,3005012,1,38,75868,47.55,1.5
2004,3005012,1,40,63055,45.6,2.94
2004,3005012,1,41,122723,44.91,0.82
2004,3005012,1,42,121668,47.33,1.07
2004,3005012,1,43,22833,50,0
2004,3005012,1,44,33739,51.98,3.74
2004,3005012,1,45,110645,44.03,3.09
2004,3005012,1,46,22833,50,0
2004,3005012,1,47,29528,50.91,1.67
2004,3005012,1,49,47110,47.83,0.99
2004,3005012,1,56,5126,61,0
2004,3005012,1,58,27526,47,0
2004,3005012,1,60,60690,48.75,0.97
2004,3005012,1,62,14908,51,0
2004,3005012,1,64,22833,50,0
2004,3005012,1,67,9452,56,0
2004,3005012,1,79,14908,51,0
2004,3005012,1,106,5126,62,0
2004,3005012,1,121,9112,63,0
2004,3005012,2,3,3286,15,0
2004,3005012,2,4,53113,16.9,1.15
2004,3005012,2,5,53414,18.46,1.1
2004,3005012,2,6,103916,19.35,4.28
2004,3005012,2,7,33531,21.21,4.94
2004,3005012,2,8,26661,23.01,5.95
2004,3005012,2,9,33520,32.08,11.29
2004,3005012,2,10,41049,39,2
2004,3005012,2,11,15650,36,0
2004,3005012,2,12,11549,29.29,0.45
2004,3005012,2,13,3831,35,0
2004,3005012,2,14,28440,39,0
2004,3005012,2,16,43230,38,0
2004,3005012,2,17,99636,39.14,3.76
2004,3005012,2,18,68314,35.55,4.02
2004,3005012,2,19,65738,41.19,6.76
2004,3005012,2,20,140048,40.24,6.57
2004,3005012,2,21,180017,41.08,3.69
2004,3005012,2,22,215877,43.34,2.79
2004,3005012,2,23,292919,43.68,2.81
2004,3005012,2,24,218918,43.61,3.22
2004,3005012,2,25,227770,41.53,4.67
2004,3005012,2,26,174875,42.36,3.89
2004,3005012,2,27,371926,43.9,3.98
2004,3005012,2,28,505339,44.01,2.68
2004,3005012,2,29,185286,43.36,3.63
2004,3005012,2,30,163051,41.92,1.92
2004,3005012,2,31,129079,44.11,4.26
2004,3005012,2,32,216347,43.37,3.76
2004,3005012,2,33,113097,44.84,2.7
2004,3005012,2,34,242351,45.76,3.43
2004,3005012,2,35,283231,45.37,2.78
2004,3005012,2,36,91181,44.24,3.23
2004,3005012,2,37,243837,46.28,1.84
2004,3005012,2,38,217712,48.06,2.75
2004,3005012,2,39,109542,46.74,0.76
2004,3005012,2,40,71724,48.48,2.6
2004,3005012,2,41,99380,45.47,3.74
2004,3005012,2,42,49298,49,0
2004,3005012,2,43,44672,43,0
2004,3005012,2,44,49110,46.58,8.89
2004,3005012,2,45,26027,48.92,1.93
2004,3005012,2,46,42601,50.49,0.5
2004,3005012,2,47,41488,46.06,5
2004,3005012,2,48,193251,44.54,0.84
2004,3005012,2,49,7000,55,0
2004,3005012,2,51,24649,49,0
2004,3005012,2,54,24649,49,0
2004,3005012,2,55,38697,47,0
2004,3005012,2,58,29902,52.5,4.03
2004,3005012,2,59,13567,56,0
2004,3005012,2,62,38697,47,0
2004,3005012,3,3,1736,16,0
2004,3005012,3,4,4556,16.43,0.49
2004,3005012,3,5,1952,17,0
2004,3005012,3,6,5424,16.36,0.48
2004,3005012,3,7,1302,17,0
2004,3005012,3,9,651,17,0
2006,3005012,1,3,8728,12,0
2006,3005012,1,4,19811,14.83,0.37
2006,3005012,1,5,6742,29,0
2006,3005012,1,6,58284,23.14,1.34
2006,3005012,1,7,119526,24.8,5.22
2006,3005012,1,8,117330,25.09,4.05
2006,3005012,1,9,31738,29.95,8.97
2006,3005012,1,10,50737,33.95,5.74
2006,3005012,1,11,119081,41.29,5.78
2006,3005012,1,12,21488,45,0
2006,3005012,1,13,53679,43.28,1.28
2006,3005012,1,15,15406,34,0
2006,3005012,1,16,33851,39.41,5.19
2006,3005012,1,17,40020,41.68,0.47
2006,3005012,1,18,47368,41.8,4.88
2006,3005012,1,19,30803,39.49,0.5
2006,3005012,1,20,87208,40.68,6.82
2006,3005012,1,21,146188,42.98,4.09
2006,3005012,1,22,54508,43.91,4.22
2006,3005012,1,23,137986,43.72,3.3
2006,3005012,1,24,185810,44.94,3.26
2006,3005012,1,25,199684,39.99,3.65
2006,3005012,1,26,70286,43.6,2.94
2006,3005012,1,27,71668,42.54,2.43
2006,3005012,1,28,57140,42.06,4.05
2006,3005012,1,29,102275,43.3,1.39
2006,3005012,1,30,79503,44.86,3.41
2006,3005012,1,31,167396,44.06,2.29
2006,3005012,1,32,97094,46.24,3.23
2006,3005012,1,33,113652,44.88,2.8
2006,3005012,1,34,99371,48.22,2.1
2006,3005012,1,35,145638,45.79,2.14
2006,3005012,1,36,72977,46.86,3.92
2006,3005012,1,37,138416,46.91,1.74
2006,3005012,1,38,44065,46.48,3.62
2006,3005012,1,39,103274,43.8,1.84
2006,3005012,1,40,68616,46.2,2.68
2006,3005012,1,41,26366,47.88,1.9
2006,3005012,1,42,148773,44.9,1.79
2006,3005012,1,43,31153,48.76,0.97
2006,3005012,1,44,21739,47,0
2006,3005012,1,45,19373,48,0
2006,3005012,1,47,5542,66,0
2006,3005012,1,48,7165,55,0
2006,3005012,1,49,24846,49.1,2.07
2006,3005012,1,50,16407,50.56,0.9
2006,3005012,1,56,3304,54,0
2006,3005012,1,57,9254,52,0
2006,3005012,1,58,27108,42,0
2006,3005012,1,85,7165,55,0
2006,3005012,1,116,8514,60,0
2006,3005012,2,3,3315,14,0
2006,3005012,2,4,17286,16.17,1.66
2006,3005012,2,5,44514,21.06,3.62
2006,3005012,2,6,19063,23.34,1.24
2006,3005012,2,7,71751,25.46,4.62
2006,3005012,2,8,106608,27.58,6.08
2006,3005012,2,9,35115,24.86,5.73
2006,3005012,2,10,23362,40.42,6.67
2006,3005012,2,11,32945,33.7,9.08
2006,3005012,2,13,17826,42,0
2006,3005012,2,14,80497,45.54,0.5
2006,3005012,2,18,41888,34.05,1.65
2006,3005012,2,19,30581,42.11,1.67
2006,3005012,2,20,86966,43.85,4.37
2006,3005012,2,21,175014,42.52,5.02
2006,3005012,2,22,140769,42.66,3.33
2006,3005012,2,23,81505,40.02,3.61
2006,3005012,2,24,139829,44.61,2.42
2006,3005012,2,25,203996,44.27,4.31
2006,3005012,2,26,98693,45.27,2.15
2006,3005012,2,27,145418,44.12,4.01
2006,3005012,2,28,176193,43.91,3.18
2006,3005012,2,29,93173,45.01,3.53
2006,3005012,2,30,219981,44.9,3.24
2006,3005012,2,31,51286,44.14,4.33
2006,3005012,2,32,75668,47.58,3.12
2006,3005012,2,33,183781,46.87,2.52
2006,3005012,2,34,55600,46.77,5.6
2006,3005012,2,35,71497,45.18,2.43
2006,3005012,2,36,70295,43.66,3.11
2006,3005012,2,37,169065,45.46,3.74
2006,3005012,2,38,70951,47.79,3.53
2006,3005012,2,40,79407,45.77,2.13
2006,3005012,2,41,107580,46.96,2.75
2006,3005012,2,42,16532,49,0
2006,3005012,2,43,27518,47.07,4.27
2006,3005012,2,44,80497,45.54,0.5
2006,3005012,2,45,154010,46.53,2.87
2006,3005012,2,46,3790,56,0
2006,3005012,2,47,71497,45.18,2.43
2006,3005012,2,48,18139,44,0
2006,3005012,2,49,9379,53,0
2006,3005012,2,50,9379,53,0
2006,3005012,2,51,11632,57,0
2006,3005012,2,53,29219,47,0
2006,3005012,2,78,16532,49,0
2006,3005012,2,97,17548,54,0
2010,3005012,1,3,8036,14.07,1
2010,3005012,1,4,38131,20.57,2.54
2010,3005012,1,5,25465,18.08,3.14
2010,3005012,1,6,15355,20,0
2010,3005012,1,7,60135,20.84,1.69
2010,3005012,1,8,222034,23.14,3.23
2010,3005012,1,9,133087,25.09,1.74
2010,3005012,1,10,101019,29.79,4.47
2010,3005012,1,11,256808,29.61,4.31
2010,3005012,1,12,244656,30.5,5.43
2010,3005012,1,13,89489,39.35,5.43
2010,3005012,1,14,49408,30.6,2.98
2010,3005012,1,15,54195,33.5,5.66
2010,3005012,1,16,79788,38.57,2.96
2010,3005012,1,17,28663,37.66,5.44
2010,3005012,1,18,9788,24,0
2010,3005012,1,19,110788,37.61,3.73
2010,3005012,1,20,24730,45,0
2010,3005012,1,21,26811,46.82,0.98
2010,3005012,1,22,119193,41.32,3.97
2010,3005012,1,23,129604,40.1,3.89
2010,3005012,1,24,8630,37,0
2010,3005012,1,25,121796,42.19,3.55
2010,3005012,1,26,231420,43.66,2.74
2010,3005012,1,27,135612,44.73,4.13
2010,3005012,1,28,271951,43.36,4.05
2010,3005012,1,29,154227,45.56,1.82
2010,3005012,1,30,157410,44.79,2.66
2010,3005012,1,32,98263,43.46,3.07
2010,3005012,1,33,94137,40.45,0.83
2010,3005012,1,34,92385,46.64,1.91
2010,3005012,1,35,88715,45.99,2.78
2010,3005012,1,36,32012,44.05,2.85
2010,3005012,1,37,36282,49.89,3.86
2010,3005012,1,38,7576,51,0
2010,3005012,1,39,28696,49,0
2010,3005012,1,40,31962,48.46,2.29
2010,3005012,1,41,78627,45.96,3.25
2010,3005012,1,42,12148,44,0
2010,3005012,1,43,24730,45,0
2010,3005012,1,44,22039,47,0
2010,3005012,1,45,25448,46.64,3.02
2010,3005012,1,46,27782,49.21,0.98
2010,3005012,1,47,15858,46,0
2010,3005012,1,50,42355,43,0
2010,3005012,1,51,28624,47.86,7.2
2010,3005012,1,52,22039,47,0
2010,3005012,1,53,24730,45,0
2010,3005012,1,54,32992,47.33,0.47
2010,3005012,1,55,24530,52,0
2010,3005012,1,64,24530,52,0
2010,3005012,1,68,3894,56,0
2010,3005012,1,70,22039,47,0
2010,3005012,1,71,2347,54,0
2010,3005012,1,83,10349,53,0
2010,3005012,1,89,10349,53,0
2010,3005012,1,103,2347,54,0
2010,3005012,2,3,5492,16,0
2010,3005012,2,4,27803,17.44,2.43
2010,3005012,2,5,8412,21,0
2010,3005012,2,6,17093,18.39,0.49
2010,3005012,2,7,90143,22.36,2.39
2010,3005012,2,8,79207,22.49,3.38
2010,3005012,2,9,97256,23.26,3.61
2010,3005012,2,10,164914,28.48,5.06
2010,3005012,2,11,198072,28.73,4.21
2010,3005012,2,12,200129,30,4.34
2010,3005012,2,13,148901,33.55,6.95
2010,3005012,2,14,46566,29.08,3.92
2010,3005012,2,15,32922,38.4,8.67
2010,3005012,2,17,6525,37,0
2010,3005012,2,18,45272,44.71,3.49
2010,3005012,2,19,46618,42.24,2.49
2010,3005012,2,20,12872,36,0
2010,3005012,2,21,21306,41,0
2010,3005012,2,22,41471,44.5,0.5
2010,3005012,2,23,159883,40.99,2.87
2010,3005012,2,24,118832,39.42,2.61
2010,3005012,2,25,86264,43.59,4.61
2010,3005012,2,26,244758,40,4.45
2010,3005012,2,27,133510,43.35,5.14
2010,3005012,2,28,207296,42.98,2.93
2010,3005012,2,29,90374,43.08,2.29
2010,3005012,2,30,178187,47.41,5.49
2010,3005012,2,31,91436,45.46,1.95
2010,3005012,2,32,152128,44.38,1.62
2010,3005012,2,33,154765,43.81,3.53
2010,3005012,2,34,85250,45.25,5.05
2010,3005012,2,35,47448,43.73,2.34
2010,3005012,2,36,160069,46.44,2.94
2010,3005012,2,37,35188,43,0
2010,3005012,2,39,67154,45.72,3.41
2010,3005012,2,40,77822,47.75,0.93
2010,3005012,2,41,76893,44.08,1
2010,3005012,2,42,42158,42.98,2
2010,3005012,2,43,65927,46.15,4.06
2010,3005012,2,44,28124,47,0
2010,3005012,2,45,35969,42.55,4.06
2010,3005012,2,46,18982,51.31,2.49
2010,3005012,2,47,42509,49.01,4.8
2010,3005012,2,48,33826,48.87,1.36
2010,3005012,2,49,27532,40.83,3.19
2010,3005012,2,55,23830,46,0
2010,3005012,2,56,21306,41,0
2010,3005012,2,57,23966,48,0
2010,3005012,2,60,13545,56,0
2010,3005012,2,64,24830,42,0
2010,3005012,2,66,35188,43,0
2010,3005012,2,68,21306,41,0
2010,3005012,3,3,1481,15,0
2010,3005012,3,4,6510,14.23,0.42
2010,3005012,3,5,6118,14.73,0.45
2010,3005012,3,12,869,41,0
2010,3005012,3,18,869,41,0
2010,3005012,3,21,869,41,0
2010,3005012,3,22,869,41,0
2010,3005012,3,25,869,41,0
2010,3005012,3,26,869,41,0
2010,3005012,3,27,869,41,0
2010,3005012,3,28,2608,41,0
2010,3005012,3,42,869,41,0
2010,3005012,3,56,869,41,0
2010,3005012,3,68,869,41,0
2012,3005012,1,5,14026,20.35,6.24
2012,3005012,1,6,106984,18.36,3.02
2012,3005012,1,7,33139,28.36,3.61
2012,3005012,1,8,76812,27.27,3.56
2012,3005012,1,9,131087,28.2,4.18
2012,3005012,1,10,176416,29.83,7.95
2012,3005012,1,11,115261,29.68,3.55
2012,3005012,1,12,112637,31.47,5.32
2012,3005012,1,13,236323,33.34,5.2
2012,3005012,1,14,122967,34.16,4.4
2012,3005012,1,15,74184,34.43,3.96
2012,3005012,1,16,66787,36.74,4.4
2012,3005012,1,17,147562,43.06,3.17
2012,3005012,1,18,46437,38.82,5.24
2012,3005012,1,19,31574,49,0
2012,3005012,1,20,93043,40.33,2.71
2012,3005012,1,21,122308,44.8,3.37
2012,3005012,1,22,76824,43.12,2.96
2012,3005012,1,23,130823,45.59,2.75
2012,3005012,1,24,284293,44.63,2.44
2012,3005012,1,25,111201,41.01,5.72
2012,3005012,1,26,190648,44.49,3.55
2012,3005012,1,27,108587,46.96,2.68
2012,3005012,1,28,146082,43.75,3.61
2012,3005012,1,29,197732,46.68,1.94
2012,3005012,1,30,355098,45.76,3.47
2012,3005012,1,31,238393,45.54,3.86
2012,3005012,1,32,275555,47.38,2.44
2012,3005012,1,33,162109,43.84,4.43
2012,3005012,1,34,52928,48,0
2012,3005012,1,35,22084,43.37,8.61
2012,3005012,1,36,95054,46.87,2.77
2012,3005012,1,37,65264,45,0
2012,3005012,1,38,52272,47,0
2012,3005012,1,39,50779,45.18,7.64
2012,3005012,1,40,12861,53,0
2012,3005012,1,41,45976,46,0
2012,3005012,1,42,127405,50.11,0.77
2012,3005012,1,43,12861,53,0
2012,3005012,1,45,112365,49.83,3.52
2012,3005012,1,47,42781,46.71,4.13
2012,3005012,1,48,45976,46,0
2012,3005012,1,52,45198,43.33,2.69
2012,3005012,1,53,7812,55,0
2012,3005012,1,54,31574,49,0
2012,3005012,1,55,12861,53,0
2012,3005012,1,56,22866,51,0
2012,3005012,1,79,14527,52,0
2012,3005012,2,4,5888,19.45,0.84
2012,3005012,2,5,25468,20.12,3.92
2012,3005012,2,6,28480,22.99,4.09
2012,3005012,2,7,55434,25.41,2.27
2012,3005012,2,8,41355,25.62,3.01
2012,3005012,2,9,151183,31.3,6.83
2012,3005012,2,10,146658,29.96,5.84
2012,3005012,2,11,107161,32.96,6.08
2012,3005012,2,12,211496,38.61,6.96
2012,3005012,2,13,241940,37.03,5.26
2012,3005012,2,14,217546,35.17,5.96
2012,3005012,2,15,105004,35.64,3.46
2012,3005012,2,16,42588,39.34,3.55
2012,3005012,2,17,82853,38.21,0.94
2012,3005012,2,18,86881,43.86,4.15
2012,3005012,2,19,15017,29,0
2012,3005012,2,20,115015,40.16,4.81
2012,3005012,2,21,62496,44.22,0.98
2012,3005012,2,22,96922,43.82,4.21
2012,3005012,2,23,98445,45.4,3.11
2012,3005012,2,24,68274,43.52,2.47
2012,3005012,2,25,136238,44.13,3.59
2012,3005012,2,26,20672,39,0
2012,3005012,2,27,181605,44.24,3.62
2012,3005012,2,28,206770,45.49,4.02
2012,3005012,2,29,267392,44.92,2.14
2012,3005012,2,30,330779,45.76,3.47
2012,3005012,2,31,199889,48.47,2.56
2012,3005012,2,32,156893,46.08,3.78
2012,3005012,2,33,258268,44.77,3
2012,3005012,2,34,24395,43,0
2012,3005012,2,35,77492,48.11,1.52
2012,3005012,2,36,239640,47.9,3.48
2012,3005012,2,37,98111,47.94,3.06
2012,3005012,2,38,108902,48.72,1.33
2012,3005012,2,39,63364,43.41,1.96
2012,3005012,2,40,35081,49,0
2012,3005012,2,41,29260,47,0
2012,3005012,2,43,29260,47,0
2012,3005012,2,44,29260,47,0
2012,3005012,2,45,144901,48.12,1.63
2012,3005012,2,46,9480,52,0
2012,3005012,2,51,4578,53,0
2012,3005012,2,52,11778,54,0
2012,3005012,2,53,23873,60,0
2012,3005012,3,5,512,18,0
2012,3005012,3,6,1536,18,0
2012,3005012,3,7,512,18,0
2012,3005012,3,9,709,24.68,10.75
2012,3005012,3,11,395,42,0
2012,3005012,3,13,197,42,0
2012,3005012,3,16,197,42,0
2012,3005012,3,17,197,42,0
2012,3005012,3,24,592,42,0
2012,3005012,3,25,197,42,0
2012,3005012,3,27,395,42,0
2012,3005012,3,28,395,42,0
2012,3005012,3,29,197,42,0
2012,3005012,3,30,592,42,0
2014,3005012,1,3,33084,12.31,0.79
2014,3005012,1,4,12297,14.45,0.5
2014,3005012,1,5,112385,20.89,3.59
2014,3005012,1,6,59828,20.59,1.92
2014,3005012,1,7,68966,20.41,4.59
2014,3005012,1,8,83958,21.1,2.84
2014,3005012,1,9,57372,19.26,1.71
2014,3005012,1,10,64161,25.66,4.42
2014,3005012,1,11,174135,28.39,4.08
2014,3005012,1,12,227771,29.2,4.65
2014,3005012,1,13,170781,31.24,5.1
2014,3005012,1,14,99400,31.26,4.24
2014,3005012,1,15,177101,34.17,4.71
2014,3005012,1,16,230910,34.93,4.21
2014,3005012,1,17,162708,35.71,4.56
2014,3005012,1,18,28911,35.65,1.9
2014,3005012,1,19,48919,35.89,7.31
2014,3005012,1,22,9525,40.16,1.46
2014,3005012,1,23,21552,44.2,2.05
2014,3005012,1,24,3678,42,0
2014,3005012,1,25,25938,43.05,4.22
2014,3005012,1,26,39753,46.46,1.37
2014,3005012,1,27,10486,43,0
2014,3005012,1,28,39087,39.38,8.83
2014,3005012,1,29,47743,47.59,1.39
2014,3005012,1,30,33917,45.03,1
2014,3005012,1,31,58280,47.14,2.4
2014,3005012,1,32,85494,41.53,2.26
2014,3005012,1,33,23722,43.26,2.98
2014,3005012,1,34,55528,46.56,1.91
2014,3005012,1,35,52595,45.41,2.69
2014,3005012,1,36,10486,43,0
2014,3005012,1,37,16480,44,0
2014,3005012,1,38,70714,47.94,2.82
2014,3005012,1,39,39391,47.64,3.72
2014,3005012,1,40,32364,46.33,1.49
2014,3005012,1,41,27025,47.42,1.91
2014,3005012,1,42,35532,48.37,3.5
2014,3005012,1,44,10486,43,0
2014,3005012,1,45,22918,49,0
2014,3005012,1,46,15459,51,0
2014,3005012,1,47,53277,48.58,2.99
2014,3005012,1,49,14368,48,0
2014,3005012,1,50,17996,45,0
2014,3005012,1,53,28882,51.34,0.94
2014,3005012,1,58,2644,56,0
2014,3005012,1,59,12363,53,0
2014,3005012,2,3,8443,10.44,0.83
2014,3005012,2,4,40226,15.42,2.91
2014,3005012,2,5,24383,18.98,2.45
2014,3005012,2,6,54646,20.65,2.5
2014,3005012,2,7,48075,21.39,2.53
2014,3005012,2,8,67874,20.72,3.08
2014,3005012,2,9,54596,23.77,1.62
2014,3005012,2,10,47448,28.78,3.78
2014,3005012,2,11,265828,27.88,4.2
2014,3005012,2,12,226905,27.61,4.42
2014,3005012,2,13,297279,31.73,5.62
2014,3005012,2,14,228978,33.07,7.4
2014,3005012,2,15,253130,34.37,2.44
2014,3005012,2,16,241149,34.2,5.46
2014,3005012,2,17,114512,36.29,3.2
2014,3005012,2,18,63229,41.72,5.63
2014,3005012,2,19,58976,38.2,4.87
2014,3005012,2,20,15011,33,0
2014,3005012,2,21,20186,34.54,3.96
2014,3005012,2,22,11348,40,0
2014,3005012,2,23,8960,49,0
2014,3005012,2,24,34090,38.38,5.78
2014,3005012,2,25,21510,41.6,2.5
2014,3005012,2,26,47266,45.42,4.77
2014,3005012,2,27,25485,46.41,1.91
2014,3005012,2,28,55811,47.4,2.2
2014,3005012,2,29,22062,40.97,1
2014,3005012,2,30,104281,45.95,4.22
2014,3005012,2,31,17539,50,0
2014,3005012,2,32,11167,44,0
2014,3005012,2,33,70044,45.88,2.07
2014,3005012,2,34,12244,44.88,2.83
2014,3005012,2,35,38273,46.21,1.6
2014,3005012,2,36,28725,47.04,1
2014,3005012,2,37,19285,50.18,0.57
2014,3005012,2,38,14955,48,0
2014,3005012,2,40,8960,49,0
2014,3005012,2,41,14955,48,0
2014,3005012,2,42,30674,47,0
2014,3005012,2,43,31308,48.24,1.99
2014,3005012,2,44,29656,44.55,3.19
2014,3005012,2,45,8960,49,0
2014,3005012,2,46,13770,46,0
2014,3005012,2,47,20128,46.23,2.48
2014,3005012,2,49,10713,42,0
2014,3005012,2,52,14955,48,0
2014,3005012,2,63,1077,54,0
2016,3005012,1,3,42602,17.24,1.48
2016,3005012,1,4,65424,17.59,1.68
2016,3005012,1,5,123978,25.45,6.25
2016,3005012,1,6,168192,23.02,4.7
2016,3005012,1,7,18399,21.81,0.39
2016,3005012,1,8,424395,28.05,2.02
2016,3005012,1,9,54419,32.49,3.5
2016,3005012,1,11,510265,35.26,3.34
2016,3005012,1,12,175597,33.68,5.21
2016,3005012,1,13,925180,31.75,5.48
2016,3005012,1,14,350657,31.87,3.31
2016,3005012,1,15,414714,35.32,4.59
2016,3005012,1,16,643148,37.73,4.8
2016,3005012,1,17,679365,38.51,5.9
2016,3005012,1,18,90744,37.63,4.11
2016,3005012,1,19,259034,34.97,3.19
2016,3005012,1,20,239380,38.24,2.65
2016,3005012,1,21,119641,36.51,2.3
2016,3005012,1,22,110679,40.34,5.73
2016,3005012,1,25,106030,45.31,3.12
2016,3005012,1,26,13848,44,0
2016,3005012,1,27,73361,47.16,2.01
2016,3005012,1,28,43985,42.56,4.98
2016,3005012,1,29,20627,43,0
2016,3005012,1,30,20056,48,0
2016,3005012,1,33,37714,49,0
2016,3005012,1,34,46517,42,0
2016,3005012,1,35,196118,47,0
2016,3005012,1,38,13848,44,0
2016,3005012,1,40,21798,46,0
2016,3005012,1,45,18315,52,0
2016,3005012,1,53,27208,49.31,2.2
2016,3005012,1,54,19152,56,0
2016,3005012,1,105,19410,50,0
2016,3005012,2,4,25722,31,0
2016,3005012,2,5,25614,19.36,1.87
2016,3005012,2,6,92053,19.92,4.42
2016,3005012,2,7,35962,27.14,0.99
2016,3005012,2,8,130899,24.78,4.42
2016,3005012,2,9,113059,29.17,2.94
2016,3005012,2,10,118461,34.25,4.03
2016,3005012,2,11,191190,27.82,6.09
2016,3005012,2,12,431433,31.92,3.77
2016,3005012,2,13,435740,35.22,4.84
2016,3005012,2,14,458729,34.45,4.75
2016,3005012,2,15,505033,37.05,2.8
2016,3005012,2,16,608168,35.46,4.85
2016,3005012,2,17,435116,35.15,2.76
2016,3005012,2,18,364966,34.43,3.04
2016,3005012,2,19,34153,40,0
2016,3005012,2,20,204089,40.94,2.46
2016,3005012,2,21,40604,34,0
2016,3005012,2,22,15992,50,0
2016,3005012,2,23,39275,38.75,2.73
2016,3005012,2,24,18028,45,0
2016,3005012,2,25,87438,49.05,2.74
2016,3005012,2,26,154008,47.61,5.61
2016,3005012,2,27,173167,39.73,3.26
2016,3005012,2,28,186427,41.72,3.25
2016,3005012,2,29,42248,47.39,0.49
2016,3005012,2,30,41868,48.15,1.46
2016,3005012,2,31,13532,44.7,3.98
2016,3005012,2,32,34400,46.43,1.5
2016,3005012,2,33,193133,45.54,1.93
2016,3005012,2,35,72619,39.29,5.96
2016,3005012,2,37,27358,49,0
2016,3005012,2,38,48388,46.68,0.95
2016,3005012,2,39,87254,47.76,1.77
2016,3005012,2,40,39050,52,0
2016,3005012,2,42,27358,49,0
2016,3005012,2,43,9747,65,0
2016,3005012,2,45,18028,45,0
2016,3005012,2,46,10258,51,0
2016,3005012,2,47,16372,48,0
2016,3005012,2,55,15992,50,0
2016,3005012,2,78,10258,51,0
2016,3005012,3,3,2576,16,0
2016,3005012,3,4,3128,16.18,0.38
2016,3005012,3,5,552,17,0
2016,3005012,3,6,5336,16.52,0.5
2018,3005012,1,3,5181,14,0
2018,3005012,1,4,94801,19,0
2018,3005012,1,5,29187,26,0
2018,3005012,1,6,77007,20.41,4.37
2018,3005012,1,7,297337,32.96,6.16
2018,3005012,1,8,408916,25.72,2.63
2018,3005012,1,9,224067,23.99,1.82
2018,3005012,1,10,225842,29.92,5.25
2018,3005012,1,11,290690,32.43,4.46
2018,3005012,1,12,447570,33.06,3.22
2018,3005012,1,13,231096,30.92,3.18
2018,3005012,1,14,626725,32.88,2.92
2018,3005012,1,15,703813,34.23,3.4
2018,3005012,1,16,1005100,36.53,3.48
2018,3005012,1,17,702145,36.15,3.38
2018,3005012,1,18,435999,36.71,4.09
2018,3005012,1,19,528522,39.1,3.59
2018,3005012,1,20,244458,37.8,4.4
2018,3005012,1,21,186157,39.36,2.7
2018,3005012,1,22,290508,42.22,0.59
2018,3005012,1,23,94670,39.2,4.4
2018,3005012,1,24,37286,44.33,0.47
2018,3005012,1,25,18420,46,0
2018,3005012,1,28,157140,43.71,4.63
2018,3005012,1,31,20158,51.92,1.77
2018,3005012,1,34,5434,49,0
2018,3005012,1,38,5434,49,0
2018,3005012,1,41,44218,51,0
2018,3005012,1,45,150564,44.26,5.85
2018,3005012,1,46,1324,60,0
2018,3005012,1,50,11478,55.32,5.99
2018,3005012,1,53,3972,59,0
2018,3005012,1,55,7966,65,0
2018,3005012,1,61,5318,61.5,0.86
2018,3005012,1,80,5434,49,0
2018,3005012,1,87,1324,60,0
2018,3005012,2,4,67523,23.4,1.08
2018,3005012,2,5,1106,16,0
2018,3005012,2,6,51220,23.12,4.36
2018,3005012,2,7,263694,26.92,4
2018,3005012,2,8,546194,24.75,3.66
2018,3005012,2,9,136356,22,2.93
2018,3005012,2,11,137513,28.04,3.89
2018,3005012,2,12,319704,29.08,0.27
2018,3005012,2,13,187005,30.83,5.07
2018,3005012,2,14,404157,36.04,2.9
2018,3005012,2,15,802010,36.59,4.03
2018,3005012,2,16,351663,33.96,5.39
2018,3005012,2,17,236408,37.5,4.72
2018,3005012,2,18,664917,38.86,3.01
2018,3005012,2,19,272994,39.16,5.01
2018,3005012,2,20,650159,36.75,3.65
2018,3005012,2,21,108191,38.63,3.5
2018,3005012,2,22,47887,45.71,2.71
2018,3005012,2,23,91627,43.2,4.49
2018,3005012,2,24,34981,46,0
2018,3005012,2,31,2852,51,0
2018,3005012,2,33,56056,42,0
2018,3005012,2,34,25292,47,0
2018,3005012,2,35,34227,44,0
2018,3005012,2,36,13328,43,0
2018,3005012,2,37,58893,43.02,4.28
2018,3005012,2,38,30335,41,0
2018,3005012,2,39,70080,46.3,6.45
2018,3005012,2,41,26876,49,0
2018,3005012,2,42,2852,51,0
2018,3005012,2,43,34227,44,0
2018,3005012,2,44,44728,52.19,3.92
2018,3005012,2,45,24376,49.12,0.99
2018,3005012,2,49,13660,50,0
2018,3005012,2,50,3530,55,0
2018,3005012,3,3,28850,14,0
2018,3005012,3,4,33335,14.42,1.2
2018,3005012,3,5,10530,17.48,0.88
2018,3005012,3,6,13165,16.47,0.76
2018,3005012,3,8,6044,20.43,0.9
2018,3005012,3,9,9498,18.18,0.39
2018,3005012,3,11,864,21,0
1991,3005012,0,3,1654,11,0
1991,3005012,0,4,6614,14.75,2.49
1991,3005012,0,5,10390,15.63,0.48
1991,3005012,0,6,5653,18.12,2.47
1991,3005012,0,7,27616,20.25,0.79
1991,3005012,0,8,89665,23.3,2.59
1991,3005012,0,9,90130,24.46,3.06
1991,3005012,0,10,153019,26.54,1.63
1991,3005012,0,11,148021,25.26,1.77
1991,3005012,0,12,119805,31.09,7.69
1991,3005012,0,14,230448,24.74,1.58
1991,3005012,0,15,121361,33.68,5.35
1991,3005012,0,16,70013,30.69,4.13
1991,3005012,0,17,40077,40,0
1991,3005012,0,18,52447,32.06,2.6
1991,3005012,0,19,54261,32.44,4.4
1991,3005012,0,20,305650,37.35,4.59
1991,3005012,0,21,222994,38.53,6.54
1991,3005012,0,22,240753,34.06,2.97
1991,3005012,0,23,335290,38.37,4.35
1991,3005012,0,24,306857,34.85,4.14
1991,3005012,0,25,147333,37.02,5.74
1991,3005012,0,26,314218,42.69,3.93
1991,3005012,0,27,477970,38.74,4.53
1991,3005012,0,28,482084,42.24,4.97
1991,3005012,0,29,927741,40.41,3.97
1991,3005012,0,30,830612,41.12,4.59
1991,3005012,0,31,279065,42.18,3.68
1991,3005012,0,32,570523,42.9,4.36
1991,3005012,0,33,532409,41.9,2.52
1991,3005012,0,34,379769,43.68,3.51
1991,3005012,0,35,292765,45.32,2.76
1991,3005012,0,36,401300,44.6,3.35
1991,3005012,0,37,101626,47.49,1.52
1991,3005012,0,38,145861,43.53,3.35
1991,3005012,0,39,110353,43.8,0.8
1991,3005012,0,40,63262,51.05,5.22
1991,3005012,0,41,24258,43,0
1991,3005012,0,42,53078,43.13,4.48
1991,3005012,0,43,71331,44,0
1991,3005012,0,45,38156,42,0
1991,3005012,0,48,21716,50,0
1991,3005012,0,51,5522,53,0
1994,3005012,0,6,10241,30,0
1994,3005012,0,7,7466,27,0
1994,3005012,0,8,11377,27.37,2.16
1994,3005012,0,9,20294,23.8,5
1994,3005012,0,10,92699,36.74,5.93
1994,3005012,0,11,111932,30.22,5
1994,3005012,0,12,147803,30.05,3.04
1994,3005012,0,13,251376,31.93,6.92
1994,3005012,0,14,199377,35.09,6.46
1994,3005012,0,15,409224,36.21,4.82
1994,3005012,0,16,316866,37.53,3.74
1994,3005012,0,17,428177,37.14,4.95
1994,3005012,0,18,416135,36.09,5.23
1994,3005012,0,19,342277,36.35,4.08
1994,3005012,0,20,460358,39.08,4.02
1994,3005012,0,21,415204,41.04,4.54
1994,3005012,0,22,150980,40.11,2.91
1994,3005012,0,23,230974,39.96,3.01
1994,3005012,0,24,349419,40.47,6.22
1994,3005012,0,25,440055,40.63,3.88
1994,3005012,0,26,419653,40.38,2.96
1994,3005012,0,27,212255,41.24,4.99
1994,3005012,0,28,302216,42.76,4.35
1994,3005012,0,29,281848,42.06,6.09
1994,3005012,0,30,490656,40.48,4.44
1994,3005012,0,31,625447,43.14,4.53
1994,3005012,0,32,774242,41.96,3.57
1994,3005012,0,33,403193,42.28,3.61
1994,3005012,0,34,576230,42.81,3.99
1994,3005012,0,35,317291,43.55,3.33
1994,3005012,0,36,679887,42.11,3.67
1994,3005012,0,37,466574,42.75,3.79
1994,3005012,0,38,197138,41.29,4.02
1994,3005012,0,39,313948,41.45,3.12
1994,3005012,0,40,85284,45.96,8.84
1994,3005012,0,41,238577,45.52,3.68
1994,3005012,0,42,78335,41.54,4.72
1994,3005012,0,43,248054,43.3,1.09
1994,3005012,0,44,76903,42.3,2.95
1994,3005012,0,45,22307,48,0
1994,3005012,0,46,48336,45,0
1994,3005012,0,47,73743,43,0
1994,3005012,0,49,10420,54,0
1994,3005012,0,52,3628,55,0
1994,3005012,0,62,11448,56.34,0.47
1994,3005012,0,63,8743,62,0
1994,3005012,0,64,25936,48.98,2.43
1994,3005012,0,80,10420,54,0
1994,3005012,0,88,42719,58,0
1994,3005012,0,104,8743,60,0
1997,3005012,0,7,13496,32,0
1997,3005012,0,9,42166,27.3,3.24
1997,3005012,0,10,26890,27.02,1.72
1997,3005012,0,11,12200,24.38,1.5
1997,3005012,0,12,6594,23,0
1997,3005012,0,13,54383,32.29,5.18
1997,3005012,0,14,203938,36.12,5.75
1997,3005012,0,15,157788,36.69,4.42
1997,3005012,0,16,233090,37.98,4.43
1997,3005012,0,17,143246,38.39,5.53
1997,3005012,0,18,161224,38.85,4.5
1997,3005012,0,19,218521,42.94,3.76
1997,3005012,0,20,390440,40.2,4.66
1997,3005012,0,21,399279,40.47,3.78
1997,3005012,0,22,210554,42.38,4.15
1997,3005012,0,23,122473,39.35,1.91
1997,3005012,0,24,269467,42.84,2.22
1997,3005012,0,25,313281,42,3.57
1997,3005012,0,26,450225,42.96,3.31
1997,3005012,0,27,478642,44.11,3.84
1997,3005012,0,28,383330,44.8,2.81
1997,3005012,0,29,278192,41.95,3.98
1997,3005012,0,30,340420,43.77,3.16
1997,3005012,0,31,296680,42.98,2.68
1997,3005012,0,32,332065,43.46,3.11
1997,3005012,0,33,523333,43.46,3.09
1997,3005012,0,34,380953,43.42,4.36
1997,3005012,0,35,343578,44.12,3.19
1997,3005012,0,36,426745,44.45,3.18
1997,3005012,0,37,233904,42.81,4.27
1997,3005012,0,38,103944,44.78,2.64
1997,3005012,0,39,274736,44.03,3.87
1997,3005012,0,40,126545,44.73,2.38
1997,3005012,0,41,114873,48.78,4.18
1997,3005012,0,42,177953,43.83,1.97
1997,3005012,0,43,76477,45.84,1.41
1997,3005012,0,44,65702,44.88,0.79
1997,3005012,0,45,157879,48.42,3.94
1997,3005012,0,46,11219,50,0
1997,3005012,0,47,28386,45.13,2.99
1997,3005012,0,49,20326,42,0
1997,3005012,0,67,19381,61,0
1997,3005012,0,93,19381,61,0
2000,3005012,0,4,3494,19,0
2000,3005012,0,6,11429,29,0
2000,3005012,0,7,16148,26.66,3.64
2000,3005012,0,8,11429,29,0
2000,3005012,0,9,13647,33.25,0.97
2000,3005012,0,10,1709,25,0
2000,3005012,0,11,10080,30,0
2000,3005012,0,12,27105,29.06,1.96
2000,3005012,0,13,130621,32.38,5.92
2000,3005012,0,14,112561,35.53,5.52
2000,3005012,0,15,91649,37.64,3.02
2000,3005012,0,16,289941,37.87,3.89
2000,3005012,0,17,199216,38.76,4.34
2000,3005012,0,18,220347,37.07,3.85
2000,3005012,0,19,278718,40.89,3.94
2000,3005012,0,20,345218,41.94,4.86
2000,3005012,0,21,370803,42.65,3.9
2000,3005012,0,22,175007,41.82,3.12
2000,3005012,0,23,453536,42.9,2.48
2000,3005012,0,24,646408,42.84,3.48
2000,3005012,0,25,522357,42.03,3.54
2000,3005012,0,26,295753,42.43,3.44
2000,3005012,0,27,484239,43.66,3.1
2000,3005012,0,28,340686,43.75,2.96
2000,3005012,0,29,411041,44.84,2.67
2000,3005012,0,30,664231,45.41,2.53
2000,3005012,0,31,416348,45.34,3.28
2000,3005012,0,32,588942,44.83,3.04
2000,3005012,0,33,381863,45.16,3.51
2000,3005012,0,34,263134,45.75,3.57
2000,3005012,0,35,442634,45.4,3.41
2000,3005012,0,36,183719,45.09,2.32
2000,3005012,0,37,294515,45.8,3.53
2000,3005012,0,38,217788,45.76,3.67
2000,3005012,0,39,334351,44.97,3.04
2000,3005012,0,40,427573,45.09,2.6
2000,3005012,0,41,201520,44.65,2.78
2000,3005012,0,42,192381,46.57,2.47
2000,3005012,0,43,121652,44.87,1.93
2000,3005012,0,44,211652,43.81,2.9
2000,3005012,0,45,207199,46.46,3.6
2000,3005012,0,46,229206,45.69,3.43
2000,3005012,0,47,23010,52.45,4.38
2000,3005012,0,48,50488,48.88,0.99
2000,3005012,0,49,54869,41.18,0.98
2000,3005012,0,53,46374,47.7,1.93
2000,3005012,0,60,16578,52,0
2000,3005012,0,63,9136,63,0
2002,3005012,0,2,4995,12,0
2002,3005012,0,3,32385,13.71,1.95
2002,3005012,0,4,119388,16.81,2.33
2002,3005012,0,5,35155,21.09,2.19
2002,3005012,0,6,28476,29.7,2.79
2002,3005012,0,7,36417,28.35,3.17
2002,3005012,0,8,84828,36.1,2.44
2002,3005012,0,9,45414,36.24,1.3
2002,3005012,0,10,11322,37,0
2002,3005012,0,11,8778,31.89,2.08
2002,3005012,0,12,21005,33.78,5.73
2002,3005012,0,13,45400,44,0
2002,3005012,0,14,22898,34,0
2002,3005012,0,15,109724,36.72,4.91
2002,3005012,0,16,84649,38.27,2.71
2002,3005012,0,17,69767,36.08,4.7
2002,3005012,0,18,147164,38.45,4.16
2002,3005012,0,19,182757,38.39,2.98
2002,3005012,0,20,265532,40.97,3.83
2002,3005012,0,21,319201,41.12,4.87
2002,3005012,0,22,298758,42.85,4.41
2002,3005012,0,23,334298,40.76,4.91
2002,3005012,0,24,340846,44.01,3.38
2002,3005012,0,25,162031,42.59,2.68
2002,3005012,0,26,256571,40.68,3.98
2002,3005012,0,27,281654,42.13,3.01
2002,3005012,0,28,225498,42.71,3.92
2002,3005012,0,29,185919,44.48,2.15
2002,3005012,0,30,326853,45.38,2.75
2002,3005012,0,31,264064,45.15,2.98
2002,3005012,0,32,442640,45.4,2.54
2002,3005012,0,33,273014,46.06,2.37
2002,3005012,0,34,332960,43.74,3.05
2002,3005012,0,35,216996,45.51,4.1
2002,3005012,0,36,174223,44.54,3.44
2002,3005012,0,37,178781,45.37,2.6
2002,3005012,0,38,228976,46.17,2.88
2002,3005012,0,39,143193,45.64,1.99
2002,3005012,0,40,174621,45.11,3.63
2002,3005012,0,41,271060,45.2,2.88
2002,3005012,0,42,230732,46.01,1.64
2002,3005012,0,43,123434,45.03,3.61
2002,3005012,0,44,128047,45.66,3.7
2002,3005012,0,45,80081,43.86,2.71
2002,3005012,0,46,40410,47.3,1.49
2002,3005012,0,47,100226,48.17,0.38
2002,3005012,0,48,42159,47.99,1.73
2002,3005012,0,49,78950,45.52,2.54
2002,3005012,0,50,26240,50.01,1.42
2002,3005012,0,51,18344,53,0
2002,3005012,0,52,66557,50,2.03
2002,3005012,0,59,12910,57,0
2002,3005012,0,62,17445,49,0
2002,3005012,0,68,8795,52,0
2002,3005012,0,104,12910,57,0
2002,3005012,0,114,10460,51,0
2004,3005012,0,3,18090,15.67,0.47
2004,3005012,0,4,123705,17.62,1.22
2004,3005012,0,5,87468,18.5,1.34
2004,3005012,0,6,184072,20.17,4.26
2004,3005012,0,7,73198,19.38,3.24
2004,3005012,0,8,62357,24.62,5.3
2004,3005012,0,9,65076,36.26,8.29
2004,3005012,0,10,103515,37.08,7.69
2004,3005012,0,11,56787,39.46,3.97
2004,3005012,0,12,41496,34.92,4.19
2004,3005012,0,13,84580,41.58,3.05
2004,3005012,0,14,43610,37.92,1.44
2004,3005012,0,16,62782,35.44,3.57
2004,3005012,0,17,197340,39.91,4.53
2004,3005012,0,18,120035,35.95,3.18
2004,3005012,0,19,161231,40.64,5.02
2004,3005012,0,20,287259,39.6,5.09
2004,3005012,0,21,366472,42.19,4.07
2004,3005012,0,22,679470,42.01,4.03
2004,3005012,0,23,397277,43.35,4.19
2004,3005012,0,24,658762,44.16,3.41
2004,3005012,0,25,446470,42.53,3.82
2004,3005012,0,26,451779,42.41,3.91
2004,3005012,0,27,427938,44.24,4.02
2004,3005012,0,28,624220,43.49,2.77
2004,3005012,0,29,433564,43.85,3.48
2004,3005012,0,30,424361,43.46,3.09
2004,3005012,0,31,335098,45.02,2.79
2004,3005012,0,32,321376,43.89,3.43
2004,3005012,0,33,273207,44.44,2.59
2004,3005012,0,34,411475,45.26,3.21
2004,3005012,0,35,403903,46.01,2.87
2004,3005012,0,36,143290,45.2,3.32
2004,3005012,0,37,355540,45.7,2.69
2004,3005012,0,38,283428,48.1,2.45
2004,3005012,0,39,104240,46.87,0.82
2004,3005012,0,40,142658,46.79,3.43
2004,3005012,0,41,229843,45.35,2.39
2004,3005012,0,42,170990,47.7,1.22
2004,3005012,0,43,68703,45.28,3.28
2004,3005012,0,44,86070,48.92,7.55
2004,3005012,0,45,136060,45.28,3.69
2004,3005012,0,46,63303,50.29,0.46
2004,3005012,0,47,74895,47.53,4.91
2004,3005012,0,48,157603,44.41,0.91
2004,3005012,0,49,60755,48.47,2.28
2004,3005012,0,51,22250,49,0
2004,3005012,0,54,22250,49,0
2004,3005012,0,55,32905,47,0
2004,3005012,0,56,5126,61,0
2004,3005012,0,58,73937,50.94,4.86
2004,3005012,0,59,11510,56,0
2004,3005012,0,60,51098,48.88,0.99
2004,3005012,0,62,51473,48.44,1.92
2004,3005012,0,64,22368,50,0
2004,3005012,0,67,11510,56,0
2004,3005012,0,79,18568,51,0
2004,3005012,0,106,5126,62,0
2004,3005012,0,107,5600,55,0
2004,3005012,0,121,9112,63,0
2006,3005012,0,3,13148,12.67,0.94
2006,3005012,0,4,35182,15.68,1.51
2006,3005012,0,5,66877,22.02,4.15
2006,3005012,0,6,75547,23.45,1.39
2006,3005012,0,7,178923,24.84,4.78
2006,3005012,0,8,221344,26.77,5.66
2006,3005012,0,9,70497,26.51,7.29
2006,3005012,0,10,76202,37.04,6.75
2006,3005012,0,11,136170,38.34,8.14
2006,3005012,0,12,27285,45,0
2006,3005012,0,13,62772,42.59,1.24
2006,3005012,0,14,61721,45.56,0.5
2006,3005012,0,15,14501,34,0
2006,3005012,0,16,28306,39.04,5.45
2006,3005012,0,17,36763,41.59,0.49
2006,3005012,0,18,88770,38.66,5.79
2006,3005012,0,19,57208,41.01,1.85
2006,3005012,0,20,171978,42.76,5.74
2006,3005012,0,21,339636,42.72,4.55
2006,3005012,0,22,211192,42.94,3.66
2006,3005012,0,23,250567,42.86,3.77
2006,3005012,0,24,352129,44.94,2.92
2006,3005012,0,25,392325,41.9,4.48
2006,3005012,0,26,142380,44.6,2.88
2006,3005012,0,27,244874,43.49,3.76
2006,3005012,0,28,210979,43.41,3.61
2006,3005012,0,29,190040,44.07,2.79
2006,3005012,0,30,306264,44.4,3.48
2006,3005012,0,31,227303,44.25,2.84
2006,3005012,0,32,186163,46.94,3.11
2006,3005012,0,33,253415,46.02,2.75
2006,3005012,0,34,163502,47.41,3.6
2006,3005012,0,35,240853,45.73,2.31
2006,3005012,0,36,140766,45.05,4.17
2006,3005012,0,37,330954,45.9,2.86
2006,3005012,0,38,122701,46.96,3.5
2006,3005012,0,39,85499,44.11,2.52
2006,3005012,0,40,126449,46.09,2.81
2006,3005012,0,41,115441,47.19,2.77
2006,3005012,0,42,170621,45.66,2.28
2006,3005012,0,43,76258,47.49,2.88
2006,3005012,0,44,86609,45.97,0.78
2006,3005012,0,45,174833,46.44,2.75
2006,3005012,0,46,3790,56,0
2006,3005012,0,47,71076,46.64,6.18
2006,3005012,0,48,33175,46.38,4.53
2006,3005012,0,49,42659,49.68,2.36
2006,3005012,0,50,29546,51.24,1.29
2006,3005012,0,51,7755,57,0
2006,3005012,0,53,24888,47,0
2006,3005012,0,56,6153,54,0
2006,3005012,0,57,15326,52,0
2006,3005012,0,58,29617,45.93,6.59
2006,3005012,0,78,16388,49,0
2006,3005012,0,85,7165,55,0
2006,3005012,0,97,6153,54,0
2006,3005012,0,116,8514,60,0
2010,3005012,0,3,14737,14.87,1.17
2010,3005012,0,4,69252,18.77,3.08
2010,3005012,0,5,41535,17.96,3.11
2010,3005012,0,6,32210,19.05,0.91
2010,3005012,0,7,140964,21.72,2.2
2010,3005012,0,8,294630,22.88,3.23
2010,3005012,0,9,230708,24.29,2.87
2010,3005012,0,10,261527,28.46,4.76
2010,3005012,0,11,480177,29.33,4.34
2010,3005012,0,12,419587,29.92,4.79
2010,3005012,0,13,225770,35.11,6.84
2010,3005012,0,14,111300,30.63,3.64
2010,3005012,0,15,88434,36.01,7.58
2010,3005012,0,16,96603,38.52,2.92
2010,3005012,0,17,39623,37.99,4.97
2010,3005012,0,18,53723,40.15,7.99
2010,3005012,0,19,134563,38.61,4.5
2010,3005012,0,20,36839,41.57,4.37
2010,3005012,0,21,64620,44.3,3.01
2010,3005012,0,22,160397,41.91,3.68
2010,3005012,0,23,300734,40.77,3.45
2010,3005012,0,24,72985,39.15,3.13
2010,3005012,0,25,224736,42.68,4.33
2010,3005012,0,26,431287,41.95,3.86
2010,3005012,0,27,321217,43.73,4.76
2010,3005012,0,28,508875,42.9,3.63
2010,3005012,0,29,277878,44.85,2.38
2010,3005012,0,30,340062,46.24,4.68
2010,3005012,0,31,87816,45.26,1.98
2010,3005012,0,32,237012,44.05,2.37
2010,3005012,0,33,217395,43.05,3.57
2010,3005012,0,34,162799,45.67,3.95
2010,3005012,0,35,143382,45.26,2.95
2010,3005012,0,36,201044,46.28,3.23
2010,3005012,0,37,74910,46.3,4.47
2010,3005012,0,38,8555,51,0
2010,3005012,0,39,93347,47.13,3.43
2010,3005012,0,40,100803,48.33,2.06
2010,3005012,0,41,148457,44.8,2.45
2010,3005012,0,42,66459,43.06,1.82
2010,3005012,0,43,83238,45.48,3.51
2010,3005012,0,44,49610,47,0
2010,3005012,0,45,88081,44.69,4.34
2010,3005012,0,46,53958,49.41,1.58
2010,3005012,0,47,64322,47.7,3.79
2010,3005012,0,48,24599,49.04,1.43
2010,3005012,0,49,40425,41.95,4.64
2010,3005012,0,50,38206,43,0
2010,3005012,0,51,26685,48.06,7.41
2010,3005012,0,52,24805,47,0
2010,3005012,0,53,22791,45,0
2010,3005012,0,54,40850,47.39,0.49
2010,3005012,0,55,34962,48.54,2.96
2010,3005012,0,56,28399,41,0
2010,3005012,0,57,16045,48,0
2010,3005012,0,60,12394,56,0
2010,3005012,0,64,37353,45.96,4.89
2010,3005012,0,66,38206,43,0
2010,3005012,0,68,34596,43.69,5.75
2010,3005012,0,70,24805,47,0
2010,3005012,0,71,4491,54,0
2010,3005012,0,83,6058,53,0
2010,3005012,0,89,6058,53,0
2010,3005012,0,103,4491,54,0
2012,3005012,0,4,18996,19.31,0.72
2012,3005012,0,5,45949,20.16,4.74
2012,3005012,0,6,132820,19.48,4.05
2012,3005012,0,7,83271,26.82,3.18
2012,3005012,0,8,121447,26.69,3.78
2012,3005012,0,9,262879,29.74,5.87
2012,3005012,0,10,348926,30.23,7.24
2012,3005012,0,11,244591,32.28,5.81
2012,3005012,0,12,311081,35.79,7.3
2012,3005012,0,13,475457,35.29,5.62
2012,3005012,0,14,341317,35.37,5.73
2012,3005012,0,15,182495,35.05,3.72
2012,3005012,0,16,113387,37.63,4.39
2012,3005012,0,17,231557,41.38,3.5
2012,3005012,0,18,142677,42.25,5.25
2012,3005012,0,19,48494,42.65,9.31
2012,3005012,0,20,230895,40.65,4.39
2012,3005012,0,21,181202,44.4,2.79
2012,3005012,0,22,202248,43.74,3.64
2012,3005012,0,23,215860,45.32,2.98
2012,3005012,0,24,349077,44.18,2.41
2012,3005012,0,25,247183,42.91,4.82
2012,3005012,0,26,201557,43.94,3.81
2012,3005012,0,27,284975,45.42,3.79
2012,3005012,0,28,360297,44.93,4.04
2012,3005012,0,29,393219,45.89,2.29
2012,3005012,0,30,708484,45.76,3.4
2012,3005012,0,31,458931,46.56,3.58
2012,3005012,0,32,372725,47.05,3.19
2012,3005012,0,33,398408,44.58,3.76
2012,3005012,0,34,71784,46.16,2.41
2012,3005012,0,35,123676,47.75,4.52
2012,3005012,0,36,322650,47.44,3.28
2012,3005012,0,37,185641,47.24,3.13
2012,3005012,0,38,155149,48.24,1.45
2012,3005012,0,39,108441,44.23,5.5
2012,3005012,0,40,42288,49.87,1.65
2012,3005012,0,41,80177,46.48,0.5
2012,3005012,0,42,144975,50.07,0.72
2012,3005012,0,43,47644,48.16,2.37
2012,3005012,0,44,38464,47,0
2012,3005012,0,45,244791,48.38,2.41
2012,3005012,0,46,12003,52,0
2012,3005012,0,47,51510,45.6,3.44
2012,3005012,0,48,41712,46,0
2012,3005012,0,51,9180,53,0
2012,3005012,0,52,74048,46.26,5.5
2012,3005012,0,53,38590,58.09,2.43
2012,3005012,0,54,33108,49,0
2012,3005012,0,55,9180,53,0
2012,3005012,0,56,21853,51,0
2012,3005012,0,79,12003,52,0
2014,3005012,0,3,37760,11.57,1.07
2014,3005012,0,4,64999,14.84,2.57
2014,3005012,0,5,149412,19.77,3.31
2014,3005012,0,6,121487,20.5,2.19
2014,3005012,0,7,141703,20.1,3.74
2014,3005012,0,8,143632,21.12,2.81
2014,3005012,0,9,105089,21.4,2.88
2014,3005012,0,10,127308,26.6,4.26
2014,3005012,0,11,417294,28.04,4.15
2014,3005012,0,12,433757,28.49,4.52
2014,3005012,0,13,496635,31.36,5.43
2014,3005012,0,14,307254,32.17,6.31
2014,3005012,0,15,440251,34.12,3.53
2014,3005012,0,16,473297,34.67,4.81
2014,3005012,0,17,264753,35.94,4.02
2014,3005012,0,18,92361,40.31,6.07
2014,3005012,0,19,110607,37.09,6.13
2014,3005012,0,20,13527,33,0
2014,3005012,0,21,23049,34.17,4
2014,3005012,0,22,34967,40.21,1.05
2014,3005012,0,23,47610,45.98,2.72
2014,3005012,0,24,49668,38.91,5.47
2014,3005012,0,25,48243,42.25,3.66
2014,3005012,0,26,99306,46.16,3.72
2014,3005012,0,27,40774,45.92,2.36
2014,3005012,0,28,89095,41.34,8.75
2014,3005012,0,29,72835,44.83,3.4
2014,3005012,0,30,113028,45.37,3.81
2014,3005012,0,31,82157,47.8,2.36
2014,3005012,0,32,73597,43.17,2.61
2014,3005012,0,33,111283,45.15,2.63
2014,3005012,0,34,91124,46.84,3.07
2014,3005012,0,35,84155,45.71,2.34
2014,3005012,0,36,39825,46.03,1.89
2014,3005012,0,37,34909,48.12,3.35
2014,3005012,0,38,74301,47.89,2.7
2014,3005012,0,39,50744,47.61,3.92
2014,3005012,0,40,46105,47.17,1.74
2014,3005012,0,41,45440,48.08,1.94
2014,3005012,0,42,58248,48.36,2.83
2014,3005012,0,43,29701,47.87,2
2014,3005012,0,44,48452,44.54,3.05
2014,3005012,0,45,28071,49,0
2014,3005012,0,46,34536,48.71,2.49
2014,3005012,0,47,71287,47.77,3.15
2014,3005012,0,49,22560,45.9,2.86
2014,3005012,0,50,17408,45,0
2014,3005012,0,52,14662,48,0
2014,3005012,0,53,21465,50.71,0.96
2014,3005012,0,56,1077,55,0
2014,3005012,0,58,1322,56,0
2014,3005012,0,59,12363,53,0
2014,3005012,0,62,1322,56,0
2014,3005012,0,63,7902,54,0
2016,3005012,0,3,40304,17.29,1.49
2016,3005012,0,4,123591,22.75,6.14
2016,3005012,0,5,162940,22.36,5.3
2016,3005012,0,6,293454,21.8,5.07
2016,3005012,0,7,102536,25.81,2.59
2016,3005012,0,8,434094,27.83,3.04
2016,3005012,0,9,286977,29.8,3.38
2016,3005012,0,10,116976,34.4,4.03
2016,3005012,0,11,698774,34.32,4.26
2016,3005012,0,12,499376,32.63,4.73
2016,3005012,0,13,1497496,31.65,5.3
2016,3005012,0,14,828113,33.17,4.06
2016,3005012,0,15,850653,36.81,4.38
2016,3005012,0,16,1208039,36.89,5.04
2016,3005012,0,17,1247593,36.82,4.25
2016,3005012,0,18,453432,35.4,3.82
2016,3005012,0,19,272581,36.32,3.32
2016,3005012,0,20,421678,39.36,2.95
2016,3005012,0,21,161140,35.83,2.24
2016,3005012,0,22,133573,41.37,5.98
2016,3005012,0,23,58141,38.65,2.68
2016,3005012,0,24,40204,45,0
2016,3005012,0,25,188687,46.73,3.4
2016,3005012,0,26,147138,47.09,4.95
2016,3005012,0,27,261728,42.03,4.35
2016,3005012,0,28,187757,42.23,4.51
2016,3005012,0,29,88628,46.48,1.68
2016,3005012,0,30,89441,47.76,1.14
2016,3005012,0,31,21371,45.75,4.76
2016,3005012,0,32,58050,45.92,1.38
2016,3005012,0,33,186843,46.56,2.44
2016,3005012,0,34,47526,42,0
2016,3005012,0,35,179328,43.88,5.38
2016,3005012,0,37,33276,49,0
2016,3005012,0,38,75294,45.72,1.54
2016,3005012,0,39,145076,47.25,1.73
2016,3005012,0,40,61089,49.16,3
2016,3005012,0,42,33276,49,0
2016,3005012,0,43,9747,65,0
2016,3005012,0,45,72343,48.11,3.48
2016,3005012,0,46,23101,51,0
2016,3005012,0,47,17846,48,0
2016,3005012,0,53,53568,51.33,2.36
2016,3005012,0,54,30547,56,0
2016,3005012,0,55,16846,50,0
2016,3005012,0,78,23101,51,0
2016,3005012,0,105,16846,50,0
2018,3005012,0,3,38160,14,0
2018,3005012,0,4,156304,19.54,3.83
2018,3005012,0,5,87674,22.86,4.06
2018,3005012,0,6,224650,20.72,4.44
2018,3005012,0,7,478330,29.39,6.23
2018,3005012,0,8,960378,25.29,3.88
2018,3005012,0,9,427817,23.21,2.8
2018,3005012,0,10,226303,29.04,4.66
2018,3005012,0,11,477739,30.32,4.75
2018,3005012,0,12,601520,31.62,3.28
2018,3005012,0,13,478752,30.93,4.17
2018,3005012,0,14,967328,34.74,3.27
2018,3005012,0,15,1637850,35.92,4.68
2018,3005012,0,16,1279883,35.32,4.3
2018,3005012,0,17,936549,36.42,4.02
2018,3005012,0,18,1285189,38.01,3.57
2018,3005012,0,19,726063,38.78,4.48
2018,3005012,0,20,1024942,36.97,3.78
2018,3005012,0,21,327952,39.49,3.32
2018,3005012,0,22,192414,43.73,2.6
2018,3005012,0,23,168248,40.75,4.78
2018,3005012,0,24,76627,44.99,0.87
2018,3005012,0,25,28357,46,0
2018,3005012,0,28,127126,42.9,4.33
2018,3005012,0,31,61531,51.82,1.57
2018,3005012,0,33,95418,42,0
2018,3005012,0,34,33545,47.69,0.95
2018,3005012,0,35,29332,44,0
2018,3005012,0,36,12885,43,0
2018,3005012,0,37,93071,42.59,4.76
2018,3005012,0,38,44992,43.06,3.5
2018,3005012,0,39,105465,44.86,6.47
2018,3005012,0,41,24754,50.07,1
2018,3005012,0,42,13194,51,0
2018,3005012,0,43,29332,44,0
2018,3005012,0,44,26671,53.53,3.96
2018,3005012,0,45,167684,45.25,5.86
2018,3005012,0,46,1324,60,0
2018,3005012,0,49,25448,50,0
2018,3005012,0,50,23131,54.17,5.56
2018,3005012,0,53,3972,59,0
2018,3005012,0,55,7966,65,0
2018,3005012,0,61,3321,61.2,0.98
2018,3005012,0,80,11560,49,0
2018,3005012,0,87,1324,60,0
1991,3005012,4,3,1654,11,0
1991,3005012,4,4,6614,14.75,2.49
1991,3005012,4,5,11998,15.679999999999998,0.47
1991,3005012,4,6,3308,18.5,2.5
1991,3005012,4,7,34930,20.17,0.68
1991,3005012,4,8,55432,24.22671814114591,1.5202108890171742
1991,3005012,4,9,94934,23.992686181979057,2.6659734131080537
1991,3005012,4,10,178056,26.72653142831469,1.5732893022419911
1991,3005012,4,11,171560,25.42131131965493,0.8014358242014454
1991,3005012,4,12,121634,31.093631714816578,7.978756597661839
1991,3005012,4,14,231740,25.146544575817728,1.7602618451713128
1991,3005012,4,15,118889,33.71368040777532,4.504296024022407
1991,3005012,4,16,71386,29.712709214691955,4.451576219426779
1991,3005012,4,17,40906,40,0
1991,3005012,4,18,52389,31.861014716829867,2.4724909809311115
1991,3005012,4,19,38794,33.156905707068105,0
1991,3005012,4,20,297611,37.43857854716392,3.828505733995047
1991,3005012,4,21,200002,39.14700752992469,5.603881661183388
1991,3005012,4,22,236573,34.67884948831862,2.81933018560867
1991,3005012,4,23,326367,38.754935793140845,3.7567072038533307
1991,3005012,4,24,332867,35.5188541669796,3.647459736170903
1991,3005012,4,25,130557,36.876165812633566,4.2977646545187165
1991,3005012,4,26,324632,42.149869975849576,3.975255951354149
1991,3005012,4,27,490839,38.67267519492135,4.667467418033205
1991,3005012,4,28,430564,41.9515500599214,4.731846879906355
1991,3005012,4,29,871247,40.426007653397946,3.7926615644013695
1991,3005012,4,30,855185,40.791779638323874,4.40163206791513
1991,3005012,4,31,312073,42.348586997273074,3.3271086893130772
1991,3005012,4,32,581399,42.07739578155449,4.674299353800058
1991,3005012,4,33,507339,41.90696481051132,2.5439222886472357
1991,3005012,4,34,367085,43.90589362136834,3.730517482326982
1991,3005012,4,35,254403,44.956200516503344,1.7648544631942233
1991,3005012,4,36,409352,44.79384979186617,3.2740827454122607
1991,3005012,4,37,100429,47.60098975395553,1.2377460693624351
1991,3005012,4,38,152442,43.42,2.99
1991,3005012,4,39,111057,43.8801993570869,0.28393527647964556
1991,3005012,4,40,57125,49.37687527352298,0
1991,3005012,4,41,23996,43,0
1991,3005012,4,42,78480,43.53096330275229,0
1991,3005012,4,43,56729,44,0
1991,3005012,4,45,42681,42,0
1991,3005012,4,48,95829,50,0
1991,3005012,4,51,5522,53,0
1994,3005012,4,6,8667,30,0
1994,3005012,4,7,6825,27,0
1994,3005012,4,8,10226,28,0
1994,3005012,4,9,8730,26.93470790378007,0
1994,3005012,4,10,98620,36.03783106874873,6.448126140742242
1994,3005012,4,11,132110,30.474630989327075,4.706726213004315
1994,3005012,4,12,147306,30.116179245923455,2.8040477645173993
1994,3005012,4,13,230596,31.526864646394564,5.829265772172978
1994,3005012,4,14,193198,35.56083903560078,6.01085994679034
1994,3005012,4,15,429809,36.6413121177081,4.73643390436217
1994,3005012,4,16,323036,37.061004470090026,3.6461771133867424
1994,3005012,4,17,422330,36.82580162432222,4.7568864631922905
1994,3005012,4,18,398105,36.205410180731214,4.288466459853556
1994,3005012,4,19,315693,36.01275682387636,3.7577068227676897
1994,3005012,4,20,415600,39.06403286814245,3.6431787776708378
1994,3005012,4,21,427020,41.05648786942064,4.257524823193293
1994,3005012,4,22,176393,40.205216987068646,0.4103863531999569
1994,3005012,4,23,198327,39.774338592324796,2.6856394742016976
1994,3005012,4,24,368084,40.11909262559633,6.061176226078829
1994,3005012,4,25,476212,40.41695177777964,3.938722249754311
1994,3005012,4,26,411786,40.5582213576955,2.570779822529178
1994,3005012,4,27,211389,40.91648600447515,4.5553962126695335
1994,3005012,4,28,307589,42.670056926613114,3.2912326188517795
1994,3005012,4,29,237802,42.07691440778463,5.340857940639691
1994,3005012,4,30,493799,40.537671076693144,4.1008618283957645
1994,3005012,4,31,595251,43.177339508879456,4.526812386707457
1994,3005012,4,32,915333,42.110496278403595,3.236448800600437
1994,3005012,4,33,411205,42.32293296530927,3.291960700866964
1994,3005012,4,34,638053,42.65064654503623,3.880157040245873
1994,3005012,4,35,302023,43.50934544720104,2.684622694298116
1994,3005012,4,36,619683,42.07478972313264,3.489717371623879
1994,3005012,4,37,438027,42.40519104986678,3.4098982254518555
1994,3005012,4,38,190487,41.922469617349215,3.8458676445111744
1994,3005012,4,39,318010,41.54354215276249,2.528492563126946
1994,3005012,4,40,94540,45.898856780198855,6.5976749524011
1994,3005012,4,41,246435,45.25129734006939,3.211012477935358
1994,3005012,4,42,78765,41.55127556655875,3.5354652447152923
1994,3005012,4,43,215197,43.35790475703658,0.99
1994,3005012,4,44,61827,42.35999999999999,3
1994,3005012,4,45,22789,48,0
1994,3005012,4,46,49281,45,0
1994,3005012,4,47,64102,43,0
1994,3005012,4,49,18214,54,0
1994,3005012,4,52,1540,55,0
1994,3005012,4,62,7624,56,0
1994,3005012,4,63,8743,62,0
1994,3005012,4,64,27542,49.45,2.84
1994,3005012,4,80,2625,54,0
1994,3005012,4,88,30687,58,0
1994,3005012,4,104,8743,60,0
1997,3005012,4,7,12008,32,0
1997,3005012,4,9,41620,27.19392984142239,1.5989764536280633
1997,3005012,4,10,30770,27.14280142996425,0
1997,3005012,4,11,17807,24.889088560678385,0
1997,3005012,4,12,6594,23,0
1997,3005012,4,13,54092,32.28919618427864,4.316253050358648
1997,3005012,4,14,195236,36.2179391608105,5.554649245016288
1997,3005012,4,15,161335,36.71425233210401,4.446255307279884
1997,3005012,4,16,241279,38.217560293270445,3.6722411399251484
1997,3005012,4,17,126729,38.662064562965064,2.708456785739649
1997,3005012,4,18,144663,39.673090976960246,2.3280946060844863
1997,3005012,4,19,204760,42.68861457315882,3.7131349873022077
1997,3005012,4,20,398824,40.444015831544746,4.343994644254107
1997,3005012,4,21,365986,40.29786461777227,3.2741247479411775
1997,3005012,4,22,206236,41.37919858802536,3.9648645726255363
1997,3005012,4,23,117455,39.50492554595376,1.3243157805116854
1997,3005012,4,24,266632,42.85166000330043,1.8167828692730055
1997,3005012,4,25,304866,42.206923304008974,3.0594158745153615
1997,3005012,4,26,433710,42.752841898964746,3.2786134513845657
1997,3005012,4,27,495427,44.27142479113976,3.782210396284417
1997,3005012,4,28,380740,44.79968337973421,2.74075941587435
1997,3005012,4,29,296259,41.96421111257379,3.876838374530394
1997,3005012,4,30,338091,43.600888074512476,3.0667172447654627
1997,3005012,4,31,308296,42.82498138152944,2.415343630796378
1997,3005012,4,32,328975,43.38265853028346,3.0292398510525116
1997,3005012,4,33,515190,43.61516023214736,2.8441379879267843
1997,3005012,4,34,389120,43.22460423519737,4.307176886307566
1997,3005012,4,35,335666,44.111049197714394,2.997006190677638
1997,3005012,4,36,429994,44.56694739926603,3.168011460625032
1997,3005012,4,37,229545,42.573215752902485,3.8251863904681
1997,3005012,4,38,111260,44.33438234765414,1.9548105338845945
1997,3005012,4,39,285482,44.18371886844004,3.4994657456512144
1997,3005012,4,40,133014,44.75815425443939,2.0064100771347375
1997,3005012,4,41,87032,47.556649393326595,0.7618633376229433
1997,3005012,4,42,182475,43.78335163721058,1.7782583915604877
1997,3005012,4,43,77594,45.94148606851045,1.1342762326984046
1997,3005012,4,44,57966,44.83406652175413,0.6438218955939689
1997,3005012,4,45,144060,47.52251700680273,3.0317151187005416
1997,3005012,4,46,11569,50,0
1997,3005012,4,47,32933,45.95533355600765,0
1997,3005012,4,49,25009,42,0
1997,3005012,4,67,19381,61,0
1997,3005012,4,93,19381,61,0
2000,3005012,4,4,3494,19,0
2000,3005012,4,6,10443,29,0
2000,3005012,4,7,15162,26.509999999999998,3.7
2000,3005012,4,8,12907,29,0
2000,3005012,4,9,13745,33.33,0.94
2000,3005012,4,10,1709,25,0
2000,3005012,4,11,8763,30,0
2000,3005012,4,12,21905,29.25,1.95
2000,3005012,4,13,131878,32.539522664887244,4.966710899467689
2000,3005012,4,14,133656,35.59959455617406,5.18328687077273
2000,3005012,4,15,88785,37.45153043870023,1.3081898969420511
2000,3005012,4,16,291370,37.84462370868655,3.920668703023647
2000,3005012,4,17,201731,38.749922570155306,4.211181623052481
2000,3005012,4,18,205265,37.101823106715706,3.015218960855479
2000,3005012,4,19,275881,40.97044120472232,4.040259314704529
2000,3005012,4,20,343033,41.671405579055076,4.799121571394006
2000,3005012,4,21,377042,42.85397796531951,3.6327670657380344
2000,3005012,4,22,187564,42.02328053357787,3.000043931671323
2000,3005012,4,23,446240,43.08430871280029,2.5408964234492646
2000,3005012,4,24,638933,42.564335869332155,3.410787156086789
2000,3005012,4,25,530504,42.10665849833366,3.550564670577413
2000,3005012,4,26,284788,42.46582243633861,3.0818995182381284
2000,3005012,4,27,495749,43.394883277626384,2.8996623089506985
2000,3005012,4,28,366358,43.801679613929544,2.4776023452469986
2000,3005012,4,29,405113,44.83931036525611,2.6375721588791277
2000,3005012,4,30,696796,45.340869608895574,2.4896379858667386
2000,3005012,4,31,439915,44.948269188365934,2.7762534807860613
2000,3005012,4,32,614534,45.264200190713616,3.3265522493466593
2000,3005012,4,33,382435,45.12685204021599,3.4004720540745486
2000,3005012,4,34,259219,45.7397054228278,3.36345773265077
2000,3005012,4,35,441003,45.596540998587315,3.219588279444811
2000,3005012,4,36,148778,45.12189786124292,1.4858222317815803
2000,3005012,4,37,292769,45.747954769801446,3.296264461059743
2000,3005012,4,38,230507,45.85529667211841,3.19095415757439
2000,3005012,4,39,325366,44.73705092111653,2.8468339039727573
2000,3005012,4,40,396722,44.97152938329611,2.503005984039201
2000,3005012,4,41,194709,44.87220636950526,1.9665434571591454
2000,3005012,4,42,202753,46.67651556327156,2.0213616567942276
2000,3005012,4,43,123636,45.28460513119157,0.8161145621016531
2000,3005012,4,44,209189,43.91213194766455,2.759279216402392
2000,3005012,4,45,200352,46.21207484826706,3.3542588045040724
2000,3005012,4,46,222453,45.8873142641367,3.1494883413575003
2000,3005012,4,47,19966,52.97812080536914,4.423432835820895
2000,3005012,4,48,47112,49.015280183392775,0.9953727288164375
2000,3005012,4,49,43713,41.07813053325098,0.027226683137739346
2000,3005012,4,53,38058,47.61661148772926,1.819998423458931
2000,3005012,4,60,11163,52,0
2000,3005012,4,63,9136,63,0
2002,3005012,4,2,7493,12,0
2002,3005012,4,3,32876,13.918772356734396,1.5482303199902665
2002,3005012,4,4,109571,16.79397586952752,2.072640844749067
2002,3005012,4,5,35924,20.94,2.2
2002,3005012,4,6,33391,29.65,2.7
2002,3005012,4,7,29577,28.58345674003449,2.611320282652061
2002,3005012,4,8,92339,35.97837836667064,1.7437616824960203
2002,3005012,4,9,43776,36.302878974780704,1.0061540570175438
2002,3005012,4,10,12315,37,0
2002,3005012,4,11,11584,32.07,1.94
2002,3005012,4,12,18398,34.11849114034134,0
2002,3005012,4,13,30024,44,0
2002,3005012,4,14,23552,34,0
2002,3005012,4,15,99244,37.156164604409334,4.19802355809923
2002,3005012,4,16,86010,38.523483897221254,1.8666967794442506
2002,3005012,4,17,57585,36.48,4.86
2002,3005012,4,18,145946,38.5069869677826,3.7564162087347377
2002,3005012,4,19,211123,37.809097019273125,2.8484136261799993
2002,3005012,4,20,242799,40.96457291833986,3.6682057998591424
2002,3005012,4,21,324684,40.5179272153848,4.924676485444309
2002,3005012,4,22,290716,42.74597875589922,4.5594331237358805
2002,3005012,4,23,330619,41.41272715724142,3.9080822033821407
2002,3005012,4,24,343741,44.09425247497389,3.3572929327604215
2002,3005012,4,25,151466,42.16948912627256,2.4397875430789746
2002,3005012,4,26,243587,40.57325674194436,3.871532388838485
2002,3005012,4,27,276684,42.65929088779979,2.5433790172181983
2002,3005012,4,28,243355,42.98552480943478,3.236552033038154
2002,3005012,4,29,227901,44.3298108827956,1.831123996823182
2002,3005012,4,30,308026,45.52190204722977,2.5020996279534846
2002,3005012,4,31,248618,45.29637862101698,3.0557000699868877
2002,3005012,4,32,441301,45.52110711283228,2.4820317198465447
2002,3005012,4,33,258619,46.05820218158759,2.2600542496877645
2002,3005012,4,34,364673,43.5447112344484,2.7206230239145754
2002,3005012,4,35,253198,45.673483953269766,3.501605976350524
2002,3005012,4,36,166208,44.8075907296881,2.6854315676742395
2002,3005012,4,37,174472,45.37331703654455,2.5764194254665505
2002,3005012,4,38,205972,46.148241799856294,2.633460276154041
2002,3005012,4,39,124356,45.33849834346553,0.8593401202997845
2002,3005012,4,40,230829,44.82521563581699,3.132012225500262
2002,3005012,4,41,276460,45.13496860305288,2.7066415032916153
2002,3005012,4,42,238621,45.954813029867445,1.3323091848579967
2002,3005012,4,43,100500,45.10910407960199,1.3593560199004975
2002,3005012,4,44,125445,45.52354266810156,2.7135190721033124
2002,3005012,4,45,62139,43.618881056985146,1.2971169474886948
2002,3005012,4,46,35894,47.35415389758734,0
2002,3005012,4,47,91561,48.17900372429309,0.26291172005548213
2002,3005012,4,48,56266,47.97536700671809,0
2002,3005012,4,49,77950,45.437450160359205,0.6887384220654265
2002,3005012,4,50,23818,49.95927449827861,0
2002,3005012,4,51,17198,53,0
2002,3005012,4,52,72834,49.74352664964165,1.8118601202734985
2002,3005012,4,59,16269,57,0
2002,3005012,4,62,18314,49,0
2002,3005012,4,68,9502,52,0
2002,3005012,4,104,9552,57,0
2002,3005012,4,114,8132,51,0
2004,3005012,4,3,7289,15.549183701467966,0
2004,3005012,4,4,124979,17.593779594971956,0.9643691340145144
2004,3005012,4,5,76987,18.437023783236132,1.2349965578604178
2004,3005012,4,6,188361,20.014839483757253,3.864327275816119
2004,3005012,4,7,72316,19.755464350904365,2.788135682283312
2004,3005012,4,8,63325,24.196911962100277,5.220483379392025
2004,3005012,4,9,61259,34.97968625018364,6.1777175598687535
2004,3005012,4,10,91042,36.122610223852725,6.3764878847125495
2004,3005012,4,11,42840,39.1543954248366,2.316608309990663
2004,3005012,4,12,31502,34.80681258332804,0.16497523966732272
2004,3005012,4,13,78099,41.82779856336188,2.291781969039296
2004,3005012,4,14,44330,37.924655989172116,0
2004,3005012,4,16,75278,35.78195382449056,1.6943999574909003
2004,3005012,4,17,190061,39.70140660103861,4.311891234919315
2004,3005012,4,18,118822,35.58400582383734,2.515242295197859
2004,3005012,4,19,168018,40.86736552036091,4.702444261924318
2004,3005012,4,20,295445,39.66668608370424,4.95525346511195
2004,3005012,4,21,358317,42.27922582517714,3.9388020384184954
2004,3005012,4,22,709547,42.011110299951945,3.931036182240218
2004,3005012,4,23,416465,43.37147986025236,3.613932287227018
2004,3005012,4,24,630593,44.20408247474996,3.487663532579651
2004,3005012,4,25,480763,42.34039768035394,3.6070108348604193
2004,3005012,4,26,421536,42.47117814374098,3.7437129687618613
2004,3005012,4,27,452915,44.01265484693596,4.083713986068026
2004,3005012,4,28,628357,43.643896558803355,2.7406909447973047
2004,3005012,4,29,394417,44.1076217049468,3.322467667468694
2004,3005012,4,30,411805,43.07375029443548,2.6629910273066137
2004,3005012,4,31,309000,44.832013074433654,2.4607899999999994
2004,3005012,4,32,334081,43.859852041870084,3.3547267279492097
2004,3005012,4,33,292310,44.006194519516946,2.491548629879238
2004,3005012,4,34,423356,45.89253987188087,3.5710908313570613
2004,3005012,4,35,397955,45.891793770652455,2.8261254161902727
2004,3005012,4,36,118707,44.87999393464581,2.4810215909761006
2004,3005012,4,37,375047,45.958138473311344,2.3297892797436055
2004,3005012,4,38,293580,47.92820396484775,2.4269705020777983
2004,3005012,4,39,109542,46.74,0.76
2004,3005012,4,40,134779,47.13262095727079,2.759065581433309
2004,3005012,4,41,222103,45.16057203189511,2.1265541663102256
2004,3005012,4,42,170966,47.811544049694085,0.7614657885193548
2004,3005012,4,43,67505,45.36769128212725,0
2004,3005012,4,44,82849,48.77906818428707,6.792740527948436
2004,3005012,4,45,136672,44.96122241571061,2.8690965230625145
2004,3005012,4,46,65434,50.319015955008105,0.3255264847021426
2004,3005012,4,47,71016,48.0765990762645,3.6154072321730317
2004,3005012,4,48,193251,44.53999999999999,0.84
2004,3005012,4,49,54110,48.75755498059508,0.8619275549805951
2004,3005012,4,51,24649,49,0
2004,3005012,4,54,24649,49,0
2004,3005012,4,55,38697,47,0
2004,3005012,4,56,5126,61,0
2004,3005012,4,58,57428,49.86377725151494,2.0983676952009476
2004,3005012,4,59,13567,56,0
2004,3005012,4,60,60690,48.75,0.97
2004,3005012,4,62,53605,48.112433541647235,0
2004,3005012,4,64,22833,50,0
2004,3005012,4,67,9452,56,0
2004,3005012,4,79,14908,51,0
2004,3005012,4,106,5126,62,0
2004,3005012,4,121,9112,63,0
2006,3005012,4,3,12043,12.550527277256498,0
2006,3005012,4,4,37097,15.45439658193385,0.9710982020109443
2006,3005012,4,5,51256,22.104394412361476,3.143840330888091
2006,3005012,4,6,77347,23.18929215095608,1.3153539245219594
2006,3005012,4,7,191277,25.04757634216346,4.994930598033219
2006,3005012,4,8,223938,26.275390241941967,5.016402486402487
2006,3005012,4,9,66853,27.2764423436495,7.2681676214979145
2006,3005012,4,10,74099,35.9898674745948,6.033211244416255
2006,3005012,4,11,152026,39.64519878178733,6.4951309644402935
2006,3005012,4,12,21488,45,0
2006,3005012,4,13,71505,42.96089951751626,0.9608995175162576
2006,3005012,4,14,80497,45.54,0.5
2006,3005012,4,15,15406,34,0
2006,3005012,4,16,33851,39.41,5.19
2006,3005012,4,17,40020,41.68,0.4699999999999999
2006,3005012,4,18,89256,38.16291117683965,3.3641552388634937
2006,3005012,4,19,61384,40.79526228333116,1.0828843020982666
2006,3005012,4,20,174174,42.262797776935706,5.596702033598585
2006,3005012,4,21,321202,42.72935884583533,4.596731029072047
2006,3005012,4,22,195277,43.00891461872109,3.5784272085294226
2006,3005012,4,23,219491,42.34605528244894,3.41511428714617
2006,3005012,4,24,325639,44.7982983917774,2.8993049972515577
2006,3005012,4,25,403680,42.15285889813713,3.983524970273484
2006,3005012,4,26,168979,44.57537155504531,2.478596689529468
2006,3005012,4,27,217086,43.59838441907815,3.488384419078153
2006,3005012,4,28,233333,43.456960781372544,3.3930508757869653
2006,3005012,4,29,195448,44.115182708444195,2.4101701731406817
2006,3005012,4,30,299484,44.889381335897745,3.285129322434588
2006,3005012,4,31,218682,44.078761855113825,2.768427305402365
2006,3005012,4,32,172762,46.826906379875204,3.181821118069946
2006,3005012,4,33,297433,46.1096019271567,2.626990683616142
2006,3005012,4,34,154971,47.69977363506721,3.3557188119067436
2006,3005012,4,35,217135,45.589142607133816,2.2354895802150736
2006,3005012,4,36,143272,45.289951421073205,3.522581453459154
2006,3005012,4,37,307481,46.112733664844335,2.8396777036629905
2006,3005012,4,38,115016,47.28811200180844,3.564480854837588
2006,3005012,4,39,103274,43.79999999999999,1.84
2006,3005012,4,40,148023,45.96932632090959,2.384952270930869
2006,3005012,4,41,133946,47.14109327639496,2.582685559852478
2006,3005012,4,42,165305,45.31003720395633,1.6109837572971173
2006,3005012,4,43,58671,47.96735252509758,2.5177731758449657
2006,3005012,4,44,102236,45.85044778747212,0.39368226456434136
2006,3005012,4,45,173383,46.69425087811377,2.5493197141588277
2006,3005012,4,46,3790,56,0
2006,3005012,4,47,77039,46.67774062487831,2.2551916561741456
2006,3005012,4,48,25304,47.11472494467278,0
2006,3005012,4,49,34225,50.168753834916,1.5027383491599706
2006,3005012,4,50,25786,51.44748778406887,0.5726479484991857
2006,3005012,4,51,11632,57,0
2006,3005012,4,53,29219,47,0
2006,3005012,4,56,3304,54,0
2006,3005012,4,57,9254,52,0
2006,3005012,4,58,27108,42,0
2006,3005012,4,78,16532,49,0
2006,3005012,4,85,7165,55,0
2006,3005012,4,97,17548,54,0
2006,3005012,4,116,8514,60,0
2010,3005012,4,3,15009,14.867980545006331,0.5354120860816843
2010,3005012,4,4,72444,18.799021174976534,2.3072749986196235
2010,3005012,4,5,39995,18.18170621327666,2.068088511063883
2010,3005012,4,6,32448,19.1518820882643,0.2581228427021696
2010,3005012,4,7,150278,21.751759272814382,2.109889138796098
2010,3005012,4,8,301241,22.96909182349016,3.269440348425347
2010,3005012,4,9,230343,24.317332803688416,2.529556096777415
2010,3005012,4,10,265933,28.977624928083387,4.835878849183817
2010,3005012,4,11,454880,29.226814632430536,4.266456208230743
2010,3005012,4,12,445654,30.295940348341986,4.929927567126066
2010,3005012,4,13,238390,35.72725659633374,6.379408616133227
2010,3005012,4,14,95974,29.86250526184175,3.4360822722820763
2010,3005012,4,15,87117,35.35173731877819,6.797495781535176
2010,3005012,4,16,79788,38.57,2.96
2010,3005012,4,17,35188,37.537614527679885,4.431247016028191
2010,3005012,4,18,55929,41.027948291583975,2.824997407427274
2010,3005012,4,19,157406,38.98123959696581,3.362756565823412
2010,3005012,4,20,37602,41.9191000478698,0
2010,3005012,4,21,48986,44.185400318458335,0.5363732494998571
2010,3005012,4,22,161533,42.13469235388435,3.0577758724223534
2010,3005012,4,23,289487,40.59154493984186,3.3266563610801176
2010,3005012,4,24,127462,39.25615038207466,2.4332861558739074
2010,3005012,4,25,208929,42.763091768016885,3.9728943325244463
2010,3005012,4,26,477047,41.77732215064763,3.61235664410425
2010,3005012,4,27,269991,44.03558733439263,4.616150019815475
2010,3005012,4,28,481855,43.183749136150915,3.5462511128866567
2010,3005012,4,29,244601,44.6437015384238,1.9936533374761345
2010,3005012,4,30,335597,46.18110284060942,4.162603449971245
2010,3005012,4,31,91436,45.46,1.9499999999999997
2010,3005012,4,32,250391,44.01895683151552,2.189035428589686
2010,3005012,4,33,248902,42.539217443009704,2.5088354452756505
2010,3005012,4,34,177635,45.972915810510315,3.416938384890365
2010,3005012,4,35,136163,45.202469760507626,2.626675528594405
2010,3005012,4,36,192081,46.04168533066779,2.925000702828494
2010,3005012,4,37,71470,46.49773303483979,1.9595427452077794
2010,3005012,4,38,7576,51,0
2010,3005012,4,39,95850,46.701981011997916,2.389099008868023
2010,3005012,4,40,109784,47.956706077388326,1.3259440355607375
2010,3005012,4,41,155520,45.03048070987654,2.1375434027777778
2010,3005012,4,42,55175,43.17339084730403,1.528155867693702
2010,3005012,4,43,90657,45.8362955976924,2.952487066635781
2010,3005012,4,44,50163,47,0
2010,3005012,4,45,61417,44.24468257974176,3.6290782682319223
2010,3005012,4,46,46764,50.06241211188094,1.5929248994953384
2010,3005012,4,47,58367,48.192199187897266,3.4958658145870096
2010,3005012,4,48,33826,48.87,1.36
2010,3005012,4,49,27532,40.830000000000005,3.19
2010,3005012,4,50,42355,43,0
2010,3005012,4,51,28624,47.86,7.2
2010,3005012,4,52,22039,47,0
2010,3005012,4,53,24730,45,0
2010,3005012,4,54,32992,47.33,0.47
2010,3005012,4,55,48360,49.04342431761786,0
2010,3005012,4,56,22175,41,0
2010,3005012,4,57,23966,48,0
2010,3005012,4,60,13545,56,0
2010,3005012,4,64,49360,46.96961102106969,0
2010,3005012,4,66,35188,43,0
2010,3005012,4,68,26069,43.24059227434884,0
2010,3005012,4,70,22039,47,0
2010,3005012,4,71,2347,54,0
2010,3005012,4,83,10349,53,0
2010,3005012,4,89,10349,53,0
2010,3005012,4,103,2347,54,0
2012,3005012,4,4,5888,19.45,0.84
2012,3005012,4,5,40006,20.173505474178874,4.683217517372394
2012,3005012,4,6,137000,19.31846306569343,3.208575766423358
2012,3005012,4,7,89085,26.46479182802941,2.7554242577313803
2012,3005012,4,8,118167,26.692548173347888,3.36751605778263
2012,3005012,4,9,282979,29.84737178377194,5.6122373038281985
2012,3005012,4,10,323074,29.8890129196407,6.992174919677844
2012,3005012,4,11,222817,31.279314594487854,4.76047801559127
2012,3005012,4,12,324133,36.12883276309416,6.3900960408227485
2012,3005012,4,13,478460,35.209465827864406,5.228198804497763
2012,3005012,4,14,340513,34.80526599571822,5.3966484686340905
2012,3005012,4,15,179188,35.13905886554903,3.6670004687813913
2012,3005012,4,16,109572,37.76001441974228,4.06171467163144
2012,3005012,4,17,230612,41.31661340259831,2.3661100029486755
2012,3005012,4,18,133318,42.10447951514424,4.52966613660571
2012,3005012,4,19,46591,42.55369062694512,0
2012,3005012,4,20,208058,40.23602356073787,3.870885426179238
2012,3005012,4,21,184804,44.603858790935256,2.561762948853921
2012,3005012,4,22,173746,43.51048611191049,3.6572966284115895
2012,3005012,4,23,229268,45.50841622031858,2.9045797930805866
2012,3005012,4,24,353159,44.41100204157334,2.4417095415945793
2012,3005012,4,25,247636,42.72726885428612,4.543621040559531
2012,3005012,4,26,211320,43.95295059625213,3.202727616884346
2012,3005012,4,27,290587,45.25336893942262,3.263818615423264
2012,3005012,4,28,353247,44.76653672925743,3.8459531715768285
2012,3005012,4,29,465321,45.66665248290965,2.0541066489584607
2012,3005012,4,30,686469,45.756757435514196,3.467007526924013
2012,3005012,4,31,438282,46.87629665375261,3.2671038737616422
2012,3005012,4,32,432448,46.90835739788368,2.926154682181441
2012,3005012,4,33,420377,44.41136627360679,3.551447557787415
2012,3005012,4,34,77323,46.422526285839915,0
2012,3005012,4,35,99576,47.058761147264406,3.09242267212983
2012,3005012,4,36,334694,47.60747721799614,3.278358082308019
2012,3005012,4,37,163375,46.765547605202755,1.8376107727620508
2012,3005012,4,38,161174,48.162169084343624,0.8986540012657128
2012,3005012,4,39,114143,44.19742305704248,4.486871731074179
2012,3005012,4,40,47942,50.07304659797255,0
2012,3005012,4,41,75236,46.388909564570156,0
2012,3005012,4,42,127405,50.11,0.77
2012,3005012,4,43,42121,48.83200778708957,0
2012,3005012,4,44,29260,47,0
2012,3005012,4,45,257266,48.866869582455514,2.4554874332403034
2012,3005012,4,46,9480,52,0
2012,3005012,4,47,42781,46.71,4.13
2012,3005012,4,48,45976,46,0
2012,3005012,4,51,4578,53,0
2012,3005012,4,52,56976,45.53568765796125,2.1339269165964616
2012,3005012,4,53,31685,58.767240018936405,0
2012,3005012,4,54,31574,49,0
2012,3005012,4,55,12861,53,0
2012,3005012,4,56,22866,51,0
2012,3005012,4,79,14527,52,0
2014,3005012,4,3,41527,11.929803742143665,0.7981325402750019
2014,3005012,4,4,52523,15.192897778116254,2.3457563353197646
2014,3005012,4,5,136768,20.549485186593355,3.386760791998128
2014,3005012,4,6,114474,20.618641962367,2.1968723028810038
2014,3005012,4,7,117041,20.81253842670517,3.7438477969258637
2014,3005012,4,8,151832,20.930127245903368,2.9472880552189262
2014,3005012,4,9,111968,21.459092240640185,1.6661156759074023
2014,3005012,4,10,111609,26.986396258366263,4.147918716232562
2014,3005012,4,11,439963,28.081855269647672,4.152504642435842
2014,3005012,4,12,454676,28.40651419912201,4.535219035093121
2014,3005012,4,13,468060,31.551213754646838,5.430267657992565
2014,3005012,4,14,328378,32.52211311354598,6.443468198234961
2014,3005012,4,15,430231,34.287671669405505,3.374426552247513
2014,3005012,4,16,472059,34.55708311884744,4.848556303343439
2014,3005012,4,17,277220,35.94958213693096,3.9982211961618925
2014,3005012,4,18,92140,39.81540080312568,4.459628500108531
2014,3005012,4,19,107895,37.1526586959544,5.97628258955466
2014,3005012,4,20,15011,33,0
2014,3005012,4,21,20186,34.54,3.96
2014,3005012,4,22,20873,40.07301298327984,0.6662434724284961
2014,3005012,4,23,30512,45.60954378605139,1.4480073413738856
2014,3005012,4,24,37768,38.73253018428299,5.217120313492904
2014,3005012,4,25,47448,42.3926593323217,3.440257966616085
2014,3005012,4,26,87019,45.89510451740425,3.2167736931015063
2014,3005012,4,27,35971,45.41594200884045,1.3532109199077034
2014,3005012,4,28,94898,44.09668760142469,4.930793167400789
2014,3005012,4,29,69805,45.497736695079155,1.2667397750877443
2014,3005012,4,30,138198,45.72421062533466,3.4297371886713264
2014,3005012,4,31,75819,47.80159590603939,1.8448146243026153
2014,3005012,4,32,96661,41.81535283102803,1.998907935982454
2014,3005012,4,33,93766,45.217162297634545,2.3002222554017444
2014,3005012,4,34,67772,46.25648350351178,2.0762114147435518
2014,3005012,4,35,90868,45.746954703525994,2.2308992164458332
2014,3005012,4,36,39211,45.95960317257912,0.7325750427176048
2014,3005012,4,37,35765,47.33234447085139,0.3073521599328953
2014,3005012,4,38,85669,47.95047403378118,2.32772041228449
2014,3005012,4,39,39391,47.64,3.7200000000000006
2014,3005012,4,40,41324,46.908917820152936,1.1669335011131545
2014,3005012,4,41,41980,47.62661981896141,1.2295795616960457
2014,3005012,4,42,66206,47.7352632691901,1.8784098117995347
2014,3005012,4,43,31308,48.24,1.99
2014,3005012,4,44,40142,44.14510487768422,2.356699716008171
2014,3005012,4,45,31878,49,0
2014,3005012,4,46,29229,48.644462691162886,0
2014,3005012,4,47,73405,47.93561882705537,2.8501555752332948
2014,3005012,4,49,25081,45.437183525377776,0
2014,3005012,4,50,17996,45,0
2014,3005012,4,52,14955,48,0
2014,3005012,4,53,28882,51.34,0.94
2014,3005012,4,58,2644,56,0
2014,3005012,4,59,12363,53,0
2014,3005012,4,63,1077,54,0
2016,3005012,4,3,45178,17.1692965602727,1.395612023551286
2016,3005012,4,4,94274,21.202040859621953,1.1784899335978105
2016,3005012,4,5,150144,24.380002797314578,5.479810581841432
2016,3005012,4,6,265581,21.81491266317997,4.5185636773715
2016,3005012,4,7,54361,25.336010559040492,0.7869242655580287
2016,3005012,4,8,555294,27.279165577153726,2.585750035116533
2016,3005012,4,9,167478,30.248775003284013,3.1219620487467012
2016,3005012,4,10,118461,34.25,4.03
2016,3005012,4,11,701455,33.232138483580556,4.089545587386218
2016,3005012,4,12,607030,32.42911935159712,4.18655219676128
2016,3005012,4,13,1360920,32.86102621755871,5.275084501660642
2016,3005012,4,14,809386,33.3322452328061,4.126136874124336
2016,3005012,4,15,919747,36.269942853850026,3.607111151218759
2016,3005012,4,16,1251316,36.62672843630226,4.824301135764267
2016,3005012,4,17,1114481,37.198187811187445,4.674080275931129
2016,3005012,4,18,455710,35.06720524017467,3.2530655021834063
2016,3005012,4,19,293187,35.55593863302261,2.8184007476457005
2016,3005012,4,20,443469,39.48256780068054,2.5625600436558136
2016,3005012,4,21,160245,35.87399862710225,1.7172098973446908
2016,3005012,4,22,126671,41.55955869930766,5.006597169044217
2016,3005012,4,23,39275,38.75,2.73
2016,3005012,4,24,18028,45,0
2016,3005012,4,25,193468,47.000295656129175,2.9482587301259127
2016,3005012,4,26,167856,47.312177580783526,5.147179010580498
2016,3005012,4,27,246528,41.940995221638104,2.8880290676921074
2016,3005012,4,28,230412,41.88035362741523,3.5802521136051944
2016,3005012,4,29,62875,45.94980071570576,0.32924882703777336
2016,3005012,4,30,61924,48.10141786706286,0.9871339060784187
2016,3005012,4,31,13532,44.7,3.98
2016,3005012,4,32,34400,46.43,1.5
2016,3005012,4,33,230847,46.10526807799105,1.6146915056292697
2016,3005012,4,34,46517,42,0
2016,3005012,4,35,268737,44.9165783275098,1.610530890796578
2016,3005012,4,37,27358,49,0
2016,3005012,4,38,62236,46.083678899672215,0.7386175204061958
2016,3005012,4,39,87254,47.76,1.7699999999999998
2016,3005012,4,40,60848,49.850578490665264,0
2016,3005012,4,42,27358,49,0
2016,3005012,4,43,9747,65,0
2016,3005012,4,45,36343,48.52763943537958,0
2016,3005012,4,46,10258,51,0
2016,3005012,4,47,16372,48,0
2016,3005012,4,53,27208,49.31,2.2
2016,3005012,4,54,19152,56,0
2016,3005012,4,55,15992,50,0
2016,3005012,4,78,10258,51,0
2016,3005012,4,105,19410,50,0
2018,3005012,4,3,34031,14,0
2018,3005012,4,4,195659,19.738156179884392,0.5771614901435662
2018,3005012,4,5,40823,23.531401415868505,0.22698968718614507
2018,3005012,4,6,141392,21.024858690732152,4.030250579947946
2018,3005012,4,7,561031,30.12109847762423,5.1447636939848245
2018,3005012,4,8,961154,25.13551412156637,3.204438331422436
2018,3005012,4,9,369921,23.10729309771546,2.192439034280292
2018,3005012,4,10,225842,29.92,5.25
2018,3005012,4,11,429067,31.00001915784714,4.268337975188024
2018,3005012,4,12,767274,31.401632949897955,1.9908083422610439
2018,3005012,4,13,418101,30.87974549211793,4.025344665523402
2018,3005012,4,14,1030882,34.11887711687662,2.9121590055893884
2018,3005012,4,15,1505823,35.48694958836464,3.735541627402424
2018,3005012,4,16,1356763,35.8638748845598,3.975057965171515
2018,3005012,4,17,938553,36.49004558080364,3.7175267246495407
2018,3005012,4,18,1100916,38.008529179337934,3.4377155750302477
2018,3005012,4,19,801516,39.1204358241133,4.073647837348225
2018,3005012,4,20,894617,37.03691708295281,3.8549407735377264
2018,3005012,4,21,294348,39.09168008615652,2.994049220650387
2018,3005012,4,22,338395,42.713877362254166,0.8900057329452267
2018,3005012,4,23,186297,41.167331733736994,4.444264964009083
2018,3005012,4,24,72267,45.1383671662031,0.24249546819433487
2018,3005012,4,25,18420,46,0
2018,3005012,4,28,157140,43.71,4.63
2018,3005012,4,31,23010,51.80596957844415,1.5506153846153847
2018,3005012,4,33,56056,42,0
2018,3005012,4,34,30726,47.353706958276376,0
2018,3005012,4,35,34227,44,0
2018,3005012,4,36,13328,43,0
2018,3005012,4,37,58893,43.02,4.28
2018,3005012,4,38,35769,42.21535407755319,0
2018,3005012,4,39,70080,46.3,6.45
2018,3005012,4,41,71094,50.243930570793594,0
2018,3005012,4,42,2852,51,0
2018,3005012,4,43,34227,44,0
2018,3005012,4,44,44728,52.19,3.9200000000000004
2018,3005012,4,45,174940,44.93718852177889,5.172811478221104
2018,3005012,4,46,1324,60,0
2018,3005012,4,49,13660,50,0
2018,3005012,4,50,15008,55.24473347547974,4.581104744136461
2018,3005012,4,53,3972,59,0
2018,3005012,4,55,7966,65,0
2018,3005012,4,61,5318,61.5,0.8599999999999999
2018,3005012,4,80,5434,49,0
2018,3005012,4,87,1324,60,0
