year,region,species_code,sex,bias
1991,ai,10110,0,1.4224085218130723e-18
1991,ai,10110,1,-2.191472476300488e-19
1991,ai,10110,2,5.946431915247421e-19
1991,ai,10110,3,0
1991,ai,10110,4,-1.511410192688748e-18
1991,ai,10110,12,4.369576602032123e-6
1991,ai,10112,0,-5.481244316454494e-19
1991,ai,10112,1,-4.0913289527754885e-19
1991,ai,10112,2,-5.741690378233094e-19
1991,ai,10112,4,4.457275597995962e-19
1991,ai,10112,12,-3.9607201314898544e-5
1991,ai,21720,0,3.7918544400874617e-19
1991,ai,21720,1,-6.866613759074861e-20
1991,ai,21720,2,1.1298527902743677e-19
1991,ai,21720,4,4.8361123220077106e-20
1991,ai,21720,12,-9.15332891790477e-7
1991,ai,21740,0,-6.3737332938466875e-19
1991,ai,21740,1,4.487118536582054e-19
1991,ai,21740,2,1.1621292036329e-18
1991,ai,21740,3,3.60743631936086e-18
1991,ai,21740,4,1.1044298249572489e-18
1991,ai,21740,12,-2.206811844376755e-6
1991,ai,21921,0,-2.854501032246992e-18
1991,ai,21921,1,1.8068841674448176e-18
1991,ai,21921,2,1.669501939038226e-18
1991,ai,21921,4,2.2160499482540633e-18
1991,ai,21921,12,-1.7266737787856464e-6
1991,ai,30060,0,-1.3238711778781176e-18
1991,ai,30060,1,-4.0986983169916424e-19
1991,ai,30060,2,-8.286211258218779e-19
1991,ai,30060,3,4.816955366328456e-18
1991,ai,30060,4,-1.0750707441272996e-18
1991,ai,30060,12,-1.2569434831260189e-6
1991,ai,30420,0,1.2303153558868712e-18
1991,ai,30420,1,1.1366635679283515e-20
1991,ai,30420,2,-2.355079477088473e-18
1991,ai,30420,4,2.1277467635028025e-18
1991,ai,30420,12,-5.724829333713637e-6
1991,cai,10110,0,1.607447568771987e-18
1991,cai,10110,1,4.2195976442679094e-19
1991,cai,10110,2,-1.1082955540962933e-18
1991,cai,10110,4,1.1077717849308415e-18
1991,cai,10110,12,-9.461639655439599e-5
1991,cai,10112,0,-6.15547039862738e-19
1991,cai,10112,1,-1.6457632977215861e-18
1991,cai,10112,2,-1.13545536609391e-18
1991,cai,10112,4,-7.134749780227191e-19
1991,cai,10112,12,-1.2131364640638666e-4
1991,cai,21720,0,4.48178921300694e-19
1991,cai,21720,1,4.283267841918042e-19
1991,cai,21720,2,3.368771035937103e-19
1991,cai,21720,4,2.4520618900980304e-19
1991,cai,21720,12,-1.0352616169005887e-5
1991,cai,21740,0,1.112733808603544e-19
1991,cai,21740,1,-1.3022210876048721e-18
1991,cai,21740,2,1.167453410729927e-18
1991,cai,21740,3,-4.956352788505163e-18
1991,cai,21740,4,-1.8212694388681939e-19
1991,cai,21740,12,-6.342933847541499e-6
1991,cai,21921,0,2.259758416911917e-18
1991,cai,21921,1,3.0086610286472748e-18
1991,cai,21921,2,-4.738365050121834e-19
1991,cai,21921,4,-1.4315484240410457e-18
1991,cai,21921,12,-8.376394260505742e-6
1991,cai,30060,0,1.9402701378438505e-18
1991,cai,30060,1,-3.4728350837426314e-18
1991,cai,30060,2,5.421010862427522e-19
1991,cai,30060,3,-1.214306433183765e-17
1991,cai,30060,4,1.9154238380577246e-18
1991,cai,30060,12,-2.2511024610310385e-6
1991,cai,30420,0,3.247766329186489e-19
1991,cai,30420,1,2.9634859381270453e-18
1991,cai,30420,2,-1.6490715043504523e-18
1991,cai,30420,4,1.1655173354219173e-18
1991,cai,30420,12,-6.322053205535296e-5
1991,eai,10110,0,-9.01780854575245e-19
1991,eai,10110,1,8.83228111244289e-19
1991,eai,10110,2,-2.3749190444920576e-19
1991,eai,10110,4,-1.1289470240483983e-18
1991,eai,10110,12,-1.9689712398521946e-5
1991,eai,10112,0,2.0850041778567394e-19
1991,eai,10112,1,-1.6077924899297237e-18
1991,eai,10112,2,-1.858632295689436e-18
1991,eai,10112,4,-9.75781955236954e-19
1991,eai,10112,12,-1.5844704602806708e-4
1991,eai,21720,0,-8.347050460460691e-19
1991,eai,21720,1,-5.805609606045691e-19
1991,eai,21720,2,-1.8538518628301527e-19
1991,eai,21720,4,7.169776715939533e-19
1991,eai,21720,12,-5.408132740265248e-6
1991,eai,21740,0,-1.1826428015554951e-18
1991,eai,21740,1,2.62734219639243e-18
1991,eai,21740,2,9.947554932554504e-19
1991,eai,21740,3,9.637352644315594e-20
1991,eai,21740,4,3.174987498289937e-19
1991,eai,21740,12,-4.333950612924299e-6
1991,eai,21921,0,9.651335410428998e-19
1991,eai,21921,1,-8.146916892682271e-19
1991,eai,21921,2,-5.934070819050127e-19
1991,eai,21921,4,-2.5943409127331713e-19
1991,eai,21921,12,-4.45543383999517e-6
1991,eai,30060,0,-6.335806445462167e-19
1991,eai,30060,1,-1.780275025584705e-18
1991,eai,30060,2,1.3596481298196596e-18
1991,eai,30060,3,-5.724587470723463e-18
1991,eai,30060,4,1.2058361037112219e-18
1991,eai,30060,12,-1.4943520311389551e-6
1991,eai,30420,0,-2.730583249222752e-19
1991,eai,30420,1,-1.2510025067140436e-18
1991,eai,30420,2,-3.552052831762033e-18
1991,eai,30420,4,9.316107556171743e-19
1991,eai,30420,12,-9.855127352363653e-5
1991,sbs,10110,0,8.269338603703e-21
1991,sbs,10110,1,1.5372437945598045e-18
1991,sbs,10110,2,-2.4200941350122868e-19
1991,sbs,10110,3,0
1991,sbs,10110,4,-4.391937613966704e-19
1991,sbs,10110,12,-7.753044994056353e-6
1991,sbs,10112,0,2.441462669893284e-18
1991,sbs,10112,1,1.5419764230904953e-17
1991,sbs,10112,2,4.0172543654199745e-18
1991,sbs,10112,4,1.1564823173178713e-18
1991,sbs,10112,12,1.654415441259741e-4
1991,sbs,21720,0,-5.612729539269471e-19
1991,sbs,21720,1,-3.298417876857309e-19
1991,sbs,21720,2,4.58384209633112e-19
1991,sbs,21720,4,7.384474552843344e-19
1991,sbs,21720,12,-2.603952938401212e-5
1991,sbs,21740,0,-1.2877278434608535e-18
1991,sbs,21740,1,-9.227252531791527e-19
1991,sbs,21740,2,-9.107298248878238e-19
1991,sbs,21740,3,0
1991,sbs,21740,4,-9.967051550568497e-19
1991,sbs,21740,12,-2.6908173565169355e-5
1991,sbs,30060,0,3.2176322538279487e-19
1991,sbs,30060,1,-2.220446049250313e-18
1991,sbs,30060,2,7.870504659524403e-19
1991,sbs,30060,4,-1.1086841570254998e-18
1991,sbs,30060,12,-5.9796740397254724e-5
1991,sbs,30420,0,8.994862468027888e-19
1991,sbs,30420,1,1.9232803755395036e-18
1991,sbs,30420,2,-3.302646617725075e-18
1991,sbs,30420,4,1.975657292084697e-18
1991,sbs,30420,12,-4.938683646695124e-5
1991,wai,10110,0,-1.2642206464076259e-18
1991,wai,10110,1,-1.471886585677291e-18
1991,wai,10110,2,1.8348036765139306e-19
1991,wai,10110,4,-1.4687870940464004e-18
1991,wai,10110,12,-1.1738427914649661e-4
1991,wai,10112,0,2.030895776753335e-18
1991,wai,10112,1,-3.2959746043559333e-18
1991,wai,10112,2,-6.122553444624025e-19
1991,wai,10112,4,7.192755876001395e-19
1991,wai,10112,12,-8.527220959892581e-4
1991,wai,21720,0,-8.920650786273138e-20
1991,wai,21720,1,1.0546330223268088e-18
1991,wai,21720,2,-5.249821045719285e-19
1991,wai,21720,4,4.528945783800208e-19
1991,wai,21720,12,-3.59724744109034e-5
1991,wai,21740,0,-2.288871253024954e-19
1991,wai,21740,1,-2.294474365027463e-19
1991,wai,21740,2,1.5742615544489524e-18
1991,wai,21740,3,-9.25185853854297e-18
1991,wai,21740,4,4.0557192378161464e-19
1991,wai,21740,12,-4.452652472673847e-5
1991,wai,21921,0,-4.264528545109651e-18
1991,wai,21921,1,8.312216655722201e-19
1991,wai,21921,2,-5.149960319306146e-19
1991,wai,21921,4,-4.427158870982477e-18
1991,wai,21921,12,-1.7934510936531054e-18
1991,wai,30060,0,1.037317754215861e-18
1991,wai,30060,1,-9.396418828207704e-19
1991,wai,30060,2,1.9055674546714926e-19
1991,wai,30060,3,-6.071532165918825e-18
1991,wai,30060,4,-3.4284230859676763e-19
1991,wai,30060,12,-1.590918469463693e-5
1991,wai,30420,0,2.8912057932946786e-18
1991,wai,30420,1,1.6417918611923352e-18
1991,wai,30420,2,9.912705577010326e-19
1991,wai,30420,4,7.517135062566164e-19
1991,wai,30420,12,6.0656456633405116e-5
1994,ai,10110,0,4.817644927397061e-19
1994,ai,10110,1,-4.688068067252373e-19
1994,ai,10110,2,8.940903332128726e-20
1994,ai,10110,3,-2.6020852139652106e-18
1994,ai,10110,4,9.82836695400387e-19
1994,ai,10110,12,-5.107741181776829e-6
1994,ai,10112,0,8.933968559461146e-19
1994,ai,10112,1,8.187595716356051e-19
1994,ai,10112,2,8.1240902513639855e-19
1994,ai,10112,4,1.1220065903419068e-18
1994,ai,10112,12,-1.0886404090154874e-5
1994,ai,21720,0,2.3983866239830854e-19
1994,ai,21720,1,4.158094046125726e-19
1994,ai,21720,2,-4.679770601646616e-19
1994,ai,21720,4,1.8289066950008004e-19
1994,ai,21720,12,-3.180368365828916e-6
1994,ai,21740,0,6.173274326307863e-19
1994,ai,21740,1,-1.057971474764081e-19
1994,ai,21740,2,-1.0949644734623826e-18
1994,ai,21740,3,2.2497195079074217e-18
1994,ai,21740,4,1.448745511640051e-18
1994,ai,21740,12,-3.0389746379589385e-6
1994,ai,21921,0,1.885632697282222e-18
1994,ai,21921,1,8.592507558268169e-19
1994,ai,21921,2,6.212185420727755e-19
1994,ai,21921,3,3.1080462277917795e-18
1994,ai,21921,4,9.50874608031206e-19
1994,ai,21921,12,-3.9212207964067125e-6
1994,ai,30060,0,-3.029742737556715e-19
1994,ai,30060,1,1.9998893691488377e-18
1994,ai,30060,2,1.4044200234288976e-18
1994,ai,30060,3,1.261617073437678e-18
1994,ai,30060,4,4.4580285161713e-19
1994,ai,30060,12,-4.2640582202640784e-7
1994,ai,30420,0,2.366353377977832e-18
1994,ai,30420,1,1.4110984740603365e-18
1994,ai,30420,2,2.018561484237377e-18
1994,ai,30420,3,5.551115123125783e-17
1994,ai,30420,4,-4.745437917829547e-19
1994,ai,30420,12,-1.344589475837646e-6
1994,cai,10110,0,-9.74960589954768e-19
1994,cai,10110,1,1.606590491955793e-18
1994,cai,10110,2,3.886447787524962e-19
1994,cai,10110,3,-4.625929269271486e-19
1994,cai,10110,4,-7.293723705811576e-19
1994,cai,10110,12,-1.3461695191607416e-5
1994,cai,10112,0,7.235871020718475e-19
1994,cai,10112,1,2.4417136426183963e-18
1994,cai,10112,2,1.1301986282879197e-18
1994,cai,10112,4,2.9226319432217945e-19
1994,cai,10112,12,-1.953654482161269e-5
1994,cai,21720,0,5.7903544596478585e-19
1994,cai,21720,1,3.361026734705064e-19
1994,cai,21720,2,1.8516711260426592e-19
1994,cai,21720,4,4.527437643346063e-19
1994,cai,21720,12,-1.4976638178517053e-5
1994,cai,21740,0,-4.370115748206933e-19
1994,cai,21740,1,-2.2566286393987508e-18
1994,cai,21740,2,-4.037226510702602e-19
1994,cai,21740,3,2.9176654891708127e-18
1994,cai,21740,4,-8.783875227933409e-19
1994,cai,21740,12,-1.84160319462379e-6
1994,cai,21921,0,1.0492279088569398e-19
1994,cai,21921,1,2.245847357291402e-18
1994,cai,21921,2,1.7160303350718846e-18
1994,cai,21921,3,0
1994,cai,21921,4,1.823033491638933e-18
1994,cai,21921,12,-4.000946538430448e-6
1994,cai,30060,0,-2.0112037174780184e-18
1994,cai,30060,1,3.187554387107383e-18
1994,cai,30060,2,7.29978458672448e-19
1994,cai,30060,3,-2.7755575615628915e-18
1994,cai,30060,4,-1.268420979116555e-18
1994,cai,30060,12,-1.132168068229273e-5
1994,cai,30420,0,1.8458057967738712e-18
1994,cai,30420,1,1.2056328158038808e-18
1994,cai,30420,2,-1.562335330551612e-18
1994,cai,30420,4,-1.7238330523692518e-18
1994,cai,30420,12,-2.941498204048337e-5
1994,eai,10110,0,-1.6150094860981992e-19
1994,eai,10110,1,6.055665792662939e-19
1994,eai,10110,2,-8.634895873723839e-19
1994,eai,10110,3,0
1994,eai,10110,4,3.7043574226588067e-19
1994,eai,10110,12,-2.6710659248417683e-5
1994,eai,10112,0,-1.0717484988826304e-18
1994,eai,10112,1,-1.1732616366539566e-18
1994,eai,10112,2,-3.4182485160306875e-19
1994,eai,10112,4,-5.98508901973417e-19
1994,eai,10112,12,-3.225599147424595e-5
1994,eai,21720,0,-9.967665134140928e-19
1994,eai,21720,1,-1.1894335598149799e-18
1994,eai,21720,2,-2.710505431213761e-20
1994,eai,21720,4,1.0151280018190893e-18
1994,eai,21720,12,-3.4028173085121525e-6
1994,eai,21740,0,1.2026738473748058e-18
1994,eai,21740,1,1.2782172980881736e-18
1994,eai,21740,2,4.0657581468206416e-19
1994,eai,21740,3,4.240435163498862e-18
1994,eai,21740,4,2.3152233891617542e-20
1994,eai,21740,12,-3.5372570352633723e-6
1994,eai,21921,0,2.4132241903709615e-18
1994,eai,21921,1,2.0364145152771216e-18
1994,eai,21921,2,-2.0016040107424695e-18
1994,eai,21921,3,-2.7755575615628914e-17
1994,eai,21921,4,1.119176436114069e-19
1994,eai,21921,12,-4.6188743709394625e-5
1994,eai,30060,0,-1.757670368547878e-18
1994,eai,30060,1,-1.7430055759055158e-19
1994,eai,30060,2,-2.292313164683638e-18
1994,eai,30060,3,-3.154042683594195e-19
1994,eai,30060,4,-2.587300638885863e-20
1994,eai,30060,12,-4.0820858682676635e-6
1994,eai,30420,0,2.9193147385072658e-18
1994,eai,30420,1,-3.1096889583561515e-18
1994,eai,30420,2,-3.3790967709131556e-18
1994,eai,30420,3,5.551115123125783e-17
1994,eai,30420,4,-1.537960859488697e-18
1994,eai,30420,12,-1.1745447044852744e-5
1994,sbs,10110,0,9.42704600822142e-19
1994,sbs,10110,1,4.759911976765629e-20
1994,sbs,10110,2,-4.1897982258761865e-19
1994,sbs,10110,4,1.3377952229990632e-18
1994,sbs,10110,12,-2.231531732197741e-6
1994,sbs,10112,0,-8.202225130977294e-19
1994,sbs,10112,1,-4.731064025391292e-19
1994,sbs,10112,2,3.0943716057964667e-18
1994,sbs,10112,4,1.0747743275073696e-18
1994,sbs,10112,12,-3.713579150006199e-5
1994,sbs,21720,0,2.2669681788333274e-19
1994,sbs,21720,1,-8.204773197187602e-20
1994,sbs,21720,2,-1.3615562166097032e-18
1994,sbs,21720,4,6.603776868775345e-19
1994,sbs,21720,12,-4.17736133493407e-5
1994,sbs,21740,0,-7.354094054052246e-19
1994,sbs,21740,1,-4.584289620618057e-19
1994,sbs,21740,2,-3.955125272077223e-19
1994,sbs,21740,3,2.7755575615628914e-17
1994,sbs,21740,4,-1.2543479906903318e-18
1994,sbs,21740,12,-8.00764812991731e-6
1994,sbs,21921,0,1.3010426069826053e-18
1994,sbs,21921,1,-1.5649602410744715e-18
1994,sbs,21921,2,-2.2165911081925867e-18
1994,sbs,21921,3,5.551115123125783e-17
1994,sbs,21921,4,1.807003620809174e-18
1994,sbs,21921,12,-8.404811691666438e-5
1994,sbs,30060,0,-2.4274081972869905e-18
1994,sbs,30060,1,1.1514974797432255e-18
1994,sbs,30060,2,-6.195440985631454e-20
1994,sbs,30060,4,-1.1143188994989908e-18
1994,sbs,30060,12,-5.268636875801275e-5
1994,sbs,30420,0,1.2711335815347292e-19
1994,sbs,30420,1,-2.3939183968479936e-18
1994,sbs,30420,2,6.505213034913027e-19
1994,sbs,30420,4,-9.83259211598923e-19
1994,sbs,30420,12,-1.2226628726233978e-4
1994,wai,10110,0,-1.1067202176063571e-18
1994,wai,10110,1,4.525365589504714e-19
1994,wai,10110,2,-1.0859795530961364e-18
1994,wai,10110,4,3.9781879713506584e-19
1994,wai,10110,12,-3.0525195566243304e-5
1994,wai,10112,0,1.5365761823846287e-18
1994,wai,10112,1,-1.1412654447215836e-19
1994,wai,10112,2,1.2259824565797628e-18
1994,wai,10112,4,-9.720433270559694e-19
1994,wai,10112,12,-1.253490609888951e-4
1994,wai,21720,0,-1.0966642664221195e-19
1994,wai,21720,1,9.878286460423484e-19
1994,wai,21720,2,8.908039471232252e-19
1994,wai,21720,4,-2.8912057932946783e-19
1994,wai,21720,12,-1.4932455906135645e-4
1994,wai,21740,0,-4.0082625770676223e-19
1994,wai,21740,1,5.220232682337614e-19
1994,wai,21740,2,6.301925127571995e-19
1994,wai,21740,3,2.7755575615628915e-18
1994,wai,21740,4,1.8562855377403334e-19
1994,wai,21740,12,-3.290881475361446e-5
1994,wai,21921,0,-4.015563601798164e-21
1994,wai,21921,1,2.642742795433417e-18
1994,wai,21921,2,-2.1475543031924415e-19
1994,wai,21921,3,-4.163336342344337e-17
1994,wai,21921,4,9.296029738162751e-19
1994,wai,21921,12,-5.280327836827841e-6
1994,wai,30060,0,-1.432923070103593e-18
1994,wai,30060,1,6.463512951355892e-19
1994,wai,30060,2,-1.8401790779099675e-18
1994,wai,30060,4,-1.614496132796833e-19
1994,wai,30060,12,-3.7868123644017645e-6
1994,wai,30420,0,-5.421010862427522e-19
1994,wai,30420,1,8.338030993162332e-19
1994,wai,30420,2,-2.7152193537028286e-18
1994,wai,30420,4,1.1384122811097797e-18
1994,wai,30420,12,-4.381929039413727e-5
1997,ai,10110,0,3.7495325131790363e-19
1997,ai,10110,1,2.0163148735529033e-18
1997,ai,10110,2,5.305362630695735e-19
1997,ai,10110,3,-2.7755575615628915e-18
1997,ai,10110,4,-5.971799466078011e-19
1997,ai,10110,12,-1.9816237497799965e-6
1997,ai,10112,0,-5.629511280213196e-19
1997,ai,10112,1,-1.0859508856669326e-18
1997,ai,10112,2,9.78635118848758e-19
1997,ai,10112,3,5.551115123125783e-18
1997,ai,10112,4,-2.592355194468546e-19
1997,ai,10112,12,-8.586878151494782e-6
1997,ai,21720,0,-2.8725768899873673e-19
1997,ai,21720,1,2.5825939389542353e-19
1997,ai,21720,2,5.275705416630495e-19
1997,ai,21720,3,0
1997,ai,21720,4,2.257823080846102e-19
1997,ai,21720,12,-3.3578108544748658e-6
1997,ai,21740,0,8.95525583484609e-19
1997,ai,21740,1,7.6845206611253295e-19
1997,ai,21740,2,-1.1037898093907601e-18
1997,ai,21740,3,1.0169068652277834e-18
1997,ai,21740,4,1.3658406274475593e-20
1997,ai,21740,12,-1.1453467842476408e-6
1997,ai,21921,0,-9.881728372082169e-19
1997,ai,21921,1,-1.3265532463352053e-18
1997,ai,21921,2,1.5880372996993564e-18
1997,ai,21921,4,4.2128998702293886e-19
1997,ai,21921,12,-2.030212166423997e-6
1997,ai,30060,0,-1.0312241117845082e-18
1997,ai,30060,1,-4.0275330702266015e-19
1997,ai,30060,2,8.744946470179135e-19
1997,ai,30060,3,2.2449362630288093e-18
1997,ai,30060,4,-8.119195814408493e-19
1997,ai,30060,12,-1.1306797337819862e-6
1997,ai,30420,0,1.0837315986259186e-18
1997,ai,30420,1,-4.95368233980446e-19
1997,ai,30420,2,1.4001454618113585e-18
1997,ai,30420,3,-6.938893903907228e-18
1997,ai,30420,4,1.1943164556285635e-18
1997,ai,30420,12,-2.205801941458429e-6
1997,cai,10110,0,7.971176535738497e-19
1997,cai,10110,1,2.365532012695646e-19
1997,cai,10110,2,6.257395395487768e-19
1997,cai,10110,4,-7.971176535738497e-19
1997,cai,10110,12,-4.31048465549171e-6
1997,cai,10112,0,2.5510639352600105e-19
1997,cai,10112,1,8.076199856269574e-19
1997,cai,10112,2,-2.589139516383294e-20
1997,cai,10112,3,0
1997,cai,10112,4,9.279495064508288e-19
1997,cai,10112,12,-5.813248418139941e-5
1997,cai,21720,0,3.216863588693255e-19
1997,cai,21720,1,-7.639843215421113e-19
1997,cai,21720,2,2.8912057932946783e-19
1997,cai,21720,4,8.411502568953474e-19
1997,cai,21720,12,-6.777016969102937e-6
1997,cai,21740,0,4.83135704932137e-19
1997,cai,21740,1,4.382944952600976e-19
1997,cai,21740,2,1.0704032357447799e-18
1997,cai,21740,4,8.217111201995402e-19
1997,cai,21740,12,-4.9703713406003495e-6
1997,cai,21921,0,-2.7481837933502456e-18
1997,cai,21921,1,-3.4212601887320364e-18
1997,cai,21921,2,-3.656036209763062e-18
1997,cai,21921,4,-9.8775724862917e-19
1997,cai,21921,12,-4.138812067733427e-6
1997,cai,30060,0,-8.52487013061011e-19
1997,cai,30060,1,2.168404344971009e-18
1997,cai,30060,2,-2.4140985469616755e-18
1997,cai,30060,3,-7.434529182757744e-19
1997,cai,30060,4,-1.8613239125810596e-18
1997,cai,30060,12,-6.322862876321929e-6
1997,cai,30420,0,-1.1039149392579681e-18
1997,cai,30420,1,-2.7556805217339906e-18
1997,cai,30420,2,2.45029690981724e-18
1997,cai,30420,3,-6.938893903907228e-18
1997,cai,30420,4,1.0480621000693209e-18
1997,cai,30420,12,-1.4025955859924488e-5
1997,eai,10110,0,-8.100090143714167e-19
1997,eai,10110,1,-3.396429254622958e-19
1997,eai,10110,2,1.9055674546714926e-19
1997,eai,10110,3,1.850371707708594e-17
1997,eai,10110,4,-1.3081134907162065e-19
1997,eai,10110,12,-9.164595366500443e-6
1997,eai,10112,0,3.018184426108296e-19
1997,eai,10112,1,9.7768406431149e-19
1997,eai,10112,2,-8.974784650018899e-19
1997,eai,10112,3,2.7755575615628914e-17
1997,eai,10112,4,7.721277633781904e-19
1997,eai,10112,12,-2.6178458671725166e-5
1997,eai,21720,0,2.439454888092385e-19
1997,eai,21720,1,9.912705577010326e-19
1997,eai,21720,2,8.426583973494933e-19
1997,eai,21720,3,0
1997,eai,21720,4,1.2623211008224087e-18
1997,eai,21720,12,-2.4693154192519686e-5
1997,eai,21740,0,-1.4535659634509052e-18
1997,eai,21740,1,-1.6062254407192657e-20
1997,eai,21740,2,-1.8973538018496328e-19
1997,eai,21740,3,0
1997,eai,21740,4,1.1356558349085454e-18
1997,eai,21740,12,-1.1205783974629398e-5
1997,eai,21921,0,2.15485181781494e-18
1997,eai,21921,1,-9.637352644315595e-19
1997,eai,21921,2,1.6157624042735366e-18
1997,eai,21921,4,-3.259088160878981e-18
1997,eai,21921,12,3.1619245679154324e-5
1997,eai,30060,0,-5.987752907135854e-19
1997,eai,30060,1,1.016805821222892e-18
1997,eai,30060,2,-5.772643999449848e-19
1997,eai,30060,3,2.110580229105115e-18
1997,eai,30060,4,-7.675658562028059e-19
1997,eai,30060,12,-3.113626064451448e-6
1997,eai,30420,0,1.8132346677774817e-18
1997,eai,30420,1,9.462128050782583e-19
1997,eai,30420,2,-1.708702623837155e-18
1997,eai,30420,4,3.4357992983247538e-18
1997,eai,30420,12,-1.9267409473505554e-4
1997,sbs,10110,0,-6.691837999029384e-19
1997,sbs,10110,1,1.2058443674472927e-18
1997,sbs,10110,2,1.0968511978311687e-18
1997,sbs,10110,3,-5.551115123125783e-17
1997,sbs,10110,4,-3.839142118965065e-19
1997,sbs,10110,12,-2.0479958416034777e-6
1997,sbs,10112,0,-1.8260247115545337e-19
1997,sbs,10112,1,1.5419764230904951e-18
1997,sbs,10112,2,5.782411586589357e-19
1997,sbs,10112,4,-1.8260247115545337e-18
1997,sbs,10112,12,4.7523013350260214e-5
1997,sbs,21720,0,-5.913830031739115e-19
1997,sbs,21720,1,2.0984558177138796e-19
1997,sbs,21720,2,-7.950815931560366e-19
1997,sbs,21720,4,-2.309209821917178e-19
1997,sbs,21720,12,-7.997362017507876e-5
1997,sbs,21740,0,-2.2758017299813655e-20
1997,sbs,21740,1,4.0007060164715113e-19
1997,sbs,21740,2,1.5914918654450212e-18
1997,sbs,21740,3,9.25185853854297e-18
1997,sbs,21740,4,1.1611702984095934e-18
1997,sbs,21740,12,-2.572056127320636e-6
1997,sbs,21921,0,1.6046192152785466e-18
1997,sbs,21921,1,-6.47630097698008e-18
1997,sbs,21921,2,-6.836851346496828e-18
1997,sbs,21921,4,3.4694469519536144e-19
1997,sbs,21921,12,-3.0484894836111835e-4
1997,sbs,30060,0,1.1616451848058975e-18
1997,sbs,30060,1,4.138038291653008e-18
1997,sbs,30060,2,1.150197087332448e-18
1997,sbs,30060,3,0
1997,sbs,30060,4,-7.047314121155779e-19
1997,sbs,30060,12,-2.770219300873342e-5
1997,sbs,30420,0,1.0408340855860842e-18
1997,sbs,30420,1,-6.938893903907229e-19
1997,sbs,30420,2,-5.604491230078915e-18
1997,sbs,30420,4,-3.585095183685402e-18
1997,sbs,30420,12,-8.55690341613762e-4
1997,wai,10110,0,4.2650600167628297e-19
1997,wai,10110,1,-1.3269691806724761e-18
1997,wai,10110,2,1.6435519296541623e-18
1997,wai,10110,4,5.221708992485334e-20
1997,wai,10110,12,-2.14269205230006e-6
1997,wai,10112,0,-5.322447028565204e-19
1997,wai,10112,1,-9.411797582427357e-19
1997,wai,10112,2,4.737129492090511e-19
1997,wai,10112,3,-1.784287003861859e-17
1997,wai,10112,4,-6.636631480062785e-19
1997,wai,10112,12,-4.984482298417574e-5
1997,wai,21720,0,1.1264438155693553e-20
1997,wai,21720,1,-2.1387001758618168e-19
1997,wai,21720,2,1.1771337872699763e-18
1997,wai,21720,4,5.632219077846776e-19
1997,wai,21720,12,-6.766768697865455e-5
1997,wai,21740,0,-2.4739522299441964e-19
1997,wai,21740,1,1.3552527156068805e-19
1997,wai,21740,2,5.421010862427522e-19
1997,wai,21740,4,-1.2714734568239096e-19
1997,wai,21740,12,-3.6981872776350774e-5
1997,wai,21921,0,-2.0154171634207705e-18
1997,wai,21921,1,4.071179157683069e-19
1997,wai,21921,2,1.0137290312739466e-18
1997,wai,21921,4,9.343424972020513e-19
1997,wai,21921,12,-5.019961141322385e-7
1997,wai,30060,0,-1.902913812990584e-18
1997,wai,30060,1,1.1452978392616534e-18
1997,wai,30060,2,-1.898902662096041e-18
1997,wai,30060,3,-9.714451465470119e-18
1997,wai,30060,4,-9.771719580221918e-19
1997,wai,30060,12,-9.622433461932143e-7
1997,wai,30420,0,4.278726430701723e-19
1997,wai,30420,1,-1.951563910473908e-18
1997,wai,30420,2,2.5940540867616145e-18
1997,wai,30420,4,2.391053005392139e-18
1997,wai,30420,12,-6.29429310313961e-6
2000,ai,10110,0,4.989794089279879e-19
2000,ai,10110,1,-5.512892402468666e-19
2000,ai,10110,2,-4.2904447812502035e-19
2000,ai,10110,4,1.1067310487968915e-18
2000,ai,10110,12,-1.9910886470480084e-6
2000,ai,10112,0,-4.322542871882998e-19
2000,ai,10112,1,7.001373351135206e-19
2000,ai,10112,2,1.879283765641541e-19
2000,ai,10112,4,-4.750517413653592e-19
2000,ai,10112,12,-4.614311621949897e-6
2000,ai,21720,0,-8.291933962019241e-19
2000,ai,21720,1,4.838106468618111e-20
2000,ai,21720,2,-5.116079001415974e-19
2000,ai,21720,4,-2.298397972794526e-19
2000,ai,21720,12,-2.6123833952187045e-6
2000,ai,21740,0,1.461736857547421e-20
2000,ai,21740,1,-2.693018299399479e-19
2000,ai,21740,2,8.17977150396971e-19
2000,ai,21740,3,-6.938893903907228e-18
2000,ai,21740,4,6.43696638030568e-19
2000,ai,21740,12,-3.432483774875796e-6
2000,ai,21921,0,7.05046587165719e-19
2000,ai,21921,1,1.5970004973097295e-18
2000,ai,21921,2,1.4121072197738032e-18
2000,ai,21921,3,-2.902325815576581e-18
2000,ai,21921,4,1.0164395367051604e-18
2000,ai,21921,12,-2.396580553944037e-6
2000,ai,30060,0,6.952905240576393e-19
2000,ai,30060,1,1.0829626120748884e-18
2000,ai,30060,2,-7.423088737755869e-20
2000,ai,30060,3,-2.535365080273795e-18
2000,ai,30060,4,-6.053991525302767e-19
2000,ai,30060,12,-9.115053293815614e-7
2000,ai,30420,0,-1.1007307613481424e-18
2000,ai,30420,1,-1.7642926261355027e-18
2000,ai,30420,2,-1.3283469631646851e-18
2000,ai,30420,3,1.3877787807814457e-17
2000,ai,30420,4,-1.5814791908708534e-18
2000,ai,30420,12,-1.564261665961553e-6
2000,cai,10110,0,7.6823468221830025e-19
2000,cai,10110,1,1.4371982286435757e-18
2000,cai,10110,2,-7.636554432289205e-19
2000,cai,10110,4,-1.9980297178661438e-19
2000,cai,10110,12,-5.513628336281742e-6
2000,cai,10112,0,9.317853453389915e-19
2000,cai,10112,1,1.6850308764045547e-18
2000,cai,10112,2,-1.3798936740724602e-19
2000,cai,10112,4,-3.566868016727674e-19
2000,cai,10112,12,-2.2582361951433098e-5
2000,cai,21720,0,1.691831961460897e-19
2000,cai,21720,1,8.673617379884035e-19
2000,cai,21720,2,-7.806255641895632e-19
2000,cai,21720,4,8.91190357163909e-19
2000,cai,21720,12,-3.166983336378221e-5
2000,cai,21740,0,5.619086259323912e-19
2000,cai,21740,1,-1.713039432527097e-18
2000,cai,21740,2,1.8800527033525235e-18
2000,cai,21740,3,-1.734723475976807e-17
2000,cai,21740,4,1.023737051327659e-18
2000,cai,21740,12,-2.0000028114997992e-5
2000,cai,21921,0,3.0532532147736946e-18
2000,cai,21921,1,-8.972707634362795e-20
2000,cai,21921,2,1.4404400291593131e-18
2000,cai,21921,4,-3.333921680392926e-18
2000,cai,21921,12,-4.4154432710968894e-5
2000,cai,30060,0,1.5609731278220789e-18
2000,cai,30060,1,-1.3520638856878055e-18
2000,cai,30060,2,-2.0742499457814782e-18
2000,cai,30060,3,1.3877787807814457e-17
2000,cai,30060,4,1.656883320003489e-18
2000,cai,30060,12,-4.0828385279299175e-6
2000,cai,30420,0,-5.943034130661284e-19
2000,cai,30420,1,-2.272808998617761e-18
2000,cai,30420,2,9.316107556171743e-19
2000,cai,30420,4,-5.461166498445504e-19
2000,cai,30420,12,-1.345213806602385e-18
2000,eai,10110,0,9.01792482655173e-19
2000,eai,10110,1,2.761647043123455e-19
2000,eai,10110,2,-5.90450642583322e-19
2000,eai,10110,4,6.197534040018491e-19
2000,eai,10110,12,-7.2319580871696764e-6
2000,eai,10112,0,-9.03501810404587e-19
2000,eai,10112,1,3.9425533544927435e-20
2000,eai,10112,2,-1.1519648082658485e-18
2000,eai,10112,4,-5.946684643026554e-19
2000,eai,10112,12,-3.792392001446281e-5
2000,eai,21720,0,1.185394375250818e-19
2000,eai,21720,1,7.864283363803306e-19
2000,eai,21720,2,1.9205867055457506e-19
2000,eai,21720,4,4.336808689942018e-20
2000,eai,21720,12,-1.81334039509385e-5
2000,eai,21740,0,-1.2935134252292337e-18
2000,eai,21740,1,-8.64109131470947e-19
2000,eai,21740,2,-2.6148405336415106e-19
2000,eai,21740,4,1.444097060296665e-18
2000,eai,21740,12,-8.84349550132521e-6
2000,eai,21921,0,-4.336808689942018e-18
2000,eai,21921,1,-5.551115123125783e-18
2000,eai,21921,2,1.734723475976807e-18
2000,eai,21921,4,-3.2143405584276133e-18
2000,eai,21921,12,-4.892338572401451e-4
2000,eai,30060,0,4.493693922781292e-19
2000,eai,30060,1,1.735384574862469e-20
2000,eai,30060,2,-1.1874595222460288e-19
2000,eai,30060,3,-1.1275702593849246e-17
2000,eai,30060,4,1.522081378696532e-18
2000,eai,30060,12,-1.4449502810013458e-6
2000,eai,30420,0,1.776886893795688e-18
2000,eai,30420,1,-1.8214596497756475e-18
2000,eai,30420,2,6.620204174419065e-19
2000,eai,30420,3,0
2000,eai,30420,4,8.206808111174999e-20
2000,eai,30420,12,-2.9774268661593074e-5
2000,sbs,10110,0,3.9423694667430005e-19
2000,sbs,10110,1,-3.702153759706601e-20
2000,sbs,10110,2,-3.53616708564503e-19
2000,sbs,10110,4,-6.626578949743494e-19
2000,sbs,10110,12,-2.0852057564859752e-5
2000,sbs,10112,0,-7.653191805780031e-19
2000,sbs,10112,1,-1.4193192076173877e-18
2000,sbs,10112,2,-2.3129646346357427e-18
2000,sbs,10112,4,-1.913297951445008e-18
2000,sbs,10112,12,1.0365777284566037e-4
2000,sbs,21720,0,5.615611252360818e-19
2000,sbs,21720,1,-3.015437292225309e-19
2000,sbs,21720,2,-5.584383792528078e-19
2000,sbs,21720,4,4.614809246989583e-19
2000,sbs,21720,12,-5.662901540805507e-5
2000,sbs,21740,0,-6.672013369141566e-20
2000,sbs,21740,1,-1.0299920638612292e-18
2000,sbs,21740,2,2.8990623307764574e-19
2000,sbs,21740,3,0
2000,sbs,21740,4,-6.150762324677381e-19
2000,sbs,21740,12,-2.5195648001557837e-5
2000,sbs,21921,0,3.097720492815727e-19
2000,sbs,21921,1,2.7390370673318007e-18
2000,sbs,21921,2,-4.163336342344337e-19
2000,sbs,21921,4,-1.1771337872699763e-18
2000,sbs,21921,12,-2.8485779417269295e-4
2000,sbs,30060,0,-2.2621731815102956e-18
2000,sbs,30060,1,-1.3010426069826053e-19
2000,sbs,30060,2,-2.927345865710862e-18
2000,sbs,30060,3,-2.2204460492503132e-17
2000,sbs,30060,4,-2.7779017824763735e-18
2000,sbs,30060,12,-4.799689138632627e-5
2000,sbs,30420,0,-9.25185853854297e-18
2000,sbs,30420,1,-4.625929269271485e-18
2000,sbs,30420,2,-2.3129646346357427e-18
2000,sbs,30420,4,-8.673617379884035e-18
2000,sbs,30420,12,0.001604553098332234
2000,wai,10110,0,-1.4668155478481426e-18
2000,wai,10110,1,2.927345865710862e-19
2000,wai,10110,2,8.900167087567574e-20
2000,wai,10110,4,6.293086522904993e-19
2000,wai,10110,12,-5.551433066625051e-6
2000,wai,10112,0,8.006416042969879e-19
2000,wai,10112,1,1.6566609195578507e-18
2000,wai,10112,2,-6.505213034913027e-19
2000,wai,10112,4,-6.972253970752936e-19
2000,wai,10112,12,-4.8266651893258824e-5
2000,wai,21720,0,-1.864298857566538e-19
2000,wai,21720,1,6.10660929502865e-19
2000,wai,21720,2,5.787295380159111e-19
2000,wai,21720,4,9.26860637697974e-19
2000,wai,21720,12,-4.241967055178307e-5
2000,wai,21740,0,9.68787102511241e-19
2000,wai,21740,1,-4.380176776841438e-19
2000,wai,21740,2,-4.246458508901559e-19
2000,wai,21740,4,-5.753266366898887e-19
2000,wai,21740,12,-2.2028682967124288e-5
2000,wai,21921,0,-5.908901840045999e-19
2000,wai,21921,1,-1.6272379157735028e-18
2000,wai,21921,2,4.5461718680771495e-18
2000,wai,21921,3,-2.902325815576581e-18
2000,wai,21921,4,5.764341550381265e-19
2000,wai,21921,12,-3.4609656288722837e-5
2000,wai,30060,0,2.1169742419172093e-18
2000,wai,30060,1,7.753688263835729e-19
2000,wai,30060,2,4.593593415004374e-19
2000,wai,30060,3,5.451988067355679e-18
2000,wai,30060,4,-1.1537023117473957e-19
2000,wai,30060,12,-1.2928946945792833e-6
2000,wai,30420,0,-1.2258876836625874e-18
2000,wai,30420,1,1.02224776262919e-18
2000,wai,30420,2,-1.6840107937153884e-18
2000,wai,30420,3,-2.7755575615628914e-17
2000,wai,30420,4,-2.5909967826557e-18
2000,wai,30420,12,-3.8701674920171025e-6
2002,ai,10110,0,5.113934614207735e-19
2002,ai,10110,1,1.1401332369391217e-18
2002,ai,10110,2,7.914675859144182e-20
2002,ai,10110,3,5.046468293750712e-18
2002,ai,10110,4,2.4874891615569327e-20
2002,ai,10110,12,-5.040345078318812e-6
2002,ai,10112,0,-2.8495057097375437e-19
2002,ai,10112,1,1.0219938511133854e-19
2002,ai,10112,2,-6.071532165918824e-19
2002,ai,10112,4,2.279604567790035e-19
2002,ai,10112,12,1.187438108260695e-6
2002,ai,21720,0,7.008983741320433e-20
2002,ai,21720,1,-1.6833665309643358e-19
2002,ai,21720,2,-3.197290080084804e-19
2002,ai,21720,3,2.7755575615628915e-18
2002,ai,21720,4,2.6119415973514426e-19
2002,ai,21720,12,-2.380085620174826e-6
2002,ai,21740,0,1.9633094340091676e-19
2002,ai,21740,1,1.1637963795925752e-18
2002,ai,21740,2,3.1236692799300253e-19
2002,ai,21740,3,-3.1677559126532997e-18
2002,ai,21740,4,2.0690191458265044e-19
2002,ai,21740,12,-8.022894792099464e-7
2002,ai,21921,0,1.814588094991047e-18
2002,ai,21921,1,-1.1915760549168585e-19
2002,ai,21921,2,5.823351512373315e-19
2002,ai,21921,3,-3.0839528461809902e-18
2002,ai,21921,4,1.070702584888639e-18
2002,ai,21921,12,-1.960487110403494e-6
2002,ai,30060,0,-7.654231641623208e-19
2002,ai,30060,1,8.290497862202859e-19
2002,ai,30060,2,-1.666645665146322e-18
2002,ai,30060,3,-1.5419764230904951e-18
2002,ai,30060,4,9.457306993691492e-19
2002,ai,30060,12,-2.052533653307201e-6
2002,ai,30420,0,-1.6858009063566042e-18
2002,ai,30420,1,-1.5768365346086054e-18
2002,ai,30420,2,-8.850210915554022e-19
2002,ai,30420,4,2.5825777885132934e-18
2002,ai,30420,12,-1.4545130900684054e-6
2002,cai,10110,0,4.489513221278004e-19
2002,cai,10110,1,1.1774435593192578e-18
2002,cai,10110,2,3.5314013618099287e-19
2002,cai,10110,3,1.3877787807814458e-18
2002,cai,10110,4,-7.48252203546334e-20
2002,cai,10110,12,-3.8221599115383744e-7
2002,cai,10112,0,-6.86166306422333e-19
2002,cai,10112,1,-7.096596038086939e-19
2002,cai,10112,2,6.596835753714618e-19
2002,cai,10112,4,-7.247817262642824e-19
2002,cai,10112,12,5.681093841775252e-6
2002,cai,21720,0,-4.1662600335959834e-19
2002,cai,21720,1,-4.396217028160402e-19
2002,cai,21720,2,4.08466864982911e-19
2002,cai,21720,3,8.326672684688674e-18
2002,cai,21720,4,2.192768438734728e-19
2002,cai,21720,12,-5.769945072222964e-5
2002,cai,21740,0,-1.9009678090912513e-18
2002,cai,21740,1,1.3183898417423734e-18
2002,cai,21740,2,-7.925891743687136e-19
2002,cai,21740,3,4.163336342344337e-17
2002,cai,21740,4,-1.7889335846010823e-18
2002,cai,21740,12,-5.098330385749977e-6
2002,cai,21921,0,-1.9192127166174858e-19
2002,cai,21921,1,1.2853041883497513e-18
2002,cai,21921,2,-1.6382201360551448e-18
2002,cai,21921,3,0
2002,cai,21921,4,-2.6152005628259224e-18
2002,cai,21921,12,-6.928105403382035e-7
2002,cai,30060,0,4.0657581468206415e-21
2002,cai,30060,1,9.646210505201914e-19
2002,cai,30060,2,-7.384295877468841e-19
2002,cai,30060,3,1.850371707708594e-17
2002,cai,30060,4,-1.8228149024912543e-18
2002,cai,30060,12,-9.051255207747598e-7
2002,cai,30420,0,2.7129255253487732e-18
2002,cai,30420,1,-1.9877039828900913e-18
2002,cai,30420,2,-1.9234549652613208e-18
2002,cai,30420,4,-2.334906821459854e-18
2002,cai,30420,12,-2.56977747549305e-5
2002,eai,10110,0,-9.230570550681383e-19
2002,eai,10110,1,7.583391861995834e-19
2002,eai,10110,2,8.71942873928483e-19
2002,eai,10110,4,4.043480019988748e-19
2002,eai,10110,12,-3.5017833401319656e-5
2002,eai,10112,0,4.0055246927936694e-19
2002,eai,10112,1,-1.6479873021779667e-18
2002,eai,10112,2,-4.599645580241534e-19
2002,eai,10112,4,2.439454888092385e-19
2002,eai,10112,12,-1.8421715631129048e-5
2002,eai,21720,0,-7.205977853714633e-19
2002,eai,21720,1,1.927470528863119e-19
2002,eai,21720,2,7.301209566611245e-19
2002,eai,21720,3,0
2002,eai,21720,4,5.579674594986377e-19
2002,eai,21720,12,-4.231355029336089e-5
2002,eai,21740,0,1.6766412167365121e-18
2002,eai,21740,1,-6.383516872695266e-19
2002,eai,21740,2,2.871127975285688e-19
2002,eai,21740,4,-1.7337554383228022e-18
2002,eai,21740,12,-6.926258766551023e-6
2002,eai,21921,0,6.848543722866769e-19
2002,eai,21921,1,5.0040100268561746e-20
2002,eai,21921,2,-5.240310500346604e-19
2002,eai,21921,4,-2.5081210256831335e-18
2002,eai,21921,12,-4.386006978172021e-6
2002,eai,30060,0,-5.642779488617739e-19
2002,eai,30060,1,-5.239121682175019e-19
2002,eai,30060,2,1.1901009893329258e-18
2002,eai,30060,3,-1.3877787807814457e-17
2002,eai,30060,4,-7.244441788880416e-19
2002,eai,30060,12,-8.472202695707146e-6
2002,eai,30420,0,-4.979298866229724e-19
2002,eai,30420,1,1.6970120960642678e-18
2002,eai,30420,2,3.82506526452886e-18
2002,eai,30420,4,2.8871902296928803e-18
2002,eai,30420,12,-1.3376186376534048e-4
2002,sbs,10110,0,4.0449081050420743e-19
2002,sbs,10110,1,3.5077129109825145e-20
2002,sbs,10110,2,7.529181753371559e-19
2002,sbs,10110,3,0
2002,sbs,10110,4,6.088212199341679e-20
2002,sbs,10110,12,-1.4994588844243125e-5
2002,sbs,10112,0,2.6184505297763125e-19
2002,sbs,10112,1,-1.1926223897340549e-18
2002,sbs,10112,2,-4.793314867830652e-19
2002,sbs,10112,4,-1.9638378973322344e-18
2002,sbs,10112,12,1.7043026150565828e-4
2002,sbs,21720,0,5.782411586589357e-19
2002,sbs,21720,1,-1.0677748668417846e-18
2002,sbs,21720,2,-5.889855045123957e-19
2002,sbs,21720,3,2.0816681711721685e-17
2002,sbs,21720,4,8.834239923955963e-19
2002,sbs,21720,12,-6.589499280642812e-5
2002,sbs,21740,0,-5.36471574962539e-19
2002,sbs,21740,1,-7.251790846668396e-19
2002,sbs,21740,2,-2.509439249636019e-19
2002,sbs,21740,3,1.8260247115545337e-18
2002,sbs,21740,4,-1.7659985386446582e-19
2002,sbs,21740,12,-8.258743494230604e-7
2002,sbs,21921,0,-2.7591941398855637e-18
2002,sbs,21921,1,3.035766082959412e-19
2002,sbs,21921,2,-1.3444106938820255e-18
2002,sbs,21921,3,-8.673617379884035e-18
2002,sbs,21921,4,4.096376819284352e-18
2002,sbs,21921,12,-1.659402066396138e-4
2002,sbs,30060,0,5.045037528420452e-19
2002,sbs,30060,1,2.682396486001174e-18
2002,sbs,30060,2,-6.143812310751192e-19
2002,sbs,30060,3,0
2002,sbs,30060,4,2.4490728105902404e-18
2002,sbs,30060,12,-9.705367227764268e-6
2002,sbs,30420,0,1.3371826793987889e-18
2002,sbs,30420,1,2.9174894823246302e-18
2002,sbs,30420,2,5.478074134663601e-19
2002,sbs,30420,4,-4.336808689942018e-19
2002,sbs,30420,12,-2.1858588099313268e-4
2002,wai,10110,0,-8.534219957707327e-19
2002,wai,10110,1,-6.786302487038898e-19
2002,wai,10110,2,-6.615204559657932e-19
2002,wai,10110,4,1.0493528169413275e-18
2002,wai,10110,12,-1.6552195591725945e-5
2002,wai,10112,0,7.694337998284225e-20
2002,wai,10112,1,5.300543954373578e-19
2002,wai,10112,2,-5.361872562110131e-19
2002,wai,10112,4,-1.1751352579197725e-18
2002,wai,10112,12,-2.1348060129035369e-4
2002,wai,21720,0,-2.349104707051926e-19
2002,wai,21720,1,-5.421010862427522e-20
2002,wai,21720,2,6.237077013760698e-19
2002,wai,21720,4,3.275194062716628e-19
2002,wai,21720,12,-1.8570151638499067e-5
2002,wai,21740,0,-4.870818715196072e-19
2002,wai,21740,1,-1.2826316266951157e-18
2002,wai,21740,2,2.2558400040424204e-19
2002,wai,21740,3,-1.6653345369377347e-17
2002,wai,21740,4,-9.838730162256517e-19
2002,wai,21740,12,-3.0799277434160864e-5
2002,wai,21921,0,1.2209185841282688e-18
2002,wai,21921,1,1.161528083476784e-18
2002,wai,21921,2,-3.9068664491288005e-18
2002,wai,21921,4,-2.0184795133069977e-18
2002,wai,21921,12,-1.663159666884937e-6
2002,wai,30060,0,-1.329574243100645e-18
2002,wai,30060,1,-2.0685028590777017e-18
2002,wai,30060,2,-9.728516790951014e-19
2002,wai,30060,3,-4.625929269271486e-17
2002,wai,30060,4,1.734723475976807e-18
2002,wai,30060,12,-8.623499016524153e-6
2002,wai,30420,0,1.4295871587366113e-18
2002,wai,30420,1,-6.053462129710733e-19
2002,wai,30420,2,-1.9453133914838246e-18
2002,wai,30420,4,-9.442664879925612e-19
2002,wai,30420,12,-2.540418628478275e-6
2004,ai,10110,0,6.024521837346211e-20
2004,ai,10110,1,1.4998130052716145e-18
2004,ai,10110,2,-1.0545667412676451e-18
2004,ai,10110,3,0
2004,ai,10110,4,5.76088283251331e-19
2004,ai,10110,12,-4.739707834737052e-6
2004,ai,10112,0,8.541480240112364e-19
2004,ai,10112,1,-7.074878583168123e-19
2004,ai,10112,2,1.591993063396437e-19
2004,ai,10112,3,0
2004,ai,10112,4,-5.200782296141404e-19
2004,ai,10112,12,-9.138134384423013e-6
2004,ai,21720,0,-6.586819650046344e-20
2004,ai,21720,1,7.537786532518269e-19
2004,ai,21720,2,4.964184104357787e-19
2004,ai,21720,3,0
2004,ai,21720,4,-4.2552020748087003e-19
2004,ai,21720,12,-6.487617024323429e-6
2004,ai,21740,0,2.7373070707388226e-19
2004,ai,21740,1,9.343378431748687e-19
2004,ai,21740,2,1.051259106475368e-18
2004,ai,21740,3,1.1564823173178714e-17
2004,ai,21740,4,-7.821527519511799e-19
2004,ai,21740,12,-1.035957922376258e-6
2004,ai,21921,0,6.243970241707226e-19
2004,ai,21921,1,-1.4794177805808638e-18
2004,ai,21921,2,-2.2795716961025463e-18
2004,ai,21921,3,2.7755575615628914e-17
2004,ai,21921,4,-9.4720573843748e-19
2004,ai,21921,12,-1.0243326412436478e-6
2004,ai,30060,0,-7.854305510903513e-20
2004,ai,30060,1,1.4390591519175708e-18
2004,ai,30060,2,-4.71905945588242e-19
2004,ai,30060,3,-3.96508223080413e-18
2004,ai,30060,4,8.93542756358082e-19
2004,ai,30060,12,-9.910669398105323e-7
2004,ai,30420,0,-1.3537338979083556e-18
2004,ai,30420,1,1.5212711732687234e-18
2004,ai,30420,2,2.653283649888137e-18
2004,ai,30420,4,-2.649752723272763e-18
2004,ai,30420,12,-1.3190398312626484e-6
2004,cai,10110,0,3.530982750932521e-19
2004,cai,10110,1,-1.5449880957918438e-18
2004,cai,10110,2,3.2154763060700235e-19
2004,cai,10110,4,-6.576638515870686e-19
2004,cai,10110,12,9.093617183509025e-7
2004,cai,10112,0,9.697586098342568e-19
2004,cai,10112,1,-8.111438475632293e-19
2004,cai,10112,2,6.108181253439461e-19
2004,cai,10112,4,-5.812528313602843e-19
2004,cai,10112,12,-2.8391476628695628e-5
2004,cai,21720,0,6.398131338865075e-19
2004,cai,21720,1,8.673617379884035e-19
2004,cai,21720,2,9.309682654408864e-19
2004,cai,21720,3,0
2004,cai,21720,4,-3.4533846975464215e-19
2004,cai,21720,12,-4.187440252721343e-5
2004,cai,21740,0,-1.6317242695906843e-18
2004,cai,21740,1,2.629792602817618e-18
2004,cai,21740,2,1.32169407693471e-18
2004,cai,21740,3,-9.25185853854297e-18
2004,cai,21740,4,6.62989628474886e-19
2004,cai,21740,12,-5.0068263911894755e-5
2004,cai,21921,0,-7.182019683412672e-19
2004,cai,21921,1,3.4401638129199657e-19
2004,cai,21921,2,1.772275269971748e-18
2004,cai,21921,3,2.7755575615628914e-17
2004,cai,21921,4,-1.750899072905018e-18
2004,cai,21921,12,-6.319205519491413e-7
2004,cai,30060,0,-6.527800580173141e-19
2004,cai,30060,1,2.2543927931336522e-18
2004,cai,30060,2,-1.6263032587282567e-18
2004,cai,30060,3,2.7755575615628914e-17
2004,cai,30060,4,-1.1655173354219173e-18
2004,cai,30060,12,-7.444343082659111e-6
2004,cai,30420,0,-1.734723475976807e-18
2004,cai,30420,1,5.36938218754726e-19
2004,cai,30420,2,1.905259442690673e-18
2004,cai,30420,4,-3.63207727782644e-20
2004,cai,30420,12,-4.352845131069162e-5
2004,eai,10110,0,1.0663698999117298e-18
2004,eai,10110,1,-8.063753657860939e-19
2004,eai,10110,2,9.274323988963842e-19
2004,eai,10110,3,0
2004,eai,10110,4,3.8660366939943646e-19
2004,eai,10110,12,-2.0878247721526566e-5
2004,eai,10112,0,5.317046270545351e-19
2004,eai,10112,1,-1.2695021801466634e-18
2004,eai,10112,2,-1.2216362506878924e-19
2004,eai,10112,4,2.5842627124996957e-19
2004,eai,10112,12,-4.798694861128895e-5
2004,eai,21720,0,-9.41900637346782e-19
2004,eai,21720,1,-8.204773197187602e-20
2004,eai,21720,2,5.049708748562623e-19
2004,eai,21720,4,-3.496552006265752e-19
2004,eai,21720,12,-3.048020947033804e-5
2004,eai,21740,0,3.60036947844243e-19
2004,eai,21740,1,-2.0832170314185765e-18
2004,eai,21740,2,3.5714895093640144e-19
2004,eai,21740,3,0
2004,eai,21740,4,-6.546126324440781e-20
2004,eai,21740,12,-2.0639845542728306e-5
2004,eai,21921,0,-1.3298417271892515e-19
2004,eai,21921,1,-1.9729352032969394e-18
2004,eai,21921,2,-2.740414456661637e-18
2004,eai,21921,4,1.1943164556285635e-19
2004,eai,21921,12,-2.073684199573377e-5
2004,eai,30060,0,-9.252679903825156e-19
2004,eai,30060,1,6.657165612117435e-19
2004,eai,30060,2,-1.3205026459759348e-19
2004,eai,30060,3,-2.9738116731030977e-18
2004,eai,30060,4,-1.0546330223268088e-18
2004,eai,30060,12,-9.759970464255739e-6
2004,eai,30420,0,-1.934883877051054e-18
2004,eai,30420,1,3.885780586188048e-18
2004,eai,30420,2,3.7711379912539284e-19
2004,eai,30420,4,-1.4678429412111444e-18
2004,eai,30420,12,-7.932130990278584e-5
2004,sbs,10110,0,-1.1392213872086494e-18
2004,sbs,10110,1,-3.502807018799322e-19
2004,sbs,10110,2,7.476140353556762e-19
2004,sbs,10110,4,5.550467838246687e-19
2004,sbs,10110,12,-2.7168644703684476e-5
2004,sbs,10112,0,-3.289992799266358e-19
2004,sbs,10112,1,-1.5901631863120731e-18
2004,sbs,10112,2,4.841088770167834e-19
2004,sbs,10112,4,6.879075853011477e-19
2004,sbs,10112,12,-1.2187604563367242e-4
2004,sbs,21720,0,6.369687763352339e-19
2004,sbs,21720,1,-3.7724294768673717e-19
2004,sbs,21720,2,1.1264438155693553e-20
2004,sbs,21720,4,-5.922454367202068e-19
2004,sbs,21720,12,-1.8507029593214825e-5
2004,sbs,21740,0,-9.744912383649473e-19
2004,sbs,21740,1,-1.6558724088869523e-18
2004,sbs,21740,2,-6.932117640329194e-19
2004,sbs,21740,3,0
2004,sbs,21740,4,2.0070647359701898e-19
2004,sbs,21740,12,-4.422649037242784e-6
2004,sbs,21921,0,-1.4543263624029697e-18
2004,sbs,21921,1,-3.4023296746092733e-18
2004,sbs,21921,2,3.9352523297622014e-19
2004,sbs,21921,4,8.748389943503725e-19
2004,sbs,21921,12,-3.759777753518095e-5
2004,sbs,30060,0,6.30808536718839e-19
2004,sbs,30060,1,-1.734723475976807e-18
2004,sbs,30060,2,4.196911635427759e-19
2004,sbs,30060,4,5.388156251140083e-19
2004,sbs,30060,12,-2.808881031007559e-5
2004,sbs,30420,0,-4.228388472693467e-19
2004,sbs,30420,1,7.532351935162452e-19
2004,sbs,30420,2,-2.5000426565548102e-18
2004,sbs,30420,4,-8.05020113070487e-19
2004,sbs,30420,12,-2.634216512608642e-5
2004,wai,10110,0,-1.172110456741086e-19
2004,wai,10110,1,-1.6581915579190069e-18
2004,wai,10110,2,-7.267084831794732e-19
2004,wai,10110,4,2.1391015835524818e-19
2004,wai,10110,12,-1.8904939266296116e-5
2004,wai,10112,0,5.421010862427522e-19
2004,wai,10112,1,-1.540951172809185e-18
2004,wai,10112,2,-1.4048816882910762e-19
2004,wai,10112,3,0
2004,wai,10112,4,-9.713263298705751e-19
2004,wai,10112,12,-8.785125865945045e-5
2004,wai,21720,0,2.981555974335137e-19
2004,wai,21720,1,4.832443968792534e-19
2004,wai,21720,2,-6.195440985631454e-20
2004,wai,21720,4,-9.75781955236954e-19
2004,wai,21720,12,-1.1114707167751397e-4
2004,wai,21740,0,7.296852716410379e-19
2004,wai,21740,1,-4.0766001685454964e-19
2004,wai,21740,2,-6.3985701982751085e-19
2004,wai,21740,3,0
2004,wai,21740,4,8.226168864255097e-19
2004,wai,21740,12,-3.456328879890391e-5
2004,wai,21921,0,1.7182668358587236e-19
2004,wai,21921,1,-1.9445366741707614e-18
2004,wai,21921,2,1.77863366396247e-18
2004,wai,21921,4,1.5658009053529495e-19
2004,wai,21921,12,-1.9016809897706612e-6
2004,wai,30060,0,7.946709105149435e-20
2004,wai,30060,1,-6.733035689691769e-19
2004,wai,30060,2,-1.7160887511372125e-18
2004,wai,30060,3,6.938893903907228e-18
2004,wai,30060,4,-7.966216530601353e-19
2004,wai,30060,12,-1.008226459177835e-6
2004,wai,30420,0,-1.2379712306024389e-18
2004,wai,30420,1,-7.801541719406565e-19
2004,wai,30420,2,-1.535953077687798e-19
2004,wai,30420,4,-9.72654448970169e-19
2004,wai,30420,12,-1.4432067797959948e-5
2006,ai,10110,0,8.184583418047577e-19
2006,ai,10110,1,1.0064669223827702e-18
2006,ai,10110,2,-1.0915499281725297e-19
2006,ai,10110,3,-5.9476233462061954e-18
2006,ai,10110,4,-1.4833077688857597e-18
2006,ai,10110,12,-7.073249251975961e-6
2006,ai,10112,0,9.479818995321974e-19
2006,ai,10112,1,4.0795403778268135e-19
2006,ai,10112,2,5.59220067913576e-19
2006,ai,10112,3,0
2006,ai,10112,4,-1.3121626292645079e-18
2006,ai,10112,12,-1.2458405886382086e-5
2006,ai,21720,0,2.501179269199233e-19
2006,ai,21720,1,-4.509819674913109e-19
2006,ai,21720,2,1.593113396305231e-19
2006,ai,21720,4,6.397866285161986e-19
2006,ai,21720,12,-8.854427842671736e-6
2006,ai,21740,0,-7.9535129518899315e-19
2006,ai,21740,1,-6.666892306248584e-19
2006,ai,21740,2,-1.02675563946575e-18
2006,ai,21740,3,7.45931094670027e-18
2006,ai,21740,4,1.0223055559219663e-18
2006,ai,21740,12,-1.6988667663536342e-6
2006,ai,21921,0,-2.9018352263582617e-19
2006,ai,21921,1,1.6402793023579526e-18
2006,ai,21921,2,-4.1561083278611005e-19
2006,ai,21921,3,1.3877787807814457e-17
2006,ai,21921,4,-7.304413533381202e-19
2006,ai,21921,12,-4.382095375103368e-7
2006,ai,30060,0,-1.5952830299043658e-18
2006,ai,30060,1,1.4114110000098406e-18
2006,ai,30060,2,4.2335513401814934e-19
2006,ai,30060,3,-3.285966584302221e-18
2006,ai,30060,4,2.191895392041528e-18
2006,ai,30060,12,-1.5526993997330914e-6
2006,ai,30420,0,-1.9419974207166828e-18
2006,ai,30420,1,1.1401063470042883e-18
2006,ai,30420,2,2.053207864144424e-18
2006,ai,30420,3,2.7755575615628914e-17
2006,ai,30420,4,-1.4493231982195934e-18
2006,ai,30420,12,-3.853913791684709e-6
2006,cai,10110,0,6.384746126859082e-19
2006,cai,10110,1,1.4532922737571655e-18
2006,cai,10110,2,8.402566836762659e-19
2006,cai,10110,4,3.342956698496972e-19
2006,cai,10110,12,3.1590696072819016e-8
2006,cai,10112,0,-3.6140072416183483e-19
2006,cai,10112,1,7.388637027308623e-19
2006,cai,10112,2,4.136648288867771e-19
2006,cai,10112,3,0
2006,cai,10112,4,8.071282839614311e-19
2006,cai,10112,12,-3.565548138356533e-5
2006,cai,21720,0,8.044080634569871e-19
2006,cai,21720,1,4.74023275412267e-19
2006,cai,21720,2,-7.382900507877482e-19
2006,cai,21720,4,-6.3886321561511445e-19
2006,cai,21720,12,-4.230186121753059e-5
2006,cai,21740,0,1.5874356336768895e-18
2006,cai,21740,1,1.3901020711510574e-18
2006,cai,21740,2,4.597017211338539e-19
2006,cai,21740,4,-8.591790800828526e-19
2006,cai,21740,12,-4.6207357541498524e-5
2006,cai,21921,0,-1.5675191721888081e-18
2006,cai,21921,1,-4.833300309794154e-19
2006,cai,21921,2,-2.4907608837546453e-18
2006,cai,21921,4,-1.5320567261304282e-18
2006,cai,21921,12,-1.345661081053028e-6
2006,cai,30060,0,-1.1890289166244912e-18
2006,cai,30060,1,-5.615555203861413e-19
2006,cai,30060,2,7.860465750519907e-19
2006,cai,30060,4,2.136679110946575e-18
2006,cai,30060,12,-3.8040634360387916e-6
2006,cai,30420,0,4.069928155176355e-18
2006,cai,30420,1,2.7050844203513335e-18
2006,cai,30420,2,-3.2526065174565133e-18
2006,cai,30420,3,0
2006,cai,30420,4,-1.159262322888347e-18
2006,cai,30420,12,-5.916648043263465e-5
2006,eai,10110,0,-2.5137153108653645e-19
2006,eai,10110,1,7.68369365717988e-19
2006,eai,10110,2,-5.473715134701123e-19
2006,eai,10110,3,-2.7755575615628914e-17
2006,eai,10110,4,-2.142413197000466e-19
2006,eai,10110,12,-1.4928417352349407e-5
2006,eai,10112,0,-1.8019134697646412e-19
2006,eai,10112,1,-3.4194068516850523e-19
2006,eai,10112,2,-5.028183988338571e-19
2006,eai,10112,4,8.062799254540089e-19
2006,eai,10112,12,-3.4016676626661493e-5
2006,eai,21720,0,4.0958748738341278e-19
2006,eai,21720,1,7.047314121155779e-19
2006,eai,21720,2,-6.098637220230962e-19
2006,eai,21720,4,9.818053006396512e-19
2006,eai,21720,12,-1.1290706211807676e-4
2006,eai,21740,0,1.5322653151963507e-18
2006,eai,21740,1,1.0958186243335635e-18
2006,eai,21740,2,-3.374926762557442e-18
2006,eai,21740,3,-2.7755575615628915e-18
2006,eai,21740,4,-2.8764547433288895e-20
2006,eai,21740,12,-9.56197164630207e-6
2006,eai,21921,0,-3.1897227914523542e-18
2006,eai,21921,1,-1.8637951631774623e-18
2006,eai,21921,2,-1.3737334344560652e-18
2006,eai,21921,3,1.3877787807814457e-17
2006,eai,21921,4,-1.0397498834135987e-18
2006,eai,21921,12,-4.968021073671643e-5
2006,eai,30060,0,5.963111948670274e-19
2006,eai,30060,1,-3.5763613328514904e-19
2006,eai,30060,2,2.1239242558433986e-18
2006,eai,30060,3,-5.551115123125783e-18
2006,eai,30060,4,1.5106550269964695e-18
2006,eai,30060,12,-1.260839606724747e-5
2006,eai,30420,0,3.054621772915682e-18
2006,eai,30420,1,8.673617379884035e-19
2006,eai,30420,2,5.091036288192804e-19
2006,eai,30420,4,-3.4977304868880186e-18
2006,eai,30420,12,-1.2191711045524838e-5
2006,sbs,10110,0,8.011049385587339e-19
2006,sbs,10110,1,-9.422233165647835e-19
2006,sbs,10110,2,-8.73469919241843e-19
2006,sbs,10110,3,6.938893903907228e-18
2006,sbs,10110,4,1.1384122811097797e-18
2006,sbs,10110,12,-4.7972643981823814e-5
2006,sbs,10112,0,2.678617132023011e-19
2006,sbs,10112,1,-1.633867459931644e-18
2006,sbs,10112,2,-2.168404344971009e-19
2006,sbs,10112,4,-8.928723773410036e-20
2006,sbs,10112,12,-2.3554641867483465e-5
2006,sbs,21720,0,-1.9418546372874705e-20
2006,sbs,21720,1,6.860042836817373e-19
2006,sbs,21720,2,-5.963111948670274e-19
2006,sbs,21720,4,4.530994153670764e-19
2006,sbs,21720,12,-2.0439626263325293e-4
2006,sbs,21740,0,-2.454797371665293e-20
2006,sbs,21740,1,1.7450492109528595e-18
2006,sbs,21740,2,1.1609998263698944e-18
2006,sbs,21740,3,-4.553649124439119e-18
2006,sbs,21740,4,-1.415599817660319e-18
2006,sbs,21740,12,-4.6033362735200144e-5
2006,sbs,21921,0,-3.820521941139397e-18
2006,sbs,21921,1,4.285787411236818e-18
2006,sbs,21921,2,3.2653618371328133e-18
2006,sbs,21921,4,2.416221984396267e-18
2006,sbs,21921,12,-1.5914899913810378e-4
2006,sbs,30060,0,-1.1384122811097797e-18
2006,sbs,30060,1,-4.891920202254596e-18
2006,sbs,30060,2,1.0008020053712348e-18
2006,sbs,30060,3,3.700743415417188e-17
2006,sbs,30060,4,3.2526065174565133e-19
2006,sbs,30060,12,-1.932731233436019e-5
2006,sbs,30420,0,-9.804958777260213e-19
2006,sbs,30420,1,-3.469446951953614e-18
2006,sbs,30420,2,2.271661694731533e-18
2006,sbs,30420,4,-3.582581091691232e-18
2006,sbs,30420,12,-1.1827285456920859e-4
2006,wai,10110,0,2.307592461709013e-19
2006,wai,10110,1,-4.640385298237959e-19
2006,wai,10110,2,5.023979080953957e-19
2006,wai,10110,4,9.669911268113959e-19
2006,wai,10110,12,-2.572402199465596e-5
2006,wai,10112,0,8.673617379884035e-19
2006,wai,10112,1,-1.9028854455868036e-19
2006,wai,10112,2,7.182839392716467e-19
2006,wai,10112,4,5.913830031739115e-19
2006,wai,10112,12,-4.6033725698316934e-5
2006,wai,21720,0,7.011174048739595e-19
2006,wai,21720,1,5.878204549620204e-20
2006,wai,21720,2,-9.002995255069505e-19
2006,wai,21720,4,-2.4334315426896878e-19
2006,wai,21720,12,-6.362522007385529e-5
2006,wai,21740,0,-8.88537561669761e-19
2006,wai,21740,1,9.655536328550152e-19
2006,wai,21740,2,-9.917783807326418e-19
2006,wai,21740,4,9.22418879559933e-19
2006,wai,21740,12,-2.7536124960618593e-5
2006,wai,21921,0,-2.0154543956382325e-18
2006,wai,21921,1,-2.1227948785803927e-18
2006,wai,21921,2,2.714029088274339e-18
2006,wai,21921,4,-7.625716619423716e-19
2006,wai,21921,12,-1.671993027886369e-6
2006,wai,30060,0,1.0856287542914065e-18
2006,wai,30060,1,9.769777664566072e-19
2006,wai,30060,2,-2.2640692425432593e-18
2006,wai,30060,3,-9.25185853854297e-18
2006,wai,30060,4,3.6520494231090674e-19
2006,wai,30060,12,-7.770252959242029e-7
2006,wai,30420,0,2.8049359430108857e-18
2006,wai,30420,1,-1.0687135700214259e-18
2006,wai,30420,2,1.996093642558134e-18
2006,wai,30420,3,-8.326672684688674e-17
2006,wai,30420,4,2.5041572758052297e-18
2006,wai,30420,12,-2.1187010129107645e-5
2010,ai,10110,0,5.16167237981139e-19
2010,ai,10110,1,2.9572637086780326e-19
2010,ai,10110,2,7.27547692011238e-19
2010,ai,10110,3,-2.996340549414485e-18
2010,ai,10110,4,-5.760660617079617e-19
2010,ai,10110,12,-3.3830195757962415e-6
2010,ai,10112,0,3.766907547994509e-19
2010,ai,10112,1,9.98681052845484e-19
2010,ai,10112,2,8.340016711426958e-21
2010,ai,10112,4,2.5854051805423567e-19
2010,ai,10112,12,-9.637293246687495e-6
2010,ai,21720,0,-6.158268339717665e-19
2010,ai,21720,1,-1.1541506997426337e-19
2010,ai,21720,2,1.162443566376211e-19
2010,ai,21720,3,0
2010,ai,21720,4,-5.242117503967414e-19
2010,ai,21720,12,-5.298058696955885e-6
2010,ai,21740,0,3.8764213703755626e-19
2010,ai,21740,1,2.0535524199195784e-19
2010,ai,21740,2,-6.066272976276172e-19
2010,ai,21740,3,7.93016446160826e-18
2010,ai,21740,4,-8.281989205447635e-19
2010,ai,21740,12,-2.7908334755223953e-6
2010,ai,21921,0,1.87190149475165e-18
2010,ai,21921,1,-2.13177589319785e-19
2010,ai,21921,2,-2.209418571890691e-19
2010,ai,21921,3,-4.240435163498862e-18
2010,ai,21921,4,-2.0117239090691402e-18
2010,ai,21921,12,-1.1865032673246604e-6
2010,ai,30060,0,-1.76679779024617e-18
2010,ai,30060,1,-9.618819273845758e-19
2010,ai,30060,2,4.264318428409557e-19
2010,ai,30060,3,-6.567167444769341e-18
2010,ai,30060,4,-2.971015119880417e-19
2010,ai,30060,12,-4.7038958541798545e-7
2010,ai,30420,0,-1.6183653499654163e-18
2010,ai,30420,1,-2.389056427730754e-18
2010,ai,30420,2,-4.40231257119635e-19
2010,ai,30420,3,1.9949319973733282e-17
2010,ai,30420,4,-1.6645407460614508e-18
2010,ai,30420,12,-7.314584109693126e-6
2010,cai,10110,0,8.026107749094081e-19
2010,cai,10110,1,1.4613159716108973e-19
2010,cai,10110,2,-5.848583550168285e-19
2010,cai,10110,3,-6.071532165918825e-18
2010,cai,10110,4,-7.453889935837843e-19
2010,cai,10110,12,-2.616657006982482e-5
2010,cai,10112,0,-2.9302761418527146e-19
2010,cai,10112,1,-5.318727638608135e-19
2010,cai,10112,2,-1.294569758191647e-19
2010,cai,10112,4,-7.384295877468841e-19
2010,cai,10112,12,-9.161590791014397e-5
2010,cai,21720,0,-6.401955685152503e-19
2010,cai,21720,1,8.211024452956887e-19
2010,cai,21720,2,6.108181253439462e-20
2010,cai,21720,4,-4.698209414103852e-19
2010,cai,21720,12,-7.651631654308058e-5
2010,cai,21740,0,-8.231377020054422e-19
2010,cai,21740,1,8.367212418094654e-19
2010,cai,21740,2,-9.085212649068347e-19
2010,cai,21740,3,1.850371707708594e-17
2010,cai,21740,4,-1.38616198806809e-18
2010,cai,21740,12,-1.9503917057692493e-5
2010,cai,21921,0,1.259416987860394e-18
2010,cai,21921,1,-1.2316486484890308e-18
2010,cai,21921,2,-2.4996883421193576e-18
2010,cai,21921,3,-6.938893903907229e-19
2010,cai,21921,4,-1.988349341326095e-18
2010,cai,21921,12,-5.839349006842559e-7
2010,cai,30060,0,-1.87997876703416e-19
2010,cai,30060,1,2.183462708477752e-19
2010,cai,30060,2,6.47509630789954e-19
2010,cai,30060,3,0
2010,cai,30060,4,-1.0685646411515788e-18
2010,cai,30060,12,-1.635874086634181e-6
2010,cai,30420,0,2.8356056818851655e-19
2010,cai,30420,1,-1.2912847874302358e-18
2010,cai,30420,2,9.194034422677078e-19
2010,cai,30420,4,-4.774659567291933e-19
2010,cai,30420,12,-3.400504500902473e-5
2010,eai,10110,0,-8.95252446048719e-19
2010,eai,10110,1,-3.0357660829594124e-18
2010,eai,10110,2,2.4314828132946975e-20
2010,eai,10110,3,0
2010,eai,10110,4,-6.084888279637849e-19
2010,eai,10110,12,-6.59223949741986e-6
2010,eai,10112,0,-1.0191500421363742e-18
2010,eai,10112,1,1.3246979271095618e-18
2010,eai,10112,2,9.726842347441383e-19
2010,eai,10112,4,-2.6640396238215253e-19
2010,eai,10112,12,-2.3928518384969884e-5
2010,eai,21720,0,5.018307198361478e-19
2010,eai,21720,1,-8.601337235051669e-19
2010,eai,21720,2,4.0614557572472865e-19
2010,eai,21720,4,6.536190239841184e-19
2010,eai,21720,12,-5.900325282783522e-5
2010,eai,21740,0,6.897768993916399e-19
2010,eai,21740,1,9.540979117872439e-20
2010,eai,21740,2,1.0034184812022709e-18
2010,eai,21740,3,0
2010,eai,21740,4,-5.981805089575197e-19
2010,eai,21740,12,-1.1409807830141426e-5
2010,eai,21921,0,-1.2081109921981335e-18
2010,eai,21921,1,1.5838779563266499e-18
2010,eai,21921,2,-2.7529307336153677e-18
2010,eai,21921,4,-2.6020852139652106e-18
2010,eai,21921,12,-3.279987796662381e-5
2010,eai,30060,0,-8.568893306405322e-19
2010,eai,30060,1,-1.0959232770529154e-18
2010,eai,30060,2,-1.1463454677377223e-18
2010,eai,30060,3,-6.238332500147364e-18
2010,eai,30060,4,1.5733251980272604e-18
2010,eai,30060,12,-2.020604034917869e-6
2010,eai,30420,0,6.860966872759833e-19
2010,eai,30420,1,1.1627133642861788e-18
2010,eai,30420,2,7.346404375634538e-19
2010,eai,30420,3,-4.625929269271485e-18
2010,eai,30420,4,1.0054281083908545e-18
2010,eai,30420,12,-1.162120643768235e-5
2010,sbs,10110,0,3.3300495297769067e-20
2010,sbs,10110,1,1.441988889405721e-18
2010,sbs,10110,2,1.214620694683036e-18
2010,sbs,10110,3,-1.1102230246251566e-17
2010,sbs,10110,4,-4.685302245383787e-19
2010,sbs,10110,12,-2.65234230295445e-5
2010,sbs,10112,0,-4.130293990420969e-19
2010,sbs,10112,1,-4.130293990420969e-19
2010,sbs,10112,2,4.027036640660445e-19
2010,sbs,10112,4,-4.130293990420969e-19
2010,sbs,10112,12,-7.535546470851017e-5
2010,sbs,21720,0,7.762887554996212e-19
2010,sbs,21720,1,8.890457814381136e-19
2010,sbs,21720,2,9.925794536839124e-19
2010,sbs,21720,4,8.312216655722201e-19
2010,sbs,21720,12,-9.635408858170762e-5
2010,sbs,21740,0,5.579992430989098e-19
2010,sbs,21740,1,-7.753306233471922e-20
2010,sbs,21740,2,1.8137798843872086e-18
2010,sbs,21740,3,7.806255641895632e-18
2010,sbs,21740,4,-1.1302025771594688e-18
2010,sbs,21740,12,-1.1234523129795356e-5
2010,sbs,21921,0,5.467743714689828e-19
2010,sbs,21921,1,-6.39914977890901e-19
2010,sbs,21921,2,-3.4911309954033245e-19
2010,sbs,21921,4,-3.7526480366631896e-18
2010,sbs,21921,12,-3.0046063121175553e-5
2010,sbs,30060,0,-1.3134334889538682e-18
2010,sbs,30060,1,1.2730631960797536e-18
2010,sbs,30060,2,1.9244588561617704e-18
2010,sbs,30060,4,1.1151793774136618e-18
2010,sbs,30060,12,-4.2229850096215504e-6
2010,sbs,30420,0,-1.3877787807814458e-18
2010,sbs,30420,1,2.6809362810550654e-18
2010,sbs,30420,2,-8.163404592832033e-19
2010,sbs,30420,4,4.163336342344337e-19
2010,sbs,30420,12,-1.5919268091474804e-4
2010,wai,10110,0,3.9668613270331125e-19
2010,wai,10110,1,-2.9207078932262567e-19
2010,wai,10110,2,-5.2279337632177745e-19
2010,wai,10110,4,5.505256301505788e-19
2010,wai,10110,12,-1.1556043460216773e-5
2010,wai,10112,0,-7.919389781633249e-19
2010,wai,10112,1,-1.0755285551056204e-18
2010,wai,10112,2,-2.199830494898125e-19
2010,wai,10112,4,-1.0182072576385608e-18
2010,wai,10112,12,-7.39427201214286e-5
2010,wai,21720,0,9.75781955236954e-19
2010,wai,21720,1,-2.710505431213761e-20
2010,wai,21720,2,7.434529182757744e-19
2010,wai,21720,3,0
2010,wai,21720,4,5.083703519876477e-19
2010,wai,21720,12,-4.246619838664677e-5
2010,wai,21740,0,-2.3251054402130544e-19
2010,wai,21740,1,3.0970034278868343e-19
2010,wai,21740,2,-9.215718466126788e-19
2010,wai,21740,4,-1.3124775517705384e-18
2010,wai,21740,12,-1.9361948937023113e-5
2010,wai,21921,0,7.900621386537889e-19
2010,wai,21921,1,9.416496646216696e-19
2010,wai,21921,2,3.6995011004278825e-18
2010,wai,21921,3,6.632766231676027e-19
2010,wai,21921,4,4.467314507000458e-18
2010,wai,21921,12,-1.9954238108913473e-6
2010,wai,30060,0,-6.789170746754468e-19
2010,wai,30060,1,7.649648661425503e-19
2010,wai,30060,2,-2.0979312037594512e-18
2010,wai,30060,3,2.8622937353617316e-18
2010,wai,30060,4,7.821744244359711e-19
2010,wai,30060,12,-8.520074501278949e-6
2010,wai,30420,0,-1.4160204986615116e-18
2010,wai,30420,1,1.962606710378853e-18
2010,wai,30420,2,-1.2065513759777922e-18
2010,wai,30420,3,0
2010,wai,30420,4,-2.2427246551817086e-19
2010,wai,30420,12,-1.6634167377062826e-5
2012,ai,10110,0,8.147217392175753e-19
2012,ai,10110,1,-1.4723185105239577e-18
2012,ai,10110,2,-9.970542763426823e-19
2012,ai,10110,3,-8.326672684688674e-18
2012,ai,10110,4,5.175577901125544e-19
2012,ai,10110,12,-8.296080133474656e-6
2012,ai,10112,0,-1.6245657552467094e-19
2012,ai,10112,1,-2.8413574175482184e-19
2012,ai,10112,2,7.638065304881855e-19
2012,ai,10112,4,-1.6245657552467094e-19
2012,ai,10112,12,-1.30270705126145e-5
2012,ai,21720,0,3.863154710548098e-19
2012,ai,21720,1,7.782577663416063e-19
2012,ai,21720,2,6.837468539384391e-19
2012,ai,21720,3,0
2012,ai,21720,4,-3.726260496850433e-19
2012,ai,21720,12,-1.7376438024649607e-5
2012,ai,21740,0,6.882326834038419e-19
2012,ai,21740,1,-7.159176250063013e-19
2012,ai,21740,2,8.327929730685759e-19
2012,ai,21740,3,2.0816681711721684e-18
2012,ai,21740,4,-2.3569612445337052e-20
2012,ai,21740,12,-2.533086710415227e-6
2012,ai,21921,0,-8.634523551549221e-19
2012,ai,21921,1,-9.897451650341158e-19
2012,ai,21921,2,3.6627487866533325e-19
2012,ai,21921,3,1.5034270125132327e-17
2012,ai,21921,4,8.219260219459421e-19
2012,ai,21921,12,-1.1466851258239535e-6
2012,ai,30060,0,1.2454177731166393e-18
2012,ai,30060,1,-7.56483059258798e-19
2012,ai,30060,2,2.0780541639305503e-18
2012,ai,30060,3,9.25185853854297e-18
2012,ai,30060,4,1.4395775488026864e-18
2012,ai,30060,12,-2.7747781543168244e-7
2012,ai,30420,0,7.948831890422653e-19
2012,ai,30420,1,2.0419140915143667e-19
2012,ai,30420,2,1.4379629916328886e-19
2012,ai,30420,3,-5.551115123125783e-17
2012,ai,30420,4,-1.9207044398550215e-19
2012,ai,30420,12,-8.994857685244965e-7
2012,cai,10110,0,-9.226560487851643e-19
2012,cai,10110,1,-1.5506349821068726e-18
2012,cai,10110,2,9.860379217334385e-19
2012,cai,10110,3,-4.163336342344337e-17
2012,cai,10110,4,9.324138683375338e-20
2012,cai,10110,12,5.028154391096262e-6
2012,cai,10112,0,5.054726344695933e-20
2012,cai,10112,1,1.6303188223300547e-18
2012,cai,10112,2,2.5043543139101793e-19
2012,cai,10112,4,-7.838488679456012e-19
2012,cai,10112,12,-4.3480246084866e-5
2012,cai,21720,0,6.753403893674769e-19
2012,cai,21720,1,-1.7525459774423223e-19
2012,cai,21720,2,-1.0299920638612292e-19
2012,cai,21720,4,7.249785611198252e-19
2012,cai,21720,12,-4.1994989303107654e-5
2012,cai,21740,0,4.0427877618103553e-19
2012,cai,21740,1,1.1102230246251566e-18
2012,cai,21740,2,-9.438936560462038e-19
2012,cai,21740,3,0
2012,cai,21740,4,1.1613826661200658e-18
2012,cai,21740,12,-8.231806318822846e-5
2012,cai,21921,0,-1.1385332858165302e-18
2012,cai,21921,1,2.222363480870172e-18
2012,cai,21921,2,-3.119166250073682e-18
2012,cai,21921,4,-1.7787691892340307e-20
2012,cai,21921,12,-2.632382787613703e-5
2012,cai,30060,0,1.734723475976807e-18
2012,cai,30060,1,-4.731638981088822e-18
2012,cai,30060,2,1.9617283058409596e-18
2012,cai,30060,4,-2.5973019690865982e-18
2012,cai,30060,12,-2.248646803474308e-6
2012,cai,30420,0,4.795509609070501e-19
2012,cai,30420,1,-8.119731487418614e-19
2012,cai,30420,2,-5.724587470723464e-19
2012,cai,30420,4,-1.838973684869644e-18
2012,cai,30420,12,-9.624360824920859e-5
2012,eai,10110,0,-1.6677137583718002e-19
2012,eai,10110,1,-1.6931623926981961e-18
2012,eai,10110,2,9.017202575390005e-19
2012,eai,10110,3,0
2012,eai,10110,4,-2.9740267925817654e-19
2012,eai,10110,12,-2.7289597847309824e-5
2012,eai,10112,0,2.5988963840461355e-19
2012,eai,10112,1,1.610814656264178e-18
2012,eai,10112,2,2.8965998339538103e-19
2012,eai,10112,4,7.485778235028593e-19
2012,eai,10112,12,-7.656440101942441e-5
2012,eai,21720,0,-1.3432842500664561e-18
2012,eai,21720,1,-1.383503053904038e-18
2012,eai,21720,2,-1.5211685026084503e-18
2012,eai,21720,3,0
2012,eai,21720,4,-1.0968746654106596e-18
2012,eai,21720,12,-4.989869501519679e-5
2012,eai,21740,0,-4.041981783388942e-19
2012,eai,21740,1,4.683753385137379e-19
2012,eai,21740,2,-1.1476177712535246e-18
2012,eai,21740,3,2.6020852139652106e-18
2012,eai,21740,4,-7.465778117553693e-19
2012,eai,21740,12,-1.1799891751338088e-5
2012,eai,21921,0,9.637352644315594e-20
2012,eai,21921,1,-1.4817429690635227e-18
2012,eai,21921,2,1.2849803525754126e-18
2012,eai,21921,4,9.777897370378531e-19
2012,eai,21921,12,-5.161185263477494e-5
2012,eai,30060,0,1.279388025548452e-19
2012,eai,30060,1,4.04966452082281e-19
2012,eai,30060,2,-1.9529191631895148e-18
2012,eai,30060,3,9.912705577010326e-18
2012,eai,30060,4,-1.1219872074369355e-18
2012,eai,30060,12,-6.03522891925043e-7
2012,eai,30420,0,-6.575161562170156e-19
2012,eai,30420,1,-2.009944027453897e-18
2012,eai,30420,2,3.155802752056022e-18
2012,eai,30420,4,-1.2503299247211867e-18
2012,eai,30420,12,-5.665128368372161e-5
2012,sbs,10110,0,6.204972433301656e-19
2012,sbs,10110,1,8.303402003913375e-19
2012,sbs,10110,2,-2.4481984539995264e-19
2012,sbs,10110,3,5.551115123125783e-17
2012,sbs,10110,4,-8.807057647266866e-19
2012,sbs,10110,12,-6.932679023111097e-5
2012,sbs,10112,0,-1.5552693232895512e-18
2012,sbs,10112,1,2.168404344971009e-18
2012,sbs,10112,2,-2.2078298785159363e-18
2012,sbs,10112,4,1.794541526872559e-19
2012,sbs,10112,12,-6.804149196942763e-4
2012,sbs,21720,0,6.505213034913027e-19
2012,sbs,21720,1,2.5836307089016275e-19
2012,sbs,21720,2,-8.173216377198418e-19
2012,sbs,21720,4,4.956352788505163e-19
2012,sbs,21720,12,-1.2668116279277103e-4
2012,sbs,21740,0,-4.88779667923793e-19
2012,sbs,21740,1,8.152366335419851e-19
2012,sbs,21740,2,-1.1136042652986706e-18
2012,sbs,21740,3,-6.938893903907228e-18
2012,sbs,21740,4,-7.340581921910055e-19
2012,sbs,21740,12,-7.76985456814373e-6
2012,sbs,21921,0,-8.673617379884035e-19
2012,sbs,21921,1,4.003208021484939e-18
2012,sbs,21921,2,-3.4694469519536144e-19
2012,sbs,21921,4,-2.0501277443362267e-18
2012,sbs,21921,12,-5.128285667237041e-4
2012,sbs,30060,0,-1.783073032317377e-18
2012,sbs,30060,1,7.776346616447756e-19
2012,sbs,30060,2,-7.972074797687532e-19
2012,sbs,30060,3,-1.3877787807814457e-17
2012,sbs,30060,4,-1.6292335348701093e-18
2012,sbs,30060,12,-1.2351743564991262e-5
2012,sbs,30420,0,1.9244588561617704e-18
2012,sbs,30420,1,-1.6653345369377347e-18
2012,sbs,30420,2,-3.336006684570783e-20
2012,sbs,30420,3,-5.551115123125783e-17
2012,sbs,30420,4,2.4665599424045226e-18
2012,sbs,30420,12,-2.5774012455685296e-4
2012,wai,10110,0,-1.1510365529811862e-18
2012,wai,10110,1,-6.122553444624025e-19
2012,wai,10110,2,-2.134987154723168e-19
2012,wai,10110,4,-9.7169763198444e-19
2012,wai,10110,12,-2.3771412270844792e-5
2012,wai,10112,0,-3.172885769479638e-19
2012,wai,10112,1,-3.4795325535581304e-19
2012,wai,10112,2,3.9425533544927435e-20
2012,wai,10112,4,1.7698006050866322e-19
2012,wai,10112,12,-9.964148497305994e-5
2012,wai,21720,0,-4.861038311803141e-19
2012,wai,21720,1,-3.2971627711203013e-19
2012,wai,21720,2,1.317305639569888e-18
2012,wai,21720,4,5.671211363770331e-19
2012,wai,21720,12,-1.243615066086711e-4
2012,wai,21740,0,1.410397481276402e-18
2012,wai,21740,1,1.6019640262847045e-18
2012,wai,21740,2,6.790529396093423e-19
2012,wai,21740,4,-8.421259977667582e-19
2012,wai,21740,12,-2.386371882626103e-5
2012,wai,21921,0,-2.5503848325920593e-18
2012,wai,21921,1,-1.0395290274155e-18
2012,wai,21921,2,-2.140256788569943e-18
2012,wai,21921,3,1.5034270125132327e-17
2012,wai,21921,4,1.1655173354219173e-18
2012,wai,21921,12,-2.0139316930400485e-7
2012,wai,30060,0,-5.264086863778305e-19
2012,wai,30060,1,1.0632176143083657e-18
2012,wai,30060,2,-9.042547285799243e-19
2012,wai,30060,3,0
2012,wai,30060,4,-7.503820299044413e-19
2012,wai,30060,12,-1.9976701241847053e-6
2012,wai,30420,0,1.5851783487374273e-18
2012,wai,30420,1,1.858632295689436e-19
2012,wai,30420,2,9.29316147844718e-20
2012,wai,30420,4,1.0468158906756595e-19
2012,wai,30420,12,-7.340339950784384e-5
2014,ai,10110,0,3.21423490442427e-19
2014,ai,10110,1,8.135333906924683e-19
2014,ai,10110,2,2.0496105884178132e-21
2014,ai,10110,3,-2.3129646346357427e-18
2014,ai,10110,4,-7.69963154270391e-19
2014,ai,10110,12,-4.723576553007731e-6
2014,ai,10112,0,5.942783157936171e-19
2014,ai,10112,1,1.4875621332661286e-18
2014,ai,10112,2,7.983982453714458e-19
2014,ai,10112,4,-7.907899595566148e-19
2014,ai,10112,12,-6.136834695477091e-6
2014,ai,21720,0,5.093260971000144e-19
2014,ai,21720,1,5.7670328323697045e-21
2014,ai,21720,2,-3.05573822824204e-19
2014,ai,21720,4,-7.204965967665151e-20
2014,ai,21720,12,-5.711531805998757e-6
2014,ai,21740,0,-1.3768581936817728e-19
2014,ai,21740,1,-4.358667604709871e-19
2014,ai,21740,2,5.088176739624068e-19
2014,ai,21740,3,-5.551115123125783e-18
2014,ai,21740,4,8.360337947798098e-19
2014,ai,21740,12,-1.4260556679825544e-6
2014,ai,21921,0,5.947353196163217e-19
2014,ai,21921,1,1.3439589429768231e-19
2014,ai,21921,2,1.3252435483327283e-18
2014,ai,21921,3,-4.625929269271485e-18
2014,ai,21921,4,2.1059208912805288e-18
2014,ai,21921,12,-2.928522125214372e-7
2014,ai,30060,0,6.040966891907265e-19
2014,ai,30060,1,3.741819692846314e-19
2014,ai,30060,2,1.4168551117708296e-20
2014,ai,30060,3,6.033820786006285e-19
2014,ai,30060,4,-1.180799972427697e-18
2014,ai,30060,12,-1.4172903011879372e-6
2014,ai,30420,0,1.1429297901618025e-18
2014,ai,30420,1,9.706413414881003e-19
2014,ai,30420,2,2.0032329202564203e-19
2014,ai,30420,4,-8.230080127503602e-19
2014,ai,30420,12,-2.2444602611526743e-6
2014,cai,10110,0,-8.834782567685935e-19
2014,cai,10110,1,-4.956352788505163e-19
2014,cai,10110,2,9.336185374180732e-19
2014,cai,10110,4,-8.11686491293202e-19
2014,cai,10110,12,-3.5491331404423824e-5
2014,cai,10112,0,1.117056783772944e-19
2014,cai,10112,1,2.0129338447655404e-18
2014,cai,10112,2,3.270380323562833e-19
2014,cai,10112,4,2.529805069132844e-19
2014,cai,10112,12,-3.729857332342492e-5
2014,cai,21720,0,-2.39800009914441e-19
2014,cai,21720,1,-2.198945251238206e-19
2014,cai,21720,2,2.376333528735352e-20
2014,cai,21720,4,3.724553345479615e-19
2014,cai,21720,12,-8.430669962711114e-5
2014,cai,21740,0,-1.0408340855860842e-18
2014,cai,21740,1,-3.758567531283082e-19
2014,cai,21740,2,-5.671211363770331e-19
2014,cai,21740,3,2.7755575615628914e-17
2014,cai,21740,4,1.2143064331837649e-18
2014,cai,21740,12,-4.991984772177651e-5
2014,cai,21921,0,-2.325613659981407e-18
2014,cai,21921,1,-1.3693071882131741e-18
2014,cai,21921,2,1.927470528863119e-19
2014,cai,21921,4,5.637851296924623e-19
2014,cai,21921,12,-7.91037139526636e-5
2014,cai,30060,0,1.4757196236608255e-19
2014,cai,30060,1,1.6158109796396872e-18
2014,cai,30060,2,1.3584415455259555e-18
2014,cai,30060,3,-1.734723475976807e-18
2014,cai,30060,4,-7.258131210250183e-19
2014,cai,30060,12,-4.77682656027453e-6
2014,cai,30420,0,-4.037226510702602e-18
2014,cai,30420,1,-3.673532066774415e-18
2014,cai,30420,2,5.149960319306146e-18
2014,cai,30420,4,-3.86318353038256e-18
2014,cai,30420,12,-4.259722091964628e-6
2014,eai,10110,0,6.813393789420893e-20
2014,eai,10110,1,4.928191693115929e-20
2014,eai,10110,2,-4.909450682451967e-19
2014,eai,10110,4,-1.4183740749639132e-19
2014,eai,10110,12,-1.5311870213316153e-05
2014,eai,10112,0,-3.810889725676661e-19
2014,eai,10112,1,2.2845688634515987e-19
2014,eai,10112,2,-2.0369858998212509e-19
2014,eai,10112,4,-8.653389727412291e-19
2014,eai,10112,12,-2.6829491166107382e-5
2014,eai,21720,0,-3.1080462277917794e-19
2014,eai,21720,1,-4.77048955893622e-19
2014,eai,21720,2,-8.983389429165609e-19
2014,eai,21720,4,4.39704214396899e-19
2014,eai,21720,12,-1.894805660748274e-5
2014,eai,21740,0,-8.91964787287113e-19
2014,eai,21740,1,-8.96688518063831e-19
2014,eai,21740,2,-3.049318610115481e-19
2014,eai,21740,4,3.63207727782644e-19
2014,eai,21740,12,-4.291025214425752e-6
2014,eai,21921,0,-2.246466901389965e-18
2014,eai,21921,1,-2.45029690981724e-18
2014,eai,21921,2,8.107946681195947e-19
2014,eai,21921,3,0
2014,eai,21921,4,-8.326672684688674e-19
2014,eai,21921,12,-5.145120233814422e-5
2014,eai,30060,0,-7.912057757307215e-19
2014,eai,30060,1,5.351510723165631e-19
2014,eai,30060,2,-1.4017185229991165e-18
2014,eai,30060,3,2.168404344971009e-18
2014,eai,30060,4,2.0766167746867246e-18
2014,eai,30060,12,-6.893573304725247e-8
2014,eai,30420,0,-1.456280645315757e-18
2014,eai,30420,1,-1.328147661294743e-18
2014,eai,30420,2,-2.3405214398530825e-18
2014,eai,30420,4,-1.0115113450120445e-18
2014,eai,30420,12,-1.0109487057766452e-6
2014,sbs,10110,0,-3.912555665925951e-19
2014,sbs,10110,1,2.291609137298907e-19
2014,sbs,10110,2,1.1489306603950867e-19
2014,sbs,10110,3,0
2014,sbs,10110,4,-1.0178144307644717e-18
2014,sbs,10110,12,-1.4098782252199456e-5
2014,sbs,10112,0,5.421010862427522e-19
2014,sbs,10112,1,3.4694469519536144e-19
2014,sbs,10112,2,-2.271661694731533e-18
2014,sbs,10112,4,7.589415207398531e-19
2014,sbs,10112,12,-1.1543371893582671e-4
2014,sbs,21720,0,5.403801304134102e-19
2014,sbs,21720,1,-2.0542778004988504e-19
2014,sbs,21720,2,9.84668858290114e-19
2014,sbs,21720,4,-7.864768140093262e-19
2014,sbs,21720,12,-2.15843573488272e-5
2014,sbs,21740,0,5.952182491286348e-19
2014,sbs,21740,1,-3.162256336416055e-20
2014,sbs,21740,2,-3.24808900840449e-19
2014,sbs,21740,4,-4.400199542768791e-19
2014,sbs,21740,12,-2.9940504991393987e-6
2014,sbs,21921,0,2.7755575615628914e-19
2014,sbs,21921,1,-4.791141028888324e-18
2014,sbs,21921,2,3.318601432303457e-18
2014,sbs,21921,4,2.359223927328458e-18
2014,sbs,21921,12,-1.7516268529196318e-4
2014,sbs,30060,0,8.604023321515033e-19
2014,sbs,30060,1,-9.512999706969587e-19
2014,sbs,30060,2,-1.5936177520577378e-18
2014,sbs,30060,4,2.6022683562240765e-18
2014,sbs,30060,12,5.029443089173993e-6
2014,sbs,30420,0,2.9201178512276253e-18
2014,sbs,30420,1,-3.544869711778693e-18
2014,sbs,30420,2,3.1404476720269783e-18
2014,sbs,30420,4,2.0383000842727484e-18
2014,sbs,30420,12,9.90841161364531e-5
2014,wai,10110,0,5.825730166540262e-19
2014,wai,10110,1,-5.56982292531769e-19
2014,wai,10110,2,-3.1170812458958252e-19
2014,wai,10110,3,3.700743415417188e-17
2014,wai,10110,4,-5.432149925843469e-19
2014,wai,10110,12,-1.5690212174012877e-5
2014,wai,10112,0,4.389512962215618e-19
2014,wai,10112,1,8.983389429165609e-19
2014,wai,10112,2,2.8283534934404464e-19
2014,wai,10112,4,-8.583267198843576e-20
2014,wai,10112,12,-4.9122225806635605e-5
2014,wai,21720,0,-4.2077370027413624e-19
2014,wai,21720,1,4.78738621616976e-19
2014,wai,21720,2,1.39805016978394e-19
2014,wai,21720,4,-9.073739610206066e-19
2014,wai,21720,12,-4.905357313059022e-5
2014,wai,21740,0,1.0684279195661457e-18
2014,wai,21740,1,-1.0643946327958653e-18
2014,wai,21740,2,-5.568021326493353e-19
2014,wai,21740,3,5.551115123125783e-18
2014,wai,21740,4,-7.109522442527897e-20
2014,wai,21740,12,-4.865660216896245e-6
2014,wai,21921,0,3.521471169101104e-19
2014,wai,21921,1,-7.579734830858482e-19
2014,wai,21921,2,1.957171852745385e-18
2014,wai,21921,3,6.938893903907228e-18
2014,wai,21921,4,-2.9159792300315784e-19
2014,wai,21921,12,-3.791142686615506e-7
2014,wai,30060,0,-1.9402090904242287e-18
2014,wai,30060,1,-1.4850284301922667e-18
2014,wai,30060,2,6.896730486088347e-19
2014,wai,30060,4,-2.996207355044401e-19
2014,wai,30060,12,-2.3802867347112792e-6
2014,wai,30420,0,2.137283727057073e-18
2014,wai,30420,1,-3.427659993222402e-18
2014,wai,30420,2,-9.04891813189825e-19
2014,wai,30420,4,2.8656065753332154e-18
2014,wai,30420,12,-1.3638014314284886e-5
2016,ai,10110,0,5.736664659480264e-19
2016,ai,10110,1,1.1028953133904268e-19
2016,ai,10110,2,5.677795587489878e-19
2016,ai,10110,3,1.3877787807814457e-17
2016,ai,10110,4,-7.43158830887216e-19
2016,ai,10110,12,-2.268503165661493e-6
2016,ai,10112,0,4.82434765386813e-19
2016,ai,10112,1,-8.282593645545001e-19
2016,ai,10112,2,1.2832103344088306e-18
2016,ai,10112,3,2.7755575615628914e-17
2016,ai,10112,4,-6.709380976484972e-19
2016,ai,10112,12,-8.032926570110125e-6
2016,ai,21720,0,7.405100838075995e-19
2016,ai,21720,1,-3.48085960640083e-20
2016,ai,21720,2,6.253327681709323e-19
2016,ai,21720,4,-2.8893987896738694e-19
2016,ai,21720,12,-2.7098584391725192e-6
2016,ai,21740,0,3.2957281947712775e-19
2016,ai,21740,1,5.244343990571625e-19
2016,ai,21740,2,-1.1842823730226278e-19
2016,ai,21740,3,-8.0953762212251e-18
2016,ai,21740,4,2.954861602664093e-19
2016,ai,21740,12,-2.300339929203796e-6
2016,ai,21921,0,1.8985345144427752e-18
2016,ai,21921,1,-7.277925671956627e-19
2016,ai,21921,2,2.9052716737521136e-18
2016,ai,21921,3,0
2016,ai,21921,4,1.3498111706123983e-18
2016,ai,21921,12,-1.3048912503530007e-7
2016,ai,30060,0,-5.45865677119438e-21
2016,ai,30060,1,1.7670410407335866e-18
2016,ai,30060,2,-1.5620981613263807e-18
2016,ai,30060,3,-6.443258625056712e-18
2016,ai,30060,4,1.175644084880202e-18
2016,ai,30060,12,-1.1372798585407027e-7
2016,ai,30420,0,-1.4894227344519618e-18
2016,ai,30420,1,-1.735955523900086e-18
2016,ai,30420,2,-3.0112021274890377e-19
2016,ai,30420,3,0
2016,ai,30420,4,-9.279608951291113e-19
2016,ai,30420,12,-3.663361281718086e-7
2016,cai,10110,0,6.534125092845973e-19
2016,cai,10110,1,1.2247468985484401e-18
2016,cai,10110,2,-1.1168767585056156e-18
2016,cai,10110,4,6.360652745248292e-19
2016,cai,10110,12,-1.2531572472189788e-5
2016,cai,10112,0,-4.698209414103852e-19
2016,cai,10112,1,-8.150209434546206e-19
2016,cai,10112,2,-3.7711379912539284e-19
2016,cai,10112,4,-9.637352644315594e-20
2016,cai,10112,12,-3.722731077933761e-5
2016,cai,21720,0,-2.717036769602228e-19
2016,cai,21720,1,-4.394632805807912e-19
2016,cai,21720,2,-2.46143195915628e-19
2016,cai,21720,4,2.5080339411712873e-19
2016,cai,21720,12,-5.040936921854168e-5
2016,cai,21740,0,-2.0158129281026785e-18
2016,cai,21740,1,-1.3010426069826053e-18
2016,cai,21740,2,-1.1904965031213382e-18
2016,cai,21740,4,-2.168404344971009e-19
2016,cai,21740,12,-4.5153999207907394e-5
2016,cai,21921,0,-2.1402150884863856e-18
2016,cai,21921,1,-2.9973672560172173e-18
2016,cai,21921,2,-3.3158516441848343e-18
2016,cai,21921,4,1.22514845490862e-18
2016,cai,21921,12,-4.7786405361067886e-5
2016,cai,30060,0,2.970713952610282e-18
2016,cai,30060,1,-1.7059243557701609e-18
2016,cai,30060,2,-2.7765740010995965e-18
2016,cai,30060,3,-5.551115123125783e-17
2016,cai,30060,4,1.657280463656414e-18
2016,cai,30060,12,-2.603440925860044e-7
2016,cai,30420,0,4.152494320619482e-19
2016,cai,30420,1,-5.32614317233504e-19
2016,cai,30420,2,6.211574946531536e-19
2016,cai,30420,4,3.604972223514302e-18
2016,cai,30420,12,-1.0938884289879031e-5
2016,eai,10110,0,-3.6372310557590293e-19
2016,eai,10110,1,3.672089500858643e-19
2016,eai,10110,2,-1.3476174890400812e-19
2016,eai,10110,4,-9.262484228848434e-19
2016,eai,10110,12,-1.1034701310766069e-5
2016,eai,10112,0,7.421440222928946e-19
2016,eai,10112,1,2.7211348642773444e-19
2016,eai,10112,2,-6.657917566249013e-19
2016,eai,10112,3,0
2016,eai,10112,4,-5.680608565698699e-19
2016,eai,10112,12,-5.686242600622218e-5
2016,eai,21720,0,-3.495713705616923e-19
2016,eai,21720,1,8.64978876070853e-19
2016,eai,21720,2,9.769113324999597e-20
2016,eai,21720,4,-8.570226966528459e-19
2016,eai,21720,12,-2.9252901541873017e-6
2016,eai,21740,0,-2.9771125228085573e-19
2016,eai,21740,1,7.269082747345995e-19
2016,eai,21740,2,-1.0907525606109377e-18
2016,eai,21740,3,2.3129646346357427e-18
2016,eai,21740,4,-1.115306333171564e-19
2016,eai,21740,12,-3.123982860376827e-6
2016,eai,21921,0,3.89013998242325e-18
2016,eai,21921,1,2.6156377411212794e-18
2016,eai,21921,2,1.2936503194429314e-19
2016,eai,21921,3,0
2016,eai,21921,4,-8.470329472543003e-19
2016,eai,21921,12,-3.3424325367443796e-6
2016,eai,30060,0,-4.138038291653009e-19
2016,eai,30060,1,-9.735232007109425e-19
2016,eai,30060,2,-1.2581262709883874e-18
2016,eai,30060,3,-1.8681637433596383e-18
2016,eai,30060,4,1.7222250342662104e-18
2016,eai,30060,12,-3.2248290096780947e-7
2016,eai,30420,0,-4.238244856079699e-19
2016,eai,30420,1,-2.875005071177079e-18
2016,eai,30420,2,1.3832924269642644e-19
2016,eai,30420,3,0
2016,eai,30420,4,1.3585381767356246e-18
2016,eai,30420,12,-4.858265212741242e-6
2016,sbs,10110,0,-1.016237260180443e-18
2016,sbs,10110,1,3.035766082959412e-19
2016,sbs,10110,2,9.215718466126788e-19
2016,sbs,10110,3,1.3877787807814457e-17
2016,sbs,10110,4,5.202552215732682e-19
2016,sbs,10110,12,-3.013479041597453e-5
2016,sbs,10112,0,-3.2342302094482845e-19
2016,sbs,10112,1,1.951563910473908e-18
2016,sbs,10112,2,-1.6624433311444402e-18
2016,sbs,10112,3,0
2016,sbs,10112,4,-1.32309417659248e-19
2016,sbs,10112,12,-2.322279562767386e-5
2016,sbs,21720,0,-5.014435047745458e-19
2016,sbs,21720,1,-8.100831326495467e-19
2016,sbs,21720,2,4.409088834774384e-19
2016,sbs,21720,4,5.963111948670274e-19
2016,sbs,21720,12,-5.819874832958111e-5
2016,sbs,21740,0,-5.716702364014478e-19
2016,sbs,21740,1,-2.0656904549460665e-18
2016,sbs,21740,2,-4.336808689942018e-19
2016,sbs,21740,3,0
2016,sbs,21740,4,-1.0644894057130407e-18
2016,sbs,21740,12,-4.7101770362571845e-5
2016,sbs,21921,0,5.975158639475669e-18
2016,sbs,21921,1,-2.523234146875356e-18
2016,sbs,21921,2,-8.006416042969878e-18
2016,sbs,21921,4,5.396917480816733e-18
2016,sbs,21921,12,2.3245688621455053e-5
2016,sbs,30060,0,-8.748389943503725e-19
2016,sbs,30060,1,1.0008020053712349e-19
2016,sbs,30060,2,1.1969591984239968e-18
2016,sbs,30060,4,2.9161299811679085e-19
2016,sbs,30060,12,-4.320073034334519e-6
2016,sbs,30420,0,3.0169103930031427e-19
2016,sbs,30420,1,-3.775574624184815e-18
2016,sbs,30420,2,2.7846876851206642e-18
2016,sbs,30420,4,-2.3381055545774356e-18
2016,sbs,30420,12,-3.1848678351082543e-4
2016,wai,10110,0,-4.628086885535139e-19
2016,wai,10110,1,-6.899468370362301e-19
2016,wai,10110,2,-2.7671428581346457e-19
2016,wai,10110,4,3.7947076036992655e-19
2016,wai,10110,12,-1.1939097258986852e-5
2016,wai,10112,0,-4.8401882700245735e-19
2016,wai,10112,1,1.7150107092043434e-18
2016,wai,10112,2,5.318727638608135e-19
2016,wai,10112,4,-3.949593628340052e-19
2016,wai,10112,12,-1.0198665187903913e-4
2016,wai,21720,0,-3.488302641909884e-19
2016,wai,21720,1,6.422868566116659e-19
2016,wai,21720,2,1.3836484867910248e-18
2016,wai,21720,4,-1.791290545845616e-19
2016,wai,21720,12,-7.6213112505459e-5
2016,wai,21740,0,1.9754531108846056e-19
2016,wai,21740,1,1.7719208377455917e-18
2016,wai,21740,2,-1.045208936457517e-18
2016,wai,21740,3,4.625929269271485e-18
2016,wai,21740,4,-1.4246232783379446e-18
2016,wai,21740,12,-4.869028926701074e-6
2016,wai,21921,0,-2.385798608702853e-18
2016,wai,21921,1,-4.2089405962245085e-18
2016,wai,21921,2,-1.5330618718945033e-18
2016,wai,21921,4,-2.2718726772971496e-18
2016,wai,21921,12,-1.7565638459848226e-7
2016,wai,30060,0,1.2782172980881736e-18
2016,wai,30060,1,-1.851662424580601e-18
2016,wai,30060,2,3.936256220662651e-18
2016,wai,30060,3,0
2016,wai,30060,4,4.950238866479869e-19
2016,wai,30060,12,-1.9734689324649255e-7
2016,wai,30420,0,-1.933493874265816e-18
2016,wai,30420,1,2.935376992914458e-18
2016,wai,30420,2,1.2699847322499476e-18
2016,wai,30420,4,-1.616766295173986e-18
2016,wai,30420,12,-5.912756592269987e-6
2018,ai,10110,0,-4.638660431145368e-19
2018,ai,10110,1,-1.169192597023563e-19
2018,ai,10110,2,-6.143812310751192e-20
2018,ai,10110,3,-2.135044278125301e-18
2018,ai,10110,4,-3.890631334868843e-19
2018,ai,10110,12,-2.870381866058695e-6
2018,ai,10112,0,-7.529181753371559e-19
2018,ai,10112,1,4.680999855810432e-19
2018,ai,10112,2,1.1109552131052767e-18
2018,ai,10112,3,1.0408340855860843e-17
2018,ai,10112,4,6.980388061125809e-19
2018,ai,10112,12,-1.0669315413886714e-5
2018,ai,21720,0,5.306884317955363e-19
2018,ai,21720,1,-8.215843129279044e-19
2018,ai,21720,2,-7.577757119522343e-20
2018,ai,21720,3,2.7755575615628914e-17
2018,ai,21720,4,7.532351935162452e-19
2018,ai,21720,12,-2.7824260061341814e-6
2018,ai,21740,0,-1.1747576948465097e-18
2018,ai,21740,1,-2.349104707051926e-19
2018,ai,21740,2,-9.297854994345387e-19
2018,ai,21740,3,7.892991815694472e-18
2018,ai,21740,4,-2.911739925349328e-19
2018,ai,21740,12,-5.557543866729166e-7
2018,ai,21921,0,-4.524695998242062e-19
2018,ai,21921,1,3.8165665184671183e-19
2018,ai,21921,2,4.7042092308135705e-19
2018,ai,21921,3,0
2018,ai,21921,4,-1.5016610771565329e-18
2018,ai,21921,12,-2.2149363376832407e-6
2018,ai,30060,0,1.4296443048874756e-18
2018,ai,30060,1,1.5825322588593318e-18
2018,ai,30060,2,3.646275163418512e-20
2018,ai,30060,3,2.1033522146218784e-18
2018,ai,30060,4,-2.9056912842767085e-19
2018,ai,30060,12,-3.3001178719071307e-7
2018,ai,30420,0,-1.4836450781380587e-18
2018,ai,30420,1,-1.1858461261560205e-20
2018,ai,30420,2,2.2358006962336212e-18
2018,ai,30420,3,-1.0903976134711359e-17
2018,ai,30420,4,4.2940112357649586e-19
2018,ai,30420,12,-4.000775542623756e-6
2018,cai,10110,0,-6.660099059553813e-19
2018,cai,10110,1,-9.328230012328113e-19
2018,cai,10110,2,-1.4094628242311558e-18
2018,cai,10110,4,-2.2148701523632446e-19
2018,cai,10110,12,-7.80074248299023e-6
2018,cai,10112,0,-6.757698472341158e-20
2018,cai,10112,1,-1.1926223897340549e-18
2018,cai,10112,2,-4.2146450648732287e-19
2018,cai,10112,3,0
2018,cai,10112,4,-1.514912624568787e-19
2018,cai,10112,12,-5.5523289036141616e-5
2018,cai,21720,0,6.660099059553813e-19
2018,cai,21720,1,4.545811518372958e-19
2018,cai,21720,2,0
2018,cai,21720,3,-2.7755575615628914e-17
2018,cai,21720,4,2.5496622517790984e-19
2018,cai,21720,12,-2.6345546137153807e-5
2018,cai,21740,0,-1.9401512560266922e-19
2018,cai,21740,1,-1.4249514266952343e-18
2018,cai,21740,2,-1.634047559960296e-18
2018,cai,21740,3,0
2018,cai,21740,4,2.311062525561207e-19
2018,cai,21740,12,-8.389292092663915e-6
2018,cai,21921,0,-1.4344828743654365e-18
2018,cai,21921,1,-1.4224732503009817e-18
2018,cai,21921,2,-2.5298050691328436e-18
2018,cai,21921,3,0
2018,cai,21921,4,-1.2760225568483245e-18
2018,cai,21921,12,-5.873157458723402e-6
2018,cai,30060,0,-4.588498479983295e-19
2018,cai,30060,1,-3.48258879646859e-19
2018,cai,30060,2,-4.98732999343332e-19
2018,cai,30060,3,9.462128050782583e-19
2018,cai,30060,4,1.1777791457059794e-18
2018,cai,30060,12,-2.6827818488028527e-6
2018,cai,30420,0,8.905946416845214e-19
2018,cai,30420,1,-9.934591645709567e-19
2018,cai,30420,2,-2.1183642447024473e-18
2018,cai,30420,3,-3.469446951953614e-17
2018,cai,30420,4,-2.9118572632467834e-18
2018,cai,30420,12,-5.5438324748103456e-5
2018,eai,10110,0,-1.0612964927851065e-19
2018,eai,10110,1,-5.675466474337385e-19
2018,eai,10110,2,-2.27358813782408e-19
2018,eai,10110,3,1.1275702593849246e-17
2018,eai,10110,4,-6.902244816386592e-19
2018,eai,10110,12,-2.377167555327896e-5
2018,eai,10112,0,1.2373672412969487e-18
2018,eai,10112,1,-9.938519914450457e-19
2018,eai,10112,2,5.310753014378149e-19
2018,eai,10112,3,-6.938893903907228e-18
2018,eai,10112,4,-8.363845330602463e-19
2018,eai,10112,12,-8.07245914531067e-5
2018,eai,21720,0,1.6390585784045567e-19
2018,eai,21720,1,-6.158870674257935e-19
2018,eai,21720,2,-6.038594378400278e-20
2018,eai,21720,4,-1.505127721803406e-19
2018,eai,21720,12,-2.579968477645836e-5
2018,eai,21740,0,5.786239984091071e-19
2018,eai,21740,1,5.021567956774968e-19
2018,eai,21740,2,7.953193567903536e-19
2018,eai,21740,3,8.673617379884035e-18
2018,eai,21740,4,5.859745216123987e-19
2018,eai,21740,12,-3.21397834043951e-6
2018,eai,21921,0,2.5626596804202832e-18
2018,eai,21921,1,-2.990115465170549e-18
2018,eai,21921,2,1.0842021724855044e-18
2018,eai,21921,4,1.734723475976807e-18
2018,eai,21921,12,-9.251571802939048e-6
2018,eai,30060,0,1.3788223280522177e-19
2018,eai,30060,1,-1.4050098510227332e-18
2018,eai,30060,2,1.0261199132452095e-18
2018,eai,30060,3,-1.02224776262919e-18
2018,eai,30060,4,3.7004291539179174e-19
2018,eai,30060,12,-9.981344360474188e-7
2018,eai,30420,0,1.2274717452782318e-19
2018,eai,30420,1,-2.259399884447471e-18
2018,eai,30420,2,1.0883089988964345e-19
2018,eai,30420,3,0
2018,eai,30420,4,-1.0187628270747723e-18
2018,eai,30420,12,-1.3827517830261772e-5
2018,sbs,10110,0,-9.287467139305976e-19
2018,sbs,10110,1,-1.596734108569561e-18
2018,sbs,10110,2,-1.0809657480900253e-18
2018,sbs,10110,3,1.982541115402065e-18
2018,sbs,10110,4,1.9970047368207268e-19
2018,sbs,10110,12,-8.260948222596642e-6
2018,sbs,10112,0,2.2669681788333274e-19
2018,sbs,10112,1,-2.903252484100073e-18
2018,sbs,10112,2,-9.130123557772668e-19
2018,sbs,10112,3,0
2018,sbs,10112,4,1.7938617762941984e-18
2018,sbs,10112,12,-1.8164636540744835e-4
2018,sbs,21720,0,-3.3112120402935675e-19
2018,sbs,21720,1,2.018859217731629e-19
2018,sbs,21720,2,5.008708627820359e-19
2018,sbs,21720,4,-8.497800811372872e-20
2018,sbs,21720,12,-5.9485368745363465e-5
2018,sbs,21740,0,3.04118709382184e-19
2018,sbs,21740,1,-1.1873335986487597e-18
2018,sbs,21740,2,-1.1084237103814572e-18
2018,sbs,21740,3,-4.433182216385173e-18
2018,sbs,21740,4,-1.964032235457491e-18
2018,sbs,21740,12,-9.892109640489394e-6
2018,sbs,21921,0,-1.2326907308911279e-18
2018,sbs,21921,1,-4.846383711010205e-18
2018,sbs,21921,2,2.2510102247794283e-18
2018,sbs,21921,4,-1.2444755371137963e-18
2018,sbs,21921,12,-3.965323849889406e-5
2018,sbs,30060,0,-1.099690774949583e-19
2018,sbs,30060,1,-1.5573085750246336e-18
2018,sbs,30060,2,1.094366567852556e-18
2018,sbs,30060,3,1.3877787807814457e-17
2018,sbs,30060,4,1.576739730843205e-18
2018,sbs,30060,12,-2.1630621401420914e-6
2018,sbs,30420,0,-6.570922257487906e-19
2018,sbs,30420,1,-3.7947076036992655e-19
2018,sbs,30420,2,1.1275702593849246e-18
2018,sbs,30420,3,0
2018,sbs,30420,4,-1.5770213417970974e-19
2018,sbs,30420,12,-6.406347333838178e-5
2018,wai,10110,0,-3.7637303987711084e-19
2018,wai,10110,1,5.165302802879055e-19
2018,wai,10110,2,6.644610457089735e-19
2018,wai,10110,3,0
2018,wai,10110,4,-8.201215004729637e-19
2018,wai,10110,12,-1.0357560652940338e-5
2018,wai,10112,0,1.1327485384176912e-20
2018,wai,10112,1,1.0133120304383754e-18
2018,wai,10112,2,4.474485156289383e-20
2018,wai,10112,3,2.7755575615628914e-17
2018,wai,10112,4,-6.6023057667774e-19
2018,wai,10112,12,-4.4076849209732065e-5
2018,wai,21720,0,-8.223919887887207e-19
2018,wai,21720,1,-6.008831317389542e-19
2018,wai,21720,2,-3.2124508814385315e-19
2018,wai,21720,3,0
2018,wai,21720,4,-4.2875267730108585e-19
2018,wai,21720,12,-2.073924665526166e-5
2018,wai,21740,0,4.98539391812531e-19
2018,wai,21740,1,-3.7370372753755683e-19
2018,wai,21740,2,1.272459095162533e-18
2018,wai,21740,3,-1.9428902930940238e-17
2018,wai,21740,4,1.1964945403500746e-18
2018,wai,21740,12,-1.2437122997045225e-5
2018,wai,21921,0,-1.894449688887618e-18
2018,wai,21921,1,6.484362993134459e-19
2018,wai,21921,2,8.814162105946971e-19
2018,wai,21921,4,1.1732616366539566e-18
2018,wai,21921,12,-8.098061523997749e-6
2018,wai,30060,0,-2.886321999724924e-18
2018,wai,30060,1,-2.685094442796132e-19
2018,wai,30060,2,2.0369858998212509e-19
2018,wai,30060,3,-6.938893903907228e-18
2018,wai,30060,4,9.977590263008494e-19
2018,wai,30060,12,-2.558267896293754e-6
2018,wai,30420,0,1.7019715353496408e-18
2018,wai,30420,1,-3.5510847941080286e-18
2018,wai,30420,2,5.020595287361853e-19
2018,wai,30420,4,2.0580077175121983e-18
2018,wai,30420,12,-3.45426584101381e-6
2022,ai,10110,0,-5.558500268358655e-19
2022,ai,10110,1,-5.812528313602843e-19
2022,ai,10110,2,-8.642191229956919e-21
2022,ai,10110,3,-1.078393946561475e-18
2022,ai,10110,4,-7.406750710947169e-19
2022,ai,10110,12,1.51292649412639e-7
2022,ai,10112,0,7.604473570905275e-19
2022,ai,10112,1,-1.2765606224426101e-19
2022,ai,10112,2,-1.610814656264178e-19
2022,ai,10112,3,3.0839528461809902e-18
2022,ai,10112,4,-2.31898798003844e-19
2022,ai,10112,12,-2.8220222566365332e-5
2022,ai,21720,0,3.559011479245895e-19
2022,ai,21720,1,6.001833454830471e-19
2022,ai,21720,2,-7.377559610476076e-19
2022,ai,21720,3,0
2022,ai,21720,4,6.788048384257072e-19
2022,ai,21720,12,-9.15211726112058e-6
2022,ai,21740,0,-7.529181753371558e-20
2022,ai,21740,1,2.1070344106793766e-19
2022,ai,21740,2,6.146726832720238e-19
2022,ai,21740,3,-4.956352788505163e-18
2022,ai,21740,4,-5.83404026146962e-19
2022,ai,21740,12,-9.845134239560606e-7
2022,ai,21921,0,-7.6167084912545025e-19
2022,ai,21921,1,-2.1016382185403758e-19
2022,ai,21921,2,-1.992606506918139e-18
2022,ai,21921,3,-1.1564823173178713e-18
2022,ai,21921,4,-1.0999546324351364e-18
2022,ai,21921,12,-9.323220577520957e-7
2022,ai,30060,0,1.2124784178929463e-18
2022,ai,30060,1,-3.430254508556334e-19
2022,ai,30060,2,9.241532803566919e-19
2022,ai,30060,3,-3.6591823321385775e-18
2022,ai,30060,4,-1.3851943453702883e-19
2022,ai,30060,12,-4.3081720891571215e-7
2022,ai,30420,0,-2.896852679609707e-19
2022,ai,30420,1,1.6495361624243745e-18
2022,ai,30420,2,-7.357086170437351e-19
2022,ai,30420,3,0
2022,ai,30420,4,-6.842143918376404e-19
2022,ai,30420,12,-2.0742975883436874e-7
2022,cai,10110,0,-1.9963087620368017e-19
2022,cai,10110,1,-3.209238430557093e-19
2022,cai,10110,2,-1.447934514222577e-18
2022,cai,10110,4,9.29316147844718e-20
2022,cai,10110,12,-4.327717889956458e-5
2022,cai,10112,0,1.3552527156068805e-19
2022,cai,10112,1,-7.075845757273818e-19
2022,cai,10112,2,-2.8912057932946783e-19
2022,cai,10112,4,-6.742382260144231e-19
2022,cai,10112,12,-5.6047526824335635e-5
2022,cai,21720,0,9.625599775237162e-19
2022,cai,21720,1,-6.490154671406283e-19
2022,cai,21720,2,1.8753767307857375e-19
2022,cai,21720,4,-2.988166963191756e-19
2022,cai,21720,12,-7.926003194692904e-5
2022,cai,21740,0,9.251858538542971e-19
2022,cai,21740,1,-3.336006684570783e-20
2022,cai,21740,2,-9.958597732459448e-19
2022,cai,21740,4,9.830099697201907e-19
2022,cai,21740,12,-5.211537267801497e-5
2022,cai,21921,0,7.692227482375605e-19
2022,cai,21921,1,-3.41322906152844e-20
2022,cai,21921,2,5.86272285862532e-19
2022,cai,21921,3,-2.7755575615628914e-17
2022,cai,21921,4,-1.913242971618817e-18
2022,cai,21921,12,-4.8656009825809325e-6
2022,cai,30060,0,2.1291733453087045e-18
2022,cai,30060,1,1.8106176280507923e-18
2022,cai,30060,2,1.6929042493237947e-18
2022,cai,30060,3,0
2022,cai,30060,4,-1.950850619570957e-19
2022,cai,30060,12,-3.4372378233850086e-6
2022,cai,30420,0,9.238306011386903e-19
2022,cai,30420,1,-8.673617379884035e-19
2022,cai,30420,2,1.921187556503409e-18
2022,cai,30420,3,0
2022,cai,30420,4,-3.0719061553755958e-18
2022,cai,30420,12,-1.4183165802092909e-6
2022,eai,10110,0,-5.450200920917516e-19
2022,eai,10110,1,9.581321524290504e-19
2022,eai,10110,2,-6.697033419275847e-19
2022,eai,10110,3,7.58941520739853e-20
2022,eai,10110,4,6.667843360785853e-19
2022,eai,10110,12,4.6416622872025926e-6
2022,eai,10112,0,-1.6465171975373085e-18
2022,eai,10112,1,1.3452957568799728e-18
2022,eai,10112,2,0
2022,eai,10112,3,3.0839528461809902e-18
2022,eai,10112,4,-9.11464877208153e-19
2022,eai,10112,12,-1.0238019321396222e-4
2022,eai,21720,0,-1.152167084790566e-18
2022,eai,21720,1,-7.056824666528459e-19
2022,eai,21720,2,-1.0876440841441886e-18
2022,eai,21720,4,4.0455304943488973e-19
2022,eai,21720,12,-3.2131382460782535e-5
2022,eai,21740,0,-1.077549113699798e-18
2022,eai,21740,1,-1.2394402108186562e-18
2022,eai,21740,2,1.25915297759112e-19
2022,eai,21740,3,5.551115123125783e-17
2022,eai,21740,4,-3.0185174120335068e-19
2022,eai,21740,12,-1.61283581202063e-6
2022,eai,21921,0,-4.164750519091057e-18
2022,eai,21921,1,-1.927470528863119e-19
2022,eai,21921,2,2.7001796962377087e-18
2022,eai,21921,3,-1.3877787807814457e-17
2022,eai,21921,4,8.32007319320398e-19
2022,eai,21921,12,-7.43057807086102e-5
2022,eai,30060,0,1.4996028885715203e-18
2022,eai,30060,1,5.3221140426399935e-19
2022,eai,30060,2,-7.873372919239973e-19
2022,eai,30060,3,2.7755575615628914e-17
2022,eai,30060,4,-4.563734726043635e-19
2022,eai,30060,12,-1.1289885148242968e-6
2022,eai,30420,0,-2.4366509169566467e-18
2022,eai,30420,1,-5.300543954373578e-19
2022,eai,30420,2,-7.187858847218715e-19
2022,eai,30420,3,0
2022,eai,30420,4,1.6431270855426869e-18
2022,eai,30420,12,-1.2992877517569037e-6
2022,sbs,10110,0,8.385626177817573e-19
2022,sbs,10110,1,1.8844466331295673e-19
2022,sbs,10110,2,-2.0135183203302226e-19
2022,sbs,10110,3,-4.1819226653012315e-19
2022,sbs,10110,4,-2.5453340064991725e-19
2022,sbs,10110,12,-3.989958021843187e-6
2022,sbs,10112,0,-1.2782172980881736e-18
2022,sbs,10112,1,-2.1510571102112408e-18
2022,sbs,10112,2,2.569960705150825e-19
2022,sbs,10112,4,-1.8260247115545337e-18
2022,sbs,10112,12,-2.66695683504262e-4
2022,sbs,21720,0,1.2946649471444553e-18
2022,sbs,21720,1,8.299754561785585e-19
2022,sbs,21720,2,-8.273296577735542e-19
2022,sbs,21720,4,-8.290957789595033e-20
2022,sbs,21720,12,-4.711615264463789e-5
2022,sbs,21740,0,-2.8699469271675117e-19
2022,sbs,21740,1,1.04133836566631e-18
2022,sbs,21740,2,-4.384995453163596e-19
2022,sbs,21740,3,2.3129646346357427e-18
2022,sbs,21740,4,-5.484787460809022e-19
2022,sbs,21740,12,-1.1895000530375323e-5
2022,sbs,21921,0,-5.519574696289841e-19
2022,sbs,21921,1,-6.505213034913027e-19
2022,sbs,21921,2,-3.743350658686794e-18
2022,sbs,21921,3,0
2022,sbs,21921,4,-1.53759580825217e-18
2022,sbs,21921,12,-2.1441210764769515e-4
2022,sbs,30060,0,-2.735525481348042e-18
2022,sbs,30060,1,-4.52955574282833e-18
2022,sbs,30060,2,1.1926223897340549e-18
2022,sbs,30060,3,-1.6653345369377347e-17
2022,sbs,30060,4,-1.9015238102053464e-18
2022,sbs,30060,12,-1.0761953483523663e-5
2022,sbs,30420,0,-2.8126706359287414e-18
2022,sbs,30420,1,-2.743502888637233e-18
2022,sbs,30420,2,1.3087869082146446e-18
2022,sbs,30420,4,2.9627909367344265e-18
2022,sbs,30420,12,-2.8332418997389615e-4
2022,wai,10110,0,1.675585175659416e-19
2022,wai,10110,1,-1.7306321470240316e-18
2022,wai,10110,2,-1.0791981624586483e-18
2022,wai,10110,4,6.636631480062785e-19
2022,wai,10110,12,-1.3857721887856041e-5
2022,wai,10112,0,3.614007241618348e-20
2022,wai,10112,1,-1.1745523535259632e-18
2022,wai,10112,2,-7.701574052828066e-19
2022,wai,10112,4,8.492917017803118e-20
2022,wai,10112,12,-4.964221937558843e-5
2022,wai,21720,0,-2.0918724269132086e-19
2022,wai,21720,1,5.0040100268561746e-20
2022,wai,21720,2,1.1697970808396231e-18
2022,wai,21720,3,0
2022,wai,21720,4,-3.2653618371328133e-19
2022,wai,21720,12,-7.83528916195089e-5
2022,wai,21740,0,1.2379617533107214e-18
2022,wai,21740,1,3.5482980190434693e-19
2022,wai,21740,2,6.264279218805137e-19
2022,wai,21740,4,7.885106708985487e-20
2022,wai,21740,12,-5.3207794493607514e-5
2022,wai,21921,0,1.8216465811846968e-18
2022,wai,21921,1,-1.5931748590134218e-18
2022,wai,21921,2,-7.067391939164769e-19
2022,wai,21921,3,7.569702440626067e-18
2022,wai,21921,4,1.1645826783766711e-18
2022,wai,21921,12,-4.2775167226543353e-7
2022,wai,30060,0,-1.9214471834604217e-18
2022,wai,30060,1,1.230219723134762e-18
2022,wai,30060,2,-2.3491047070519264e-18
2022,wai,30060,3,0
2022,wai,30060,4,-1.4968013325702658e-18
2022,wai,30060,12,-5.728114731169423e-6
2022,wai,30420,0,-1.2931369661415652e-18
2022,wai,30420,1,3.747951385010828e-18
2022,wai,30420,2,-1.5420839828298292e-18
2022,wai,30420,4,2.81073766330552e-18
2022,wai,30420,12,-1.142967678751831e-5
