year,length,sex,abund,species_code
1991,11,0,1654,3005012
1991,11,1,1654,3005012
1991,13,0,3307,3005012
1991,13,1,3307,3005012
1991,14,0,1654,3005012
1991,14,1,1654,3005012
1991,15,0,3869,3005012
1991,15,1,3869,3005012
1991,16,0,9782,3005012
1991,16,1,8129,3005012
1991,16,2,1654,3005012
1991,19,0,3307,3005012
1991,19,1,3307,3005012
1991,20,0,65002,3005012
1991,20,1,58828,3005012
1991,20,2,6174,3005012
1991,21,0,7177,3005012
1991,21,1,2216,3005012
1991,21,2,4961,3005012
1991,22,0,12884,3005012
1991,22,1,7724,3005012
1991,22,2,5160,3005012
1991,23,0,48759,3005012
1991,23,1,8129,3005012
1991,23,2,40631,3005012
1991,24,0,275357,3005012
1991,24,1,57737,3005012
1991,24,2,217620,3005012
1991,25,0,201731,3005012
1991,25,1,86563,3005012
1991,25,2,115167,3005012
1991,26,0,52010,3005012
1991,26,1,6805,3005012
1991,26,2,45205,3005012
1991,27,0,128896,3005012
1991,27,1,79878,3005012
1991,27,2,49019,3005012
1991,28,0,121246,3005012
1991,28,1,77152,3005012
1991,28,2,44092,3005012
1991,29,0,139326,3005012
1991,29,1,106282,3005012
1991,29,2,33045,3005012
1991,30,0,86570,3005012
1991,30,1,53660,3005012
1991,30,2,32910,3005012
1991,31,0,206092,3005012
1991,31,1,81634,3005012
1991,31,2,124458,3005012
1991,32,0,151093,3005012
1991,32,1,41593,3005012
1991,32,2,109501,3005012
1991,33,0,191915,3005012
1991,33,1,50474,3005012
1991,33,2,141441,3005012
1991,34,0,198648,3005012
1991,34,1,71727,3005012
1991,34,2,126920,3005012
1991,35,0,376281,3005012
1991,35,1,187644,3005012
1991,35,2,188637,3005012
1991,36,0,295002,3005012
1991,36,1,132694,3005012
1991,36,2,162309,3005012
1991,37,0,271833,3005012
1991,37,1,83624,3005012
1991,37,2,188209,3005012
1991,38,0,338514,3005012
1991,38,1,206544,3005012
1991,38,2,131970,3005012
1991,39,0,316139,3005012
1991,39,1,121292,3005012
1991,39,2,194848,3005012
1991,40,0,480927,3005012
1991,40,1,245438,3005012
1991,40,2,235489,3005012
1991,41,0,541614,3005012
1991,41,1,271446,3005012
1991,41,2,270169,3005012
1991,42,0,992059,3005012
1991,42,1,522575,3005012
1991,42,2,469487,3005012
1991,43,0,582200,3005012
1991,43,1,311944,3005012
1991,43,2,270254,3005012
1991,44,0,891634,3005012
1991,44,1,409437,3005012
1991,44,2,482196,3005012
1991,45,0,601929,3005012
1991,45,1,289617,3005012
1991,45,2,312313,3005012
1991,46,0,338755,3005012
1991,46,1,127528,3005012
1991,46,2,211228,3005012
1991,47,0,358201,3005012
1991,47,1,131837,3005012
1991,47,2,226365,3005012
1991,48,0,267720,3005012
1991,48,1,118531,3005012
1991,48,2,149189,3005012
1991,49,0,133895,3005012
1991,49,1,64747,3005012
1991,49,2,69148,3005012
1991,50,0,173724,3005012
1991,50,1,77894,3005012
1991,50,2,95829,3005012
1991,52,0,4520,3005012
1991,52,1,4520,3005012
1991,53,0,5522,3005012
1991,53,1,5522,3005012
1991,54,0,19397,3005012
1991,54,1,19397,3005012
1991,62,0,8045,3005012
1991,62,2,8045,3005012
1994,19,0,10546,3005012
1994,19,1,8743,3005012
1994,19,2,1803,3005012
1994,20,0,1803,3005012
1994,20,2,1803,3005012
1994,21,0,8743,3005012
1994,21,1,8743,3005012
1994,22,0,11054,3005012
1994,22,1,3023,3005012
1994,22,2,8031,3005012
1994,23,0,40025,3005012
1994,23,1,9834,3005012
1994,23,2,30191,3005012
1994,24,0,26635,3005012
1994,24,1,4826,3005012
1994,24,2,21810,3005012
1994,25,0,73807,3005012
1994,25,1,61802,3005012
1994,25,2,12005,3005012
1994,26,0,38413,3005012
1994,26,1,18394,3005012
1994,26,2,20019,3005012
1994,27,0,67190,3005012
1994,27,1,46714,3005012
1994,27,2,20475,3005012
1994,28,0,125708,3005012
1994,28,1,23447,3005012
1994,28,2,102263,3005012
1994,29,0,107228,3005012
1994,29,1,34636,3005012
1994,29,2,72593,3005012
1994,30,0,194584,3005012
1994,30,1,99244,3005012
1994,30,2,95340,3005012
1994,31,0,249390,3005012
1994,31,1,117451,3005012
1994,31,2,131937,3005012
1994,32,0,221333,3005012
1994,32,1,108629,3005012
1994,32,2,112704,3005012
1994,33,0,255590,3005012
1994,33,1,103998,3005012
1994,33,2,151592,3005012
1994,34,0,344799,3005012
1994,34,1,141808,3005012
1994,34,2,202990,3005012
1994,35,0,353925,3005012
1994,35,1,208847,3005012
1994,35,2,145077,3005012
1994,36,0,354155,3005012
1994,36,1,140765,3005012
1994,36,2,213390,3005012
1994,37,0,517718,3005012
1994,37,1,236820,3005012
1994,37,2,280899,3005012
1994,38,0,545377,3005012
1994,38,1,296145,3005012
1994,38,2,249229,3005012
1994,39,0,635382,3005012
1994,39,1,285434,3005012
1994,39,2,349947,3005012
1994,40,0,813951,3005012
1994,40,1,437082,3005012
1994,40,2,376869,3005012
1994,41,0,1095611,3005012
1994,41,1,462029,3005012
1994,41,2,633582,3005012
1994,42,0,1187981,3005012
1994,42,1,520893,3005012
1994,42,2,667090,3005012
1994,43,0,1106139,3005012
1994,43,1,512813,3005012
1994,43,2,593326,3005012
1994,44,0,1034525,3005012
1994,44,1,559591,3005012
1994,44,2,474936,3005012
1994,45,0,821718,3005012
1994,45,1,378191,3005012
1994,45,2,443529,3005012
1994,46,0,597509,3005012
1994,46,1,276607,3005012
1994,46,2,320900,3005012
1994,47,0,339143,3005012
1994,47,1,154261,3005012
1994,47,2,184883,3005012
1994,48,0,223073,3005012
1994,48,1,109127,3005012
1994,48,2,113945,3005012
1994,49,0,137008,3005012
1994,49,1,73433,3005012
1994,49,2,63575,3005012
1994,50,0,81368,3005012
1994,50,1,43707,3005012
1994,50,2,37661,3005012
1994,51,0,61323,3005012
1994,51,1,34555,3005012
1994,51,2,26768,3005012
1994,52,0,22743,3005012
1994,52,1,17600,3005012
1994,52,2,5143,3005012
1994,53,0,8911,3005012
1994,53,1,3768,3005012
1994,53,2,5143,3005012
1994,54,0,41679,3005012
1994,54,1,5250,3005012
1994,54,2,36429,3005012
1994,55,0,7257,3005012
1994,55,1,5717,3005012
1994,55,2,1540,3005012
1994,56,0,30226,3005012
1994,56,1,15248,3005012
1994,56,2,14978,3005012
1994,57,0,3891,3005012
1994,57,1,3891,3005012
1994,58,0,42719,3005012
1994,58,1,30687,3005012
1994,58,2,12033,3005012
1994,60,0,8743,3005012
1994,60,1,8743,3005012
1994,61,0,8743,3005012
1994,61,1,8743,3005012
1994,62,0,17486,3005012
1994,62,1,8743,3005012
1994,62,2,8743,3005012
1994,63,0,8743,3005012
1994,63,1,8743,3005012
1994,69,0,8743,3005012
1994,69,1,8743,3005012
1997,21,0,6594,3005012
1997,21,1,6594,3005012
1997,23,0,13187,3005012
1997,23,1,6594,3005012
1997,23,2,6594,3005012
1997,24,0,6594,3005012
1997,24,2,6594,3005012
1997,25,0,26374,3005012
1997,25,1,13187,3005012
1997,25,2,13187,3005012
1997,26,0,11213,3005012
1997,26,2,11213,3005012
1997,27,0,67665,3005012
1997,27,1,21511,3005012
1997,27,2,46155,3005012
1997,28,0,40591,3005012
1997,28,1,24176,3005012
1997,28,2,16415,3005012
1997,29,0,34837,3005012
1997,29,1,18934,3005012
1997,29,2,15903,3005012
1997,30,0,19781,3005012
1997,30,1,13187,3005012
1997,30,2,6594,3005012
1997,31,0,65085,3005012
1997,31,1,29240,3005012
1997,31,2,35846,3005012
1997,32,0,80975,3005012
1997,32,1,36024,3005012
1997,32,2,44951,3005012
1997,33,0,74869,3005012
1997,33,1,19697,3005012
1997,33,2,55172,3005012
1997,34,0,123365,3005012
1997,34,1,48465,3005012
1997,34,2,74900,3005012
1997,35,0,62904,3005012
1997,35,1,43977,3005012
1997,35,2,18927,3005012
1997,36,0,158127,3005012
1997,36,1,78814,3005012
1997,36,2,79316,3005012
1997,37,0,223942,3005012
1997,37,1,84320,3005012
1997,37,2,139621,3005012
1997,38,0,369480,3005012
1997,38,1,193937,3005012
1997,38,2,175544,3005012
1997,39,0,513287,3005012
1997,39,1,246353,3005012
1997,39,2,266935,3005012
1997,40,0,387096,3005012
1997,40,1,253600,3005012
1997,40,2,133496,3005012
1997,41,0,777052,3005012
1997,41,1,455982,3005012
1997,41,2,321069,3005012
1997,42,0,833370,3005012
1997,42,1,358192,3005012
1997,42,2,475179,3005012
1997,43,0,846481,3005012
1997,43,1,494471,3005012
1997,43,2,352011,3005012
1997,44,0,917918,3005012
1997,44,1,505476,3005012
1997,44,2,412441,3005012
1997,45,0,854728,3005012
1997,45,1,464891,3005012
1997,45,2,389837,3005012
1997,46,0,617436,3005012
1997,46,1,302471,3005012
1997,46,2,314965,3005012
1997,47,0,495407,3005012
1997,47,1,238284,3005012
1997,47,2,257122,3005012
1997,48,0,485446,3005012
1997,48,1,253863,3005012
1997,48,2,231586,3005012
1997,49,0,224974,3005012
1997,49,1,78544,3005012
1997,49,2,146430,3005012
1997,50,0,100971,3005012
1997,50,1,46276,3005012
1997,50,2,54695,3005012
1997,51,0,54906,3005012
1997,51,1,17505,3005012
1997,51,2,37401,3005012
1997,52,0,70804,3005012
1997,52,1,42531,3005012
1997,52,2,28274,3005012
1997,53,0,7155,3005012
1997,53,1,7155,3005012
1997,54,0,45374,3005012
1997,54,1,17161,3005012
1997,54,2,28213,3005012
1997,55,0,6928,3005012
1997,55,1,6928,3005012
1997,56,0,9834,3005012
1997,56,1,9834,3005012
1997,61,0,38762,3005012
1997,61,1,38762,3005012
2000,15,0,3800,3005012
2000,15,1,3800,3005012
2000,19,0,3494,3005012
2000,19,1,3494,3005012
2000,21,0,4719,3005012
2000,21,1,4719,3005012
2000,22,0,6879,3005012
2000,22,1,6879,3005012
2000,24,0,13757,3005012
2000,24,1,13757,3005012
2000,25,0,3418,3005012
2000,25,1,3418,3005012
2000,26,0,20559,3005012
2000,26,1,17268,3005012
2000,26,2,3291,3005012
2000,27,0,35650,3005012
2000,27,1,17060,3005012
2000,27,2,18590,3005012
2000,28,0,10679,3005012
2000,28,1,3800,3005012
2000,28,2,6879,3005012
2000,29,0,57143,3005012
2000,29,1,31328,3005012
2000,29,2,25814,3005012
2000,30,0,80639,3005012
2000,30,1,61342,3005012
2000,30,2,19297,3005012
2000,31,0,20662,3005012
2000,31,1,6341,3005012
2000,31,2,14321,3005012
2000,32,0,41137,3005012
2000,32,1,27673,3005012
2000,32,2,13464,3005012
2000,33,0,89076,3005012
2000,33,1,48738,3005012
2000,33,2,40338,3005012
2000,34,0,110557,3005012
2000,34,1,63932,3005012
2000,34,2,46626,3005012
2000,35,0,123757,3005012
2000,35,1,57882,3005012
2000,35,2,65876,3005012
2000,36,0,163249,3005012
2000,36,1,56052,3005012
2000,36,2,102623,3005012
2000,36,3,4573,3005012
2000,37,0,204490,3005012
2000,37,1,80188,3005012
2000,37,2,124304,3005012
2000,38,0,249974,3005012
2000,38,1,129758,3005012
2000,38,2,111071,3005012
2000,38,3,9145,3005012
2000,39,0,355987,3005012
2000,39,1,163773,3005012
2000,39,2,178495,3005012
2000,39,3,13718,3005012
2000,40,0,583021,3005012
2000,40,1,237598,3005012
2000,40,2,336277,3005012
2000,40,3,9145,3005012
2000,41,0,755979,3005012
2000,41,1,431527,3005012
2000,41,2,283299,3005012
2000,41,3,41154,3005012
2000,42,0,876008,3005012
2000,42,1,510398,3005012
2000,42,2,338174,3005012
2000,42,3,27436,3005012
2000,43,0,1015396,3005012
2000,43,1,435931,3005012
2000,43,2,520020,3005012
2000,43,3,59445,3005012
2000,44,0,1270092,3005012
2000,44,1,706691,3005012
2000,44,2,535967,3005012
2000,44,3,27436,3005012
2000,45,0,1351411,3005012
2000,45,1,722532,3005012
2000,45,2,601444,3005012
2000,45,3,27436,3005012
2000,46,0,1140876,3005012
2000,46,1,513839,3005012
2000,46,2,604171,3005012
2000,46,3,22863,3005012
2000,47,0,900732,3005012
2000,47,1,420979,3005012
2000,47,2,475180,3005012
2000,47,3,4573,3005012
2000,48,0,592398,3005012
2000,48,1,277108,3005012
2000,48,2,310719,3005012
2000,48,3,4573,3005012
2000,49,0,312295,3005012
2000,49,1,131315,3005012
2000,49,2,176407,3005012
2000,49,3,4573,3005012
2000,50,0,334176,3005012
2000,50,1,166611,3005012
2000,50,2,167567,3005012
2000,51,0,78839,3005012
2000,51,1,42274,3005012
2000,51,2,36565,3005012
2000,52,0,149199,3005012
2000,52,1,59892,3005012
2000,52,2,89306,3005012
2000,53,0,27158,3005012
2000,53,1,11523,3005012
2000,53,2,15635,3005012
2000,54,0,34065,3005012
2000,54,1,10292,3005012
2000,54,2,23773,3005012
2000,55,0,6879,3005012
2000,55,2,6879,3005012
2000,58,0,8815,3005012
2000,58,1,8815,3005012
2000,62,0,8205,3005012
2000,62,1,8205,3005012
2000,63,0,9136,3005012
2000,63,1,9136,3005012
2002,11,0,4306,3005012
2002,11,1,4306,3005012
2002,12,0,14986,3005012
2002,12,1,14986,3005012
2002,13,0,6111,3005012
2002,13,2,6111,3005012
2002,14,0,19032,3005012
2002,14,1,17045,3005012
2002,14,2,1987,3005012
2002,15,0,46643,3005012
2002,15,2,37091,3005012
2002,15,3,9552,3005012
2002,16,0,17617,3005012
2002,16,1,7493,3005012
2002,16,2,10124,3005012
2002,17,0,12918,3005012
2002,17,1,4306,3005012
2002,17,2,8612,3005012
2002,19,0,26257,3005012
2002,19,1,17733,3005012
2002,19,2,8524,3005012
2002,20,0,30475,3005012
2002,20,1,17645,3005012
2002,20,2,12830,3005012
2002,21,0,8524,3005012
2002,21,1,8524,3005012
2002,22,0,4306,3005012
2002,22,2,4306,3005012
2002,23,0,4306,3005012
2002,23,1,4306,3005012
2002,24,0,8612,3005012
2002,24,1,4306,3005012
2002,24,2,4306,3005012
2002,25,0,5107,3005012
2002,25,1,5107,3005012
2002,26,0,22158,3005012
2002,26,1,17852,3005012
2002,26,2,4306,3005012
2002,27,0,8524,3005012
2002,27,1,8524,3005012
2002,28,0,7804,3005012
2002,28,1,3498,3005012
2002,28,2,4306,3005012
2002,29,0,33035,3005012
2002,29,1,14386,3005012
2002,29,2,18648,3005012
2002,30,0,28052,3005012
2002,30,1,22986,3005012
2002,30,2,5066,3005012
2002,31,0,45189,3005012
2002,31,1,41997,3005012
2002,31,2,3193,3005012
2002,32,0,50484,3005012
2002,32,1,47292,3005012
2002,32,2,3193,3005012
2002,33,0,47788,3005012
2002,33,1,19496,3005012
2002,33,2,28292,3005012
2002,34,0,114488,3005012
2002,34,1,53638,3005012
2002,34,2,60851,3005012
2002,35,0,66018,3005012
2002,35,1,57760,3005012
2002,35,2,8259,3005012
2002,36,0,232307,3005012
2002,36,1,78924,3005012
2002,36,2,153385,3005012
2002,37,0,169828,3005012
2002,37,1,73890,3005012
2002,37,2,95938,3005012
2002,38,0,217902,3005012
2002,38,1,93427,3005012
2002,38,2,124474,3005012
2002,39,0,283100,3005012
2002,39,1,114928,3005012
2002,39,2,168172,3005012
2002,40,0,452163,3005012
2002,40,1,242112,3005012
2002,40,2,210052,3005012
2002,41,0,414302,3005012
2002,41,1,221738,3005012
2002,41,2,192565,3005012
2002,42,0,537932,3005012
2002,42,1,297856,3005012
2002,42,2,240074,3005012
2002,43,0,775786,3005012
2002,43,1,478492,3005012
2002,43,2,297295,3005012
2002,44,0,771804,3005012
2002,44,1,381493,3005012
2002,44,2,390315,3005012
2002,45,0,671060,3005012
2002,45,1,437407,3005012
2002,45,2,233654,3005012
2002,46,0,597103,3005012
2002,46,1,301731,3005012
2002,46,2,295373,3005012
2002,47,0,697369,3005012
2002,47,1,340368,3005012
2002,47,2,357002,3005012
2002,48,0,607061,3005012
2002,48,1,385175,3005012
2002,48,2,221887,3005012
2002,49,0,296558,3005012
2002,49,1,113415,3005012
2002,49,2,183145,3005012
2002,50,0,123716,3005012
2002,50,1,48262,3005012
2002,50,2,75454,3005012
2002,51,0,125526,3005012
2002,51,1,56927,3005012
2002,51,2,68599,3005012
2002,52,0,70362,3005012
2002,52,1,47512,3005012
2002,52,2,22849,3005012
2002,53,0,91719,3005012
2002,53,1,68793,3005012
2002,53,2,22926,3005012
2002,54,0,6828,3005012
2002,54,2,6828,3005012
2002,55,0,5683,3005012
2002,55,1,5683,3005012
2002,57,0,25821,3005012
2002,57,1,9552,3005012
2002,57,2,16269,3005012
2002,62,0,2168,3005012
2002,62,1,2168,3005012
2002,68,0,6903,3005012
2002,68,2,6903,3005012
2004,5,0,3391,3005012
2004,5,3,3391,3005012
2004,10,0,2009,3005012
2004,10,3,2009,3005012
2004,14,0,2973,3005012
2004,14,2,2973,3005012
2004,15,0,17667,3005012
2004,15,1,7810,3005012
2004,15,2,9857,3005012
2004,16,0,54904,3005012
2004,16,1,3401,3005012
2004,16,2,43694,3005012
2004,16,3,7810,3005012
2004,17,0,109203,3005012
2004,17,1,35213,3005012
2004,17,2,66181,3005012
2004,17,3,7810,3005012
2004,18,0,135906,3005012
2004,18,1,71875,3005012
2004,18,2,64031,3005012
2004,19,0,89119,3005012
2004,19,1,64006,3005012
2004,19,2,25114,3005012
2004,20,0,56858,3005012
2004,20,1,27335,3005012
2004,20,2,29524,3005012
2004,21,0,6292,3005012
2004,21,1,3050,3005012
2004,21,2,3242,3005012
2004,24,0,2009,3005012
2004,24,2,2009,3005012
2004,25,0,13524,3005012
2004,25,1,6904,3005012
2004,25,2,6620,3005012
2004,26,0,34014,3005012
2004,26,1,24151,3005012
2004,26,2,9862,3005012
2004,27,0,24064,3005012
2004,27,1,24064,3005012
2004,28,0,10605,3005012
2004,28,1,3985,3005012
2004,28,2,6620,3005012
2004,29,0,44948,3005012
2004,29,1,28496,3005012
2004,29,2,16451,3005012
2004,30,0,16618,3005012
2004,30,2,16618,3005012
2004,31,0,60269,3005012
2004,31,1,15641,3005012
2004,31,2,44628,3005012
2004,32,0,64967,3005012
2004,32,1,32763,3005012
2004,32,2,32204,3005012
2004,33,0,52974,3005012
2004,33,1,19547,3005012
2004,33,2,33427,3005012
2004,34,0,47051,3005012
2004,34,1,26043,3005012
2004,34,2,21007,3005012
2004,35,0,94069,3005012
2004,35,1,74913,3005012
2004,35,2,19155,3005012
2004,36,0,204892,3005012
2004,36,1,95339,3005012
2004,36,2,109553,3005012
2004,37,0,235712,3005012
2004,37,1,91737,3005012
2004,37,2,143976,3005012
2004,38,0,269359,3005012
2004,38,1,139669,3005012
2004,38,2,129690,3005012
2004,39,0,445582,3005012
2004,39,1,189618,3005012
2004,39,2,255963,3005012
2004,40,0,392053,3005012
2004,40,1,175458,3005012
2004,40,2,216597,3005012
2004,41,0,548468,3005012
2004,41,1,302695,3005012
2004,41,2,245773,3005012
2004,42,0,937280,3005012
2004,42,1,352763,3005012
2004,42,2,584515,3005012
2004,43,0,1019379,3005012
2004,43,1,572656,3005012
2004,43,2,446725,3005012
2004,44,0,1039406,3005012
2004,44,1,471796,3005012
2004,44,2,567610,3005012
2004,45,0,1057045,3005012
2004,45,1,388442,3005012
2004,45,2,668605,3005012
2004,46,0,1022512,3005012
2004,46,1,477096,3005012
2004,46,2,545410,3005012
2004,47,0,888434,3005012
2004,47,1,385368,3005012
2004,47,2,503067,3005012
2004,48,0,574607,3005012
2004,48,1,340720,3005012
2004,48,2,233885,3005012
2004,49,0,422747,3005012
2004,49,1,176257,3005012
2004,49,2,246489,3005012
2004,50,0,357886,3005012
2004,50,1,228326,3005012
2004,50,2,129560,3005012
2004,51,0,185676,3005012
2004,51,1,59633,3005012
2004,51,2,126044,3005012
2004,52,0,113200,3005012
2004,52,1,19146,3005012
2004,52,2,94054,3005012
2004,53,0,55209,3005012
2004,53,1,31384,3005012
2004,53,2,23825,3005012
2004,54,0,23526,3005012
2004,54,1,13391,3005012
2004,54,2,10135,3005012
2004,55,0,27999,3005012
2004,55,2,27999,3005012
2004,56,0,23019,3005012
2004,56,1,9452,3005012
2004,56,2,13567,3005012
2004,57,0,20670,3005012
2004,57,2,20670,3005012
2004,58,0,7459,3005012
2004,58,1,7459,3005012
2004,59,0,18664,3005012
2004,59,1,10355,3005012
2004,59,2,8309,3005012
2004,61,0,5126,3005012
2004,61,1,5126,3005012
2004,62,0,5126,3005012
2004,62,1,5126,3005012
2004,63,0,9112,3005012
2004,63,1,9112,3005012
2004,67,0,15138,3005012
2004,67,1,9112,3005012
2004,67,2,6026,3005012
2006,12,0,8728,3005012
2006,12,1,8728,3005012
2006,14,0,6630,3005012
2006,14,1,3315,3005012
2006,14,2,3315,3005012
2006,15,0,35940,3005012
2006,15,1,16496,3005012
2006,15,2,19444,3005012
2006,16,0,3315,3005012
2006,16,2,3315,3005012
2006,17,0,5415,3005012
2006,17,1,5415,3005012
2006,18,0,15099,3005012
2006,18,1,9684,3005012
2006,18,2,5415,3005012
2006,19,0,34184,3005012
2006,19,1,21439,3005012
2006,19,2,12746,3005012
2006,20,0,46769,3005012
2006,20,1,21534,3005012
2006,20,2,25236,3005012
2006,21,0,55803,3005012
2006,21,1,37617,3005012
2006,21,2,18186,3005012
2006,22,0,56598,3005012
2006,22,1,44382,3005012
2006,22,2,12216,3005012
2006,23,0,99174,3005012
2006,23,1,47866,3005012
2006,23,2,51307,3005012
2006,24,0,102725,3005012
2006,24,1,37363,3005012
2006,24,2,65363,3005012
2006,25,0,66717,3005012
2006,25,1,46373,3005012
2006,25,2,20344,3005012
2006,26,0,32675,3005012
2006,26,1,23127,3005012
2006,26,2,9548,3005012
2006,27,0,15877,3005012
2006,27,1,9866,3005012
2006,27,2,6011,3005012
2006,28,0,15669,3005012
2006,28,2,15669,3005012
2006,29,0,19333,3005012
2006,29,1,13485,3005012
2006,29,2,5848,3005012
2006,30,0,5415,3005012
2006,30,1,5415,3005012
2006,31,0,6022,3005012
2006,31,2,6022,3005012
2006,32,0,28931,3005012
2006,32,1,7849,3005012
2006,32,2,21082,3005012
2006,33,0,34408,3005012
2006,33,1,16564,3005012
2006,33,2,17845,3005012
2006,34,0,72503,3005012
2006,34,1,46219,3005012
2006,34,2,26283,3005012
2006,35,0,65486,3005012
2006,35,1,40814,3005012
2006,35,2,24672,3005012
2006,36,0,116291,3005012
2006,36,1,31214,3005012
2006,36,2,85078,3005012
2006,37,0,76593,3005012
2006,37,1,33311,3005012
2006,37,2,43282,3005012
2006,38,0,198919,3005012
2006,38,1,158731,3005012
2006,38,2,40189,3005012
2006,39,0,139883,3005012
2006,39,1,78417,3005012
2006,39,2,61466,3005012
2006,40,0,214917,3005012
2006,40,1,136079,3005012
2006,40,2,78839,3005012
2006,41,0,298016,3005012
2006,41,1,129120,3005012
2006,41,2,168896,3005012
2006,42,0,502825,3005012
2006,42,1,271081,3005012
2006,42,2,231743,3005012
2006,43,0,621918,3005012
2006,43,1,289399,3005012
2006,43,2,332519,3005012
2006,44,0,598220,3005012
2006,44,1,326133,3005012
2006,44,2,272088,3005012
2006,45,0,736686,3005012
2006,45,1,365299,3005012
2006,45,2,371386,3005012
2006,46,0,688728,3005012
2006,46,1,298504,3005012
2006,46,2,390224,3005012
2006,47,0,472876,3005012
2006,47,1,239125,3005012
2006,47,2,233751,3005012
2006,48,0,538939,3005012
2006,48,1,232481,3005012
2006,48,2,306457,3005012
2006,49,0,262200,3005012
2006,49,1,80347,3005012
2006,49,2,181855,3005012
2006,50,0,235775,3005012
2006,50,1,94239,3005012
2006,50,2,141536,3005012
2006,51,0,127149,3005012
2006,51,1,66238,3005012
2006,51,2,60912,3005012
2006,52,0,84291,3005012
2006,52,1,32390,3005012
2006,52,2,51900,3005012
2006,53,0,50028,3005012
2006,53,1,21892,3005012
2006,53,2,28136,3005012
2006,54,0,30765,3005012
2006,54,1,13218,3005012
2006,54,2,17548,3005012
2006,55,0,14330,3005012
2006,55,1,14330,3005012
2006,56,0,7579,3005012
2006,56,2,7579,3005012
2006,57,0,23264,3005012
2006,57,2,23264,3005012
2006,58,0,8247,3005012
2006,58,1,8247,3005012
2006,60,0,8514,3005012
2006,60,1,8514,3005012
2006,62,0,5542,3005012
2006,62,1,5542,3005012
2006,65,0,5542,3005012
2006,65,1,5542,3005012
2006,66,0,5542,3005012
2006,66,1,5542,3005012
2010,11,0,12313,3005012
2010,11,3,12313,3005012
2010,13,0,3729,3005012
2010,13,1,3729,3005012
2010,14,0,15366,3005012
2010,14,1,6508,3005012
2010,14,2,2152,3005012
2010,14,3,6706,3005012
2010,15,0,27579,3005012
2010,15,1,12920,3005012
2010,15,2,7255,3005012
2010,15,3,7403,3005012
2010,16,0,10984,3005012
2010,16,2,10984,3005012
2010,17,0,12788,3005012
2010,17,2,12788,3005012
2010,18,0,31187,3005012
2010,18,1,15594,3005012
2010,18,2,15594,3005012
2010,19,0,28709,3005012
2010,19,1,8619,3005012
2010,19,2,20090,3005012
2010,20,0,125942,3005012
2010,20,1,61421,3005012
2010,20,2,64522,3005012
2010,21,0,126875,3005012
2010,21,1,67988,3005012
2010,21,2,58887,3005012
2010,22,0,169694,3005012
2010,22,1,97674,3005012
2010,22,2,72021,3005012
2010,23,0,129906,3005012
2010,23,1,91274,3005012
2010,23,2,38631,3005012
2010,24,0,139183,3005012
2010,24,1,68515,3005012
2010,24,2,70668,3005012
2010,25,0,110731,3005012
2010,25,1,87243,3005012
2010,25,2,23488,3005012
2010,26,0,151626,3005012
2010,26,1,61405,3005012
2010,26,2,90221,3005012
2010,27,0,160200,3005012
2010,27,1,99852,3005012
2010,27,2,60348,3005012
2010,28,0,204216,3005012
2010,28,1,107216,3005012
2010,28,2,97001,3005012
2010,29,0,176489,3005012
2010,29,1,97336,3005012
2010,29,2,79153,3005012
2010,30,0,116506,3005012
2010,30,1,67624,3005012
2010,30,2,48881,3005012
2010,31,0,143755,3005012
2010,31,1,87773,3005012
2010,31,2,55983,3005012
2010,32,0,97911,3005012
2010,32,1,38347,3005012
2010,32,2,59564,3005012
2010,33,0,92916,3005012
2010,33,1,57801,3005012
2010,33,2,35115,3005012
2010,34,0,99008,3005012
2010,34,1,21154,3005012
2010,34,2,77853,3005012
2010,35,0,159114,3005012
2010,35,1,49260,3005012
2010,35,2,109854,3005012
2010,36,0,98338,3005012
2010,36,1,46848,3005012
2010,36,2,51489,3005012
2010,37,0,67146,3005012
2010,37,1,34522,3005012
2010,37,2,32624,3005012
2010,38,0,224289,3005012
2010,38,1,108059,3005012
2010,38,2,116231,3005012
2010,39,0,376274,3005012
2010,39,1,197405,3005012
2010,39,2,178870,3005012
2010,40,0,378044,3005012
2010,40,1,146155,3005012
2010,40,2,231890,3005012
2010,41,0,369190,3005012
2010,41,1,187441,3005012
2010,41,2,170447,3005012
2010,41,3,11302,3005012
2010,42,0,451349,3005012
2010,42,1,252710,3005012
2010,42,2,198640,3005012
2010,43,0,725915,3005012
2010,43,1,338842,3005012
2010,43,2,387073,3005012
2010,44,0,290111,3005012
2010,44,1,145782,3005012
2010,44,2,144330,3005012
2010,45,0,455816,3005012
2010,45,1,247296,3005012
2010,45,2,208522,3005012
2010,46,0,484233,3005012
2010,46,1,174439,3005012
2010,46,2,309795,3005012
2010,47,0,545709,3005012
2010,47,1,264472,3005012
2010,47,2,281236,3005012
2010,48,0,369030,3005012
2010,48,1,153334,3005012
2010,48,2,215694,3005012
2010,49,0,214905,3005012
2010,49,1,143482,3005012
2010,49,2,71424,3005012
2010,50,0,139622,3005012
2010,50,1,84146,3005012
2010,50,2,55475,3005012
2010,51,0,59883,3005012
2010,51,1,30303,3005012
2010,51,2,29580,3005012
2010,52,0,73930,3005012
2010,52,1,49061,3005012
2010,52,2,24870,3005012
2010,53,0,48460,3005012
2010,53,1,41395,3005012
2010,53,2,7065,3005012
2010,54,0,26946,3005012
2010,54,1,9389,3005012
2010,54,2,17557,3005012
2010,55,0,42214,3005012
2010,55,1,3729,3005012
2010,55,2,38485,3005012
2010,56,0,30984,3005012
2010,56,1,3894,3005012
2010,56,2,27090,3005012
2010,58,0,11682,3005012
2010,58,1,3894,3005012
2010,58,2,7788,3005012
2010,61,0,4652,3005012
2010,61,1,4652,3005012
2010,64,0,10343,3005012
2010,64,2,10343,3005012
2010,66,0,3894,3005012
2010,66,1,3894,3005012
2010,69,0,10343,3005012
2010,69,2,10343,3005012
2012,10,0,3974,3005012
2012,10,3,3974,3005012
2012,13,0,12874,3005012
2012,13,1,12874,3005012
2012,14,0,3568,3005012
2012,14,1,3568,3005012
2012,15,0,7805,3005012
2012,15,1,7805,3005012
2012,16,0,15045,3005012
2012,16,1,6424,3005012
2012,16,2,8621,3005012
2012,17,0,20299,3005012
2012,17,1,13765,3005012
2012,17,2,6534,3005012
2012,18,0,18555,3005012
2012,18,1,9958,3005012
2012,18,2,5525,3005012
2012,18,3,3072,3005012
2012,19,0,64378,3005012
2012,19,1,46134,3005012
2012,19,2,18244,3005012
2012,20,0,25176,3005012
2012,20,1,19408,3005012
2012,20,2,5769,3005012
2012,21,0,23212,3005012
2012,21,1,16575,3005012
2012,21,2,6637,3005012
2012,22,0,29617,3005012
2012,22,1,7806,3005012
2012,22,2,21811,3005012
2012,23,0,22907,3005012
2012,23,1,9174,3005012
2012,23,2,13733,3005012
2012,24,0,119817,3005012
2012,24,1,80506,3005012
2012,24,2,39311,3005012
2012,25,0,111349,3005012
2012,25,1,54206,3005012
2012,25,2,57142,3005012
2012,26,0,175268,3005012
2012,26,1,110155,3005012
2012,26,2,65113,3005012
2012,27,0,144541,3005012
2012,27,1,65558,3005012
2012,27,2,78983,3005012
2012,28,0,138042,3005012
2012,28,1,53559,3005012
2012,28,2,84483,3005012
2012,29,0,153858,3005012
2012,29,1,78773,3005012
2012,29,2,75087,3005012
2012,30,0,141698,3005012
2012,30,1,87887,3005012
2012,30,2,53812,3005012
2012,31,0,92687,3005012
2012,31,1,33927,3005012
2012,31,2,58760,3005012
2012,32,0,176209,3005012
2012,32,1,105029,3005012
2012,32,2,71180,3005012
2012,33,0,121849,3005012
2012,33,1,74736,3005012
2012,33,2,47114,3005012
2012,34,0,143560,3005012
2012,34,1,74816,3005012
2012,34,2,68745,3005012
2012,35,0,93193,3005012
2012,35,1,31248,3005012
2012,35,2,61946,3005012
2012,36,0,129032,3005012
2012,36,1,65474,3005012
2012,36,2,63557,3005012
2012,37,0,222157,3005012
2012,37,1,114177,3005012
2012,37,2,107982,3005012
2012,38,0,323515,3005012
2012,38,1,157380,3005012
2012,38,2,166135,3005012
2012,39,0,253336,3005012
2012,39,1,87963,3005012
2012,39,2,165373,3005012
2012,40,0,287726,3005012
2012,40,1,165367,3005012
2012,40,2,122358,3005012
2012,41,0,320473,3005012
2012,41,1,143633,3005012
2012,41,2,176841,3005012
2012,42,0,439134,3005012
2012,42,1,192681,3005012
2012,42,2,242901,3005012
2012,42,3,3552,3005012
2012,43,0,474486,3005012
2012,43,1,254933,3005012
2012,43,2,219554,3005012
2012,44,0,719620,3005012
2012,44,1,359044,3005012
2012,44,2,360577,3005012
2012,45,0,603964,3005012
2012,45,1,261055,3005012
2012,45,2,342908,3005012
2012,46,0,834250,3005012
2012,46,1,459760,3005012
2012,46,2,374491,3005012
2012,47,0,769289,3005012
2012,47,1,418178,3005012
2012,47,2,351114,3005012
2012,48,0,772198,3005012
2012,48,1,423426,3005012
2012,48,2,348775,3005012
2012,49,0,529732,3005012
2012,49,1,284163,3005012
2012,49,2,245569,3005012
2012,50,0,477127,3005012
2012,50,1,175350,3005012
2012,50,2,301777,3005012
2012,51,0,240380,3005012
2012,51,1,91463,3005012
2012,51,2,148916,3005012
2012,52,0,120033,3005012
2012,52,1,72636,3005012
2012,52,2,47398,3005012
2012,53,0,82616,3005012
2012,53,1,64305,3005012
2012,53,2,18310,3005012
2012,54,0,64896,3005012
2012,54,1,41339,3005012
2012,54,2,23556,3005012
2012,55,0,29433,3005012
2012,55,1,15624,3005012
2012,55,2,13810,3005012
2012,58,0,4844,3005012
2012,58,2,4844,3005012
2012,60,0,23873,3005012
2012,60,2,23873,3005012
2012,65,0,6494,3005012
2012,65,1,6494,3005012
2014,10,0,6569,3005012
2014,10,2,6569,3005012
2014,11,0,13346,3005012
2014,11,1,6673,3005012
2014,11,2,6673,3005012
2014,12,0,15007,3005012
2014,12,1,9387,3005012
2014,12,2,5621,3005012
2014,13,0,31025,3005012
2014,13,1,17024,3005012
2014,13,2,14001,3005012
2014,14,0,13443,3005012
2014,14,1,6716,3005012
2014,14,2,6729,3005012
2014,15,0,26699,3005012
2014,15,1,16742,3005012
2014,15,2,9958,3005012
2014,16,0,32738,3005012
2014,16,1,22884,3005012
2014,16,2,9854,3005012
2014,17,0,84195,3005012
2014,17,1,42112,3005012
2014,17,2,42083,3005012
2014,18,0,48713,3005012
2014,18,1,34913,3005012
2014,18,2,13800,3005012
2014,19,0,133552,3005012
2014,19,1,70557,3005012
2014,19,2,62995,3005012
2014,20,0,59232,3005012
2014,20,1,34323,3005012
2014,20,2,24909,3005012
2014,21,0,87722,3005012
2014,21,1,44136,3005012
2014,21,2,43586,3005012
2014,22,0,118414,3005012
2014,22,1,53689,3005012
2014,22,2,64726,3005012
2014,23,0,112717,3005012
2014,23,1,55235,3005012
2014,23,2,57482,3005012
2014,24,0,171962,3005012
2014,24,1,82798,3005012
2014,24,2,89164,3005012
2014,25,0,139923,3005012
2014,25,1,64432,3005012
2014,25,2,75492,3005012
2014,26,0,198944,3005012
2014,26,1,92631,3005012
2014,26,2,106313,3005012
2014,27,0,189452,3005012
2014,27,1,103016,3005012
2014,27,2,86436,3005012
2014,28,0,306695,3005012
2014,28,1,85395,3005012
2014,28,2,221301,3005012
2014,29,0,187076,3005012
2014,29,1,67327,3005012
2014,29,2,119752,3005012
2014,30,0,132347,3005012
2014,30,1,71247,3005012
2014,30,2,61103,3005012
2014,31,0,224686,3005012
2014,31,1,119947,3005012
2014,31,2,104739,3005012
2014,32,0,208933,3005012
2014,32,1,86339,3005012
2014,32,2,122594,3005012
2014,33,0,243493,3005012
2014,33,1,93385,3005012
2014,33,2,150109,3005012
2014,34,0,141594,3005012
2014,34,1,82831,3005012
2014,34,2,58764,3005012
2014,35,0,228322,3005012
2014,35,1,94572,3005012
2014,35,2,133752,3005012
2014,36,0,113175,3005012
2014,36,1,64809,3005012
2014,36,2,48367,3005012
2014,37,0,159314,3005012
2014,37,1,59502,3005012
2014,37,2,99813,3005012
2014,38,0,168285,3005012
2014,38,1,99541,3005012
2014,38,2,68743,3005012
2014,39,0,150213,3005012
2014,39,1,46783,3005012
2014,39,2,103432,3005012
2014,40,0,93617,3005012
2014,40,1,48224,3005012
2014,40,2,45394,3005012
2014,41,0,128049,3005012
2014,41,1,80408,3005012
2014,41,2,47643,3005012
2014,42,0,78989,3005012
2014,42,1,14710,3005012
2014,42,2,64279,3005012
2014,43,0,139967,3005012
2014,43,1,94375,3005012
2014,43,2,45592,3005012
2014,44,0,188218,3005012
2014,44,1,98880,3005012
2014,44,2,89337,3005012
2014,45,0,174076,3005012
2014,45,1,107977,3005012
2014,45,2,66099,3005012
2014,46,0,253322,3005012
2014,46,1,156935,3005012
2014,46,2,96387,3005012
2014,47,0,212477,3005012
2014,47,1,59107,3005012
2014,47,2,153370,3005012
2014,48,0,175939,3005012
2014,48,1,86209,3005012
2014,48,2,89730,3005012
2014,49,0,154393,3005012
2014,49,1,91670,3005012
2014,49,2,62723,3005012
2014,50,0,180295,3005012
2014,50,1,57525,3005012
2014,50,2,122770,3005012
2014,51,0,56111,3005012
2014,51,1,46376,3005012
2014,51,2,9735,3005012
2014,52,0,22787,3005012
2014,52,1,19295,3005012
2014,52,2,3492,3005012
2014,53,0,37090,3005012
2014,53,1,37090,3005012
2014,54,0,15805,3005012
2014,54,1,13652,3005012
2014,54,2,2154,3005012
2014,55,0,2154,3005012
2014,55,2,2154,3005012
2014,56,0,2644,3005012
2014,56,1,2644,3005012
2014,57,0,14707,3005012
2014,57,1,2154,3005012
2014,57,2,12553,3005012
2014,58,0,2336,3005012
2014,58,2,2336,3005012
2016,10,0,3736,3005012
2016,10,3,3736,3005012
2016,13,0,4602,3005012
2016,13,3,4602,3005012
2016,14,0,2255,3005012
2016,14,2,2255,3005012
2016,15,0,11211,3005012
2016,15,1,8877,3005012
2016,15,2,2334,3005012
2016,16,0,68757,3005012
2016,16,1,49995,3005012
2016,16,2,11034,3005012
2016,16,3,7728,3005012
2016,17,0,91039,3005012
2016,17,1,63161,3005012
2016,17,2,24014,3005012
2016,17,3,3864,3005012
2016,18,0,38848,3005012
2016,18,1,19434,3005012
2016,18,2,19415,3005012
2016,19,0,86927,3005012
2016,19,1,52815,3005012
2016,19,2,34111,3005012
2016,20,0,82653,3005012
2016,20,1,26110,3005012
2016,20,2,56544,3005012
2016,21,0,85362,3005012
2016,21,1,17577,3005012
2016,21,2,67785,3005012
2016,22,0,48438,3005012
2016,22,1,29767,3005012
2016,22,2,18673,3005012
2016,23,0,128896,3005012
2016,23,1,84471,3005012
2016,23,2,44425,3005012
2016,24,0,258515,3005012
2016,24,1,147918,3005012
2016,24,2,110598,3005012
2016,25,0,152633,3005012
2016,25,1,128439,3005012
2016,25,2,24193,3005012
2016,26,0,201302,3005012
2016,26,1,139593,3005012
2016,26,2,61710,3005012
2016,27,0,356560,3005012
2016,27,1,191666,3005012
2016,27,2,164893,3005012
2016,28,0,405643,3005012
2016,28,1,282436,3005012
2016,28,2,123207,3005012
2016,29,0,395341,3005012
2016,29,1,190948,3005012
2016,29,2,204392,3005012
2016,30,0,451254,3005012
2016,30,1,189028,3005012
2016,30,2,262227,3005012
2016,31,0,334617,3005012
2016,31,1,206005,3005012
2016,31,2,128612,3005012
2016,32,0,561781,3005012
2016,32,1,220815,3005012
2016,32,2,340966,3005012
2016,33,0,575781,3005012
2016,33,1,354247,3005012
2016,33,2,221538,3005012
2016,34,0,654046,3005012
2016,34,1,248009,3005012
2016,34,2,406036,3005012
2016,35,0,1022243,3005012
2016,35,1,584427,3005012
2016,35,2,437812,3005012
2016,36,0,767310,3005012
2016,36,1,434250,3005012
2016,36,2,333060,3005012
2016,37,0,715841,3005012
2016,37,1,437474,3005012
2016,37,2,278369,3005012
2016,38,0,540727,3005012
2016,38,1,215357,3005012
2016,38,2,325371,3005012
2016,39,0,636568,3005012
2016,39,1,345058,3005012
2016,39,2,291509,3005012
2016,40,0,455974,3005012
2016,40,1,216906,3005012
2016,40,2,239069,3005012
2016,41,0,429705,3005012
2016,41,1,175844,3005012
2016,41,2,253862,3005012
2016,42,0,380204,3005012
2016,42,1,232586,3005012
2016,42,2,147616,3005012
2016,43,0,192388,3005012
2016,43,1,123761,3005012
2016,43,2,68626,3005012
2016,44,0,313476,3005012
2016,44,1,110787,3005012
2016,44,2,202688,3005012
2016,45,0,241224,3005012
2016,45,1,133058,3005012
2016,45,2,108167,3005012
2016,46,0,289507,3005012
2016,46,1,65395,3005012
2016,46,2,224111,3005012
2016,47,0,273748,3005012
2016,47,1,196118,3005012
2016,47,2,77630,3005012
2016,48,0,178456,3005012
2016,48,1,80226,3005012
2016,48,2,98230,3005012
2016,49,0,232930,3005012
2016,49,1,150857,3005012
2016,49,2,82074,3005012
2016,50,0,134770,3005012
2016,50,1,38820,3005012
2016,50,2,95949,3005012
2016,51,0,115507,3005012
2016,51,1,74476,3005012
2016,51,2,41030,3005012
2016,52,0,96416,3005012
2016,52,1,18315,3005012
2016,52,2,78101,3005012
2016,53,0,71445,3005012
2016,53,1,7152,3005012
2016,53,2,64294,3005012
2016,54,0,10677,3005012
2016,54,1,6490,3005012
2016,54,2,4188,3005012
2016,55,0,26140,3005012
2016,55,1,13769,3005012
2016,55,2,12373,3005012
2016,56,0,30547,3005012
2016,56,1,19152,3005012
2016,56,2,11395,3005012
2016,57,0,1392,3005012
2016,57,1,1392,3005012
2016,58,0,1396,3005012
2016,58,1,1396,3005012
2016,60,0,34366,3005012
2016,60,1,34366,3005012
2016,65,0,9747,3005012
2016,65,2,9747,3005012
2018,10,0,7485,3005012
2018,10,3,7485,3005012
2018,12,0,52231,3005012
2018,12,3,52231,3005012
2018,13,0,23027,3005012
2018,13,3,23027,3005012
2018,14,0,76319,3005012
2018,14,1,5181,3005012
2018,14,2,13440,3005012
2018,14,3,57699,3005012
2018,15,0,11082,3005012
2018,15,2,8952,3005012
2018,15,3,2130,3005012
2018,16,0,15669,3005012
2018,16,1,5181,3005012
2018,16,2,2212,3005012
2018,16,3,8276,3005012
2018,17,0,103221,3005012
2018,17,1,47820,3005012
2018,17,2,47127,3005012
2018,17,3,8276,3005012
2018,18,0,55733,3005012
2018,18,1,19467,3005012
2018,18,2,20723,3005012
2018,18,3,15542,3005012
2018,19,0,146355,3005012
2018,19,1,94801,3005012
2018,19,2,46373,3005012
2018,19,3,5181,3005012
2018,20,0,31089,3005012
2018,20,1,22110,3005012
2018,20,2,8979,3005012
2018,21,0,101122,3005012
2018,21,1,20833,3005012
2018,21,2,75108,3005012
2018,21,3,5181,3005012
2018,22,0,211935,3005012
2018,22,1,102280,3005012
2018,22,2,109655,3005012
2018,23,0,236761,3005012
2018,23,1,77247,3005012
2018,23,2,159512,3005012
2018,24,0,276329,3005012
2018,24,1,172785,3005012
2018,24,2,103543,3005012
2018,25,0,309095,3005012
2018,25,1,161155,3005012
2018,25,2,147939,3005012
2018,26,0,491258,3005012
2018,26,1,204306,3005012
2018,26,2,286951,3005012
2018,27,0,360724,3005012
2018,27,1,144796,3005012
2018,27,2,215928,3005012
2018,28,0,140760,3005012
2018,28,1,92515,3005012
2018,28,2,48244,3005012
2018,29,0,574897,3005012
2018,29,1,280532,3005012
2018,29,2,294365,3005012
2018,30,0,406467,3005012
2018,30,1,305109,3005012
2018,30,2,101358,3005012
2018,31,0,663753,3005012
2018,31,1,358800,3005012
2018,31,2,304953,3005012
2018,32,0,729683,3005012
2018,32,1,483628,3005012
2018,32,2,246057,3005012
2018,33,0,577583,3005012
2018,33,1,302559,3005012
2018,33,2,275023,3005012
2018,34,0,738104,3005012
2018,34,1,521601,3005012
2018,34,2,216505,3005012
2018,35,0,855397,3005012
2018,35,1,594727,3005012
2018,35,2,260673,3005012
2018,36,0,1002714,3005012
2018,36,1,524577,3005012
2018,36,2,478138,3005012
2018,37,0,673809,3005012
2018,37,1,454336,3005012
2018,37,2,219472,3005012
2018,38,0,1000598,3005012
2018,38,1,618319,3005012
2018,38,2,382279,3005012
2018,39,0,868382,3005012
2018,39,1,591649,3005012
2018,39,2,276733,3005012
2018,40,0,699474,3005012
2018,40,1,380256,3005012
2018,40,2,319218,3005012
2018,41,0,401182,3005012
2018,41,1,158503,3005012
2018,41,2,242679,3005012
2018,42,0,477090,3005012
2018,42,1,252866,3005012
2018,42,2,224224,3005012
2018,43,0,167510,3005012
2018,43,1,87544,3005012
2018,43,2,79966,3005012
2018,44,0,381310,3005012
2018,44,1,175947,3005012
2018,44,2,205363,3005012
2018,45,0,151509,3005012
2018,45,1,60753,3005012
2018,45,2,90758,3005012
2018,46,0,141783,3005012
2018,46,1,36840,3005012
2018,46,2,104944,3005012
2018,47,0,131909,3005012
2018,47,1,30740,3005012
2018,47,2,101169,3005012
2018,48,0,99707,3005012
2018,48,1,56841,3005012
2018,48,2,42866,3005012
2018,49,0,80923,3005012
2018,49,1,27171,3005012
2018,49,2,53752,3005012
2018,50,0,127238,3005012
2018,50,1,86259,3005012
2018,50,2,40980,3005012
2018,51,0,52775,3005012
2018,51,1,44218,3005012
2018,51,2,8557,3005012
2018,52,0,47573,3005012
2018,52,1,8241,3005012
2018,52,2,39332,3005012
2018,53,0,73553,3005012
2018,53,1,29447,3005012
2018,53,2,44106,3005012
2018,54,0,18319,3005012
2018,54,1,2371,3005012
2018,54,2,15948,3005012
2018,55,0,3530,3005012
2018,55,2,3530,3005012
2018,57,0,30222,3005012
2018,57,1,12370,3005012
2018,57,2,17852,3005012
2018,58,0,29016,3005012
2018,58,1,16646,3005012
2018,58,2,12370,3005012
2018,59,0,3972,3005012
2018,59,1,3972,3005012
2018,60,0,3972,3005012
2018,60,1,3972,3005012
2018,61,0,6044,3005012
2018,61,1,6044,3005012
2018,62,0,3994,3005012
2018,62,1,3994,3005012
2018,63,0,19796,3005012
2018,63,1,11851,3005012
2018,63,2,7944,3005012
2018,65,0,7966,3005012
2018,65,1,7966,3005012
2018,69,0,3972,3005012
2018,69,1,3972,3005012
2018,71,0,3972,3005012
2018,71,2,3972,3005012
2022,14,0,3546,3005012
2022,14,1,3546,3005012
2022,15,0,13809,3005012
2022,15,1,6567,3005012
2022,15,2,3754,3005012
2022,15,3,3488,3005012
2022,16,0,17348,3005012
2022,16,1,6347,3005012
2022,16,2,11001,3005012
2022,17,0,53075,3005012
2022,17,1,37203,3005012
2022,17,2,15871,3005012
2022,18,0,36894,3005012
2022,18,1,27799,3005012
2022,18,2,9095,3005012
2022,19,0,68001,3005012
2022,19,1,34819,3005012
2022,19,2,33183,3005012
2022,20,0,88816,3005012
2022,20,1,54403,3005012
2022,20,2,34413,3005012
2022,21,0,92929,3005012
2022,21,1,55720,3005012
2022,21,2,37209,3005012
2022,22,0,161515,3005012
2022,22,1,101487,3005012
2022,22,2,60028,3005012
2022,23,0,117357,3005012
2022,23,1,84719,3005012
2022,23,2,32637,3005012
2022,24,0,216383,3005012
2022,24,1,114327,3005012
2022,24,2,102056,3005012
2022,25,0,486952,3005012
2022,25,1,240043,3005012
2022,25,2,246908,3005012
2022,26,0,450101,3005012
2022,26,1,213333,3005012
2022,26,2,236770,3005012
2022,27,0,629538,3005012
2022,27,1,370875,3005012
2022,27,2,258661,3005012
2022,28,0,671287,3005012
2022,28,1,413448,3005012
2022,28,2,257838,3005012
2022,29,0,1085207,3005012
2022,29,1,753674,3005012
2022,29,2,331533,3005012
2022,30,0,710756,3005012
2022,30,1,276373,3005012
2022,30,2,434382,3005012
2022,31,0,1133247,3005012
2022,31,1,698434,3005012
2022,31,2,434811,3005012
2022,32,0,1280910,3005012
2022,32,1,733678,3005012
2022,32,2,547229,3005012
2022,33,0,1044866,3005012
2022,33,1,611819,3005012
2022,33,2,433049,3005012
2022,34,0,1292932,3005012
2022,34,1,752077,3005012
2022,34,2,540854,3005012
2022,35,0,1521689,3005012
2022,35,1,793773,3005012
2022,35,2,727916,3005012
2022,36,0,1926575,3005012
2022,36,1,1408246,3005012
2022,36,2,518330,3005012
2022,37,0,1000567,3005012
2022,37,1,555984,3005012
2022,37,2,444582,3005012
2022,38,0,2050525,3005012
2022,38,1,845138,3005012
2022,38,2,1205388,3005012
2022,39,0,1537769,3005012
2022,39,1,944353,3005012
2022,39,2,593416,3005012
2022,40,0,1261204,3005012
2022,40,1,789914,3005012
2022,40,2,471287,3005012
2022,41,0,1113052,3005012
2022,41,1,499340,3005012
2022,41,2,613710,3005012
2022,42,0,559063,3005012
2022,42,1,290555,3005012
2022,42,2,268509,3005012
2022,43,0,408918,3005012
2022,43,1,145964,3005012
2022,43,2,262954,3005012
2022,44,0,290741,3005012
2022,44,1,146693,3005012
2022,44,2,144047,3005012
2022,45,0,179961,3005012
2022,45,1,98475,3005012
2022,45,2,81484,3005012
2022,46,0,125199,3005012
2022,46,1,93590,3005012
2022,46,2,31611,3005012
2022,47,0,167859,3005012
2022,47,1,119852,3005012
2022,47,2,48007,3005012
2022,48,0,45903,3005012
2022,48,1,28357,3005012
2022,48,2,17546,3005012
2022,49,0,105558,3005012
2022,49,1,3126,3005012
2022,49,2,102433,3005012
2022,50,0,37681,3005012
2022,50,1,1487,3005012
2022,50,2,36194,3005012
2022,51,0,62969,3005012
2022,51,2,62969,3005012
2022,52,0,122852,3005012
2022,52,1,21694,3005012
2022,52,2,101158,3005012
2022,53,0,66160,3005012
2022,53,1,48421,3005012
2022,53,2,17739,3005012
2022,55,0,17739,3005012
2022,55,2,17739,3005012
2022,56,0,1487,3005012
2022,56,1,1487,3005012
2022,58,0,1487,3005012
2022,58,1,1487,3005012
2022,59,0,1487,3005012
2022,59,1,1487,3005012
2022,61,0,36756,3005012
2022,61,1,8631,3005012
2022,61,2,28125,3005012
2022,62,0,7550,3005012
2022,62,2,7550,3005012
2022,65,0,7550,3005012
2022,65,1,7550,3005012
2022,67,0,15100,3005012
2022,67,1,15100,3005012
1991,11,4,1654,3005012
1991,13,4,3307,3005012
1991,14,4,1654,3005012
1991,15,4,3869,3005012
1991,16,4,9783,3005012
1991,19,4,3307,3005012
1991,20,4,65002,3005012
1991,21,4,7177,3005012
1991,22,4,12884,3005012
1991,23,4,48760,3005012
1991,24,4,275357,3005012
1991,25,4,201730,3005012
1991,26,4,52010,3005012
1991,27,4,128897,3005012
1991,28,4,121244,3005012
1991,29,4,139327,3005012
1991,30,4,86570,3005012
1991,31,4,206092,3005012
1991,32,4,151094,3005012
1991,33,4,191915,3005012
1991,34,4,198647,3005012
1991,35,4,376281,3005012
1991,36,4,295003,3005012
1991,37,4,271833,3005012
1991,38,4,338514,3005012
1991,39,4,316140,3005012
1991,40,4,480927,3005012
1991,41,4,541615,3005012
1991,42,4,992062,3005012
1991,43,4,582198,3005012
1991,44,4,891633,3005012
1991,45,4,601930,3005012
1991,46,4,338756,3005012
1991,47,4,358202,3005012
1991,48,4,267720,3005012
1991,49,4,133895,3005012
1991,50,4,173723,3005012
1991,52,4,4520,3005012
1991,53,4,5522,3005012
1991,54,4,19397,3005012
1991,62,4,8045,3005012
1994,19,4,10546,3005012
1994,20,4,1803,3005012
1994,21,4,8743,3005012
1994,22,4,11054,3005012
1994,23,4,40025,3005012
1994,24,4,26636,3005012
1994,25,4,73807,3005012
1994,26,4,38413,3005012
1994,27,4,67189,3005012
1994,28,4,125710,3005012
1994,29,4,107229,3005012
1994,30,4,194584,3005012
1994,31,4,249388,3005012
1994,32,4,221333,3005012
1994,33,4,255590,3005012
1994,34,4,344798,3005012
1994,35,4,353924,3005012
1994,36,4,354155,3005012
1994,37,4,517719,3005012
1994,38,4,545374,3005012
1994,39,4,635381,3005012
1994,40,4,813951,3005012
1994,41,4,1095611,3005012
1994,42,4,1187983,3005012
1994,43,4,1106139,3005012
1994,44,4,1034527,3005012
1994,45,4,821720,3005012
1994,46,4,597507,3005012
1994,47,4,339144,3005012
1994,48,4,223072,3005012
1994,49,4,137008,3005012
1994,50,4,81368,3005012
1994,51,4,61323,3005012
1994,52,4,22743,3005012
1994,53,4,8911,3005012
1994,54,4,41679,3005012
1994,55,4,7257,3005012
1994,56,4,30226,3005012
1994,57,4,3891,3005012
1994,58,4,42720,3005012
1994,60,4,8743,3005012
1994,61,4,8743,3005012
1994,62,4,17486,3005012
1994,63,4,8743,3005012
1994,69,4,8743,3005012
1997,21,4,6594,3005012
1997,23,4,13188,3005012
1997,24,4,6594,3005012
1997,25,4,26374,3005012
1997,26,4,11213,3005012
1997,27,4,67666,3005012
1997,28,4,40591,3005012
1997,29,4,34837,3005012
1997,30,4,19781,3005012
1997,31,4,65086,3005012
1997,32,4,80975,3005012
1997,33,4,74869,3005012
1997,34,4,123365,3005012
1997,35,4,62904,3005012
1997,36,4,158130,3005012
1997,37,4,223941,3005012
1997,38,4,369481,3005012
1997,39,4,513288,3005012
1997,40,4,387096,3005012
1997,41,4,777051,3005012
1997,42,4,833371,3005012
1997,43,4,846482,3005012
1997,44,4,917917,3005012
1997,45,4,854728,3005012
1997,46,4,617436,3005012
1997,47,4,495406,3005012
1997,48,4,485449,3005012
1997,49,4,224974,3005012
1997,50,4,100971,3005012
1997,51,4,54906,3005012
1997,52,4,70805,3005012
1997,53,4,7155,3005012
1997,54,4,45374,3005012
1997,55,4,6928,3005012
1997,56,4,9834,3005012
1997,61,4,38762,3005012
2000,15,4,3800,3005012
2000,19,4,3494,3005012
2000,21,4,4719,3005012
2000,22,4,6879,3005012
2000,24,4,13757,3005012
2000,25,4,3418,3005012
2000,26,4,20559,3005012
2000,27,4,35650,3005012
2000,28,4,10679,3005012
2000,29,4,57142,3005012
2000,30,4,80639,3005012
2000,31,4,20662,3005012
2000,32,4,41137,3005012
2000,33,4,89076,3005012
2000,34,4,110558,3005012
2000,35,4,123758,3005012
2000,36,4,163248,3005012
2000,37,4,204492,3005012
2000,38,4,249974,3005012
2000,39,4,355986,3005012
2000,40,4,583020,3005012
2000,41,4,755980,3005012
2000,42,4,876008,3005012
2000,43,4,1015396,3005012
2000,44,4,1270094,3005012
2000,45,4,1351412,3005012
2000,46,4,1140873,3005012
2000,47,4,900732,3005012
2000,48,4,592400,3005012
2000,49,4,312295,3005012
2000,50,4,334178,3005012
2000,51,4,78839,3005012
2000,52,4,149198,3005012
2000,53,4,27158,3005012
2000,54,4,34065,3005012
2000,55,4,6879,3005012
2000,58,4,8815,3005012
2000,62,4,8205,3005012
2000,63,4,9136,3005012
2002,11,4,4306,3005012
2002,12,4,14986,3005012
2002,13,4,6111,3005012
2002,14,4,19032,3005012
2002,15,4,46643,3005012
2002,16,4,17617,3005012
2002,17,4,12918,3005012
2002,19,4,26257,3005012
2002,20,4,30475,3005012
2002,21,4,8524,3005012
2002,22,4,4306,3005012
2002,23,4,4306,3005012
2002,24,4,8612,3005012
2002,25,4,5107,3005012
2002,26,4,22158,3005012
2002,27,4,8524,3005012
2002,28,4,7804,3005012
2002,29,4,33034,3005012
2002,30,4,28052,3005012
2002,31,4,45190,3005012
2002,32,4,50485,3005012
2002,33,4,47788,3005012
2002,34,4,114489,3005012
2002,35,4,66019,3005012
2002,36,4,232309,3005012
2002,37,4,169828,3005012
2002,38,4,217901,3005012
2002,39,4,283100,3005012
2002,40,4,452164,3005012
2002,41,4,414303,3005012
2002,42,4,537930,3005012
2002,43,4,775787,3005012
2002,44,4,771808,3005012
2002,45,4,671061,3005012
2002,46,4,597104,3005012
2002,47,4,697370,3005012
2002,48,4,607062,3005012
2002,49,4,296560,3005012
2002,50,4,123716,3005012
2002,51,4,125526,3005012
2002,52,4,70361,3005012
2002,53,4,91719,3005012
2002,54,4,6828,3005012
2002,55,4,5683,3005012
2002,57,4,25821,3005012
2002,62,4,2168,3005012
2002,68,4,6903,3005012
2004,5,4,3391,3005012
2004,10,4,2009,3005012
2004,14,4,2973,3005012
2004,15,4,17667,3005012
2004,16,4,54905,3005012
2004,17,4,109204,3005012
2004,18,4,135906,3005012
2004,19,4,89120,3005012
2004,20,4,56859,3005012
2004,21,4,6292,3005012
2004,24,4,2009,3005012
2004,25,4,13524,3005012
2004,26,4,34013,3005012
2004,27,4,24064,3005012
2004,28,4,10605,3005012
2004,29,4,44947,3005012
2004,30,4,16618,3005012
2004,31,4,60269,3005012
2004,32,4,64967,3005012
2004,33,4,52974,3005012
2004,34,4,47050,3005012
2004,35,4,94068,3005012
2004,36,4,204892,3005012
2004,37,4,235713,3005012
2004,38,4,269359,3005012
2004,39,4,445581,3005012
2004,40,4,392055,3005012
2004,41,4,548468,3005012
2004,42,4,937278,3005012
2004,43,4,1019381,3005012
2004,44,4,1039406,3005012
2004,45,4,1057047,3005012
2004,46,4,1022506,3005012
2004,47,4,888435,3005012
2004,48,4,574605,3005012
2004,49,4,422746,3005012
2004,50,4,357886,3005012
2004,51,4,185677,3005012
2004,52,4,113200,3005012
2004,53,4,55209,3005012
2004,54,4,23526,3005012
2004,55,4,27999,3005012
2004,56,4,23019,3005012
2004,57,4,20670,3005012
2004,58,4,7459,3005012
2004,59,4,18664,3005012
2004,61,4,5126,3005012
2004,62,4,5126,3005012
2004,63,4,9112,3005012
2004,67,4,15138,3005012
2006,12,4,8728,3005012
2006,14,4,6630,3005012
2006,15,4,35940,3005012
2006,16,4,3315,3005012
2006,17,4,5415,3005012
2006,18,4,15099,3005012
2006,19,4,34185,3005012
2006,20,4,46770,3005012
2006,21,4,55803,3005012
2006,22,4,56598,3005012
2006,23,4,99173,3005012
2006,24,4,102726,3005012
2006,25,4,66717,3005012
2006,26,4,32675,3005012
2006,27,4,15877,3005012
2006,28,4,15669,3005012
2006,29,4,19333,3005012
2006,30,4,5415,3005012
2006,31,4,6022,3005012
2006,32,4,28931,3005012
2006,33,4,34409,3005012
2006,34,4,72502,3005012
2006,35,4,65486,3005012
2006,36,4,116292,3005012
2006,37,4,76593,3005012
2006,38,4,198920,3005012
2006,39,4,139883,3005012
2006,40,4,214918,3005012
2006,41,4,298016,3005012
2006,42,4,502824,3005012
2006,43,4,621918,3005012
2006,44,4,598221,3005012
2006,45,4,736685,3005012
2006,46,4,688728,3005012
2006,47,4,472876,3005012
2006,48,4,538938,3005012
2006,49,4,262202,3005012
2006,50,4,235775,3005012
2006,51,4,127150,3005012
2006,52,4,84290,3005012
2006,53,4,50028,3005012
2006,54,4,30766,3005012
2006,55,4,14330,3005012
2006,56,4,7579,3005012
2006,57,4,23264,3005012
2006,58,4,8247,3005012
2006,60,4,8514,3005012
2006,62,4,5542,3005012
2006,65,4,5542,3005012
2006,66,4,5542,3005012
2010,11,4,12313,3005012
2010,13,4,3729,3005012
2010,14,4,15366,3005012
2010,15,4,27578,3005012
2010,16,4,10984,3005012
2010,17,4,12788,3005012
2010,18,4,31188,3005012
2010,19,4,28709,3005012
2010,20,4,125943,3005012
2010,21,4,126875,3005012
2010,22,4,169695,3005012
2010,23,4,129905,3005012
2010,24,4,139183,3005012
2010,25,4,110731,3005012
2010,26,4,151626,3005012
2010,27,4,160200,3005012
2010,28,4,204217,3005012
2010,29,4,176489,3005012
2010,30,4,116505,3005012
2010,31,4,143756,3005012
2010,32,4,97911,3005012
2010,33,4,92916,3005012
2010,34,4,99007,3005012
2010,35,4,159114,3005012
2010,36,4,98337,3005012
2010,37,4,67146,3005012
2010,38,4,224290,3005012
2010,39,4,376275,3005012
2010,40,4,378045,3005012
2010,41,4,369190,3005012
2010,42,4,451350,3005012
2010,43,4,725915,3005012
2010,44,4,290112,3005012
2010,45,4,455818,3005012
2010,46,4,484234,3005012
2010,47,4,545708,3005012
2010,48,4,369028,3005012
2010,49,4,214906,3005012
2010,50,4,139621,3005012
2010,51,4,59883,3005012
2010,52,4,73931,3005012
2010,53,4,48460,3005012
2010,54,4,26946,3005012
2010,55,4,42214,3005012
2010,56,4,30984,3005012
2010,58,4,11682,3005012
2010,61,4,4652,3005012
2010,64,4,10343,3005012
2010,66,4,3894,3005012
2010,69,4,10343,3005012
2012,10,4,3974,3005012
2012,13,4,12874,3005012
2012,14,4,3568,3005012
2012,15,4,7805,3005012
2012,16,4,15045,3005012
2012,17,4,20299,3005012
2012,18,4,18555,3005012
2012,19,4,64378,3005012
2012,20,4,25177,3005012
2012,21,4,23212,3005012
2012,22,4,29617,3005012
2012,23,4,22907,3005012
2012,24,4,119817,3005012
2012,25,4,111348,3005012
2012,26,4,175268,3005012
2012,27,4,144541,3005012
2012,28,4,138042,3005012
2012,29,4,153860,3005012
2012,30,4,141699,3005012
2012,31,4,92687,3005012
2012,32,4,176209,3005012
2012,33,4,121850,3005012
2012,34,4,143561,3005012
2012,35,4,93194,3005012
2012,36,4,129031,3005012
2012,37,4,222159,3005012
2012,38,4,323515,3005012
2012,39,4,253336,3005012
2012,40,4,287725,3005012
2012,41,4,320474,3005012
2012,42,4,439134,3005012
2012,43,4,474487,3005012
2012,44,4,719621,3005012
2012,45,4,603963,3005012
2012,46,4,834251,3005012
2012,47,4,769292,3005012
2012,48,4,772201,3005012
2012,49,4,529732,3005012
2012,50,4,477127,3005012
2012,51,4,240379,3005012
2012,52,4,120034,3005012
2012,53,4,82615,3005012
2012,54,4,64895,3005012
2012,55,4,29434,3005012
2012,58,4,4844,3005012
2012,60,4,23873,3005012
2012,65,4,6494,3005012
2014,10,4,6569,3005012
2014,11,4,13346,3005012
2014,12,4,15008,3005012
2014,13,4,31025,3005012
2014,14,4,13445,3005012
2014,15,4,26700,3005012
2014,16,4,32738,3005012
2014,17,4,84195,3005012
2014,18,4,48713,3005012
2014,19,4,133552,3005012
2014,20,4,59232,3005012
2014,21,4,87722,3005012
2014,22,4,118415,3005012
2014,23,4,112717,3005012
2014,24,4,171962,3005012
2014,25,4,139924,3005012
2014,26,4,198944,3005012
2014,27,4,189452,3005012
2014,28,4,306696,3005012
2014,29,4,187079,3005012
2014,30,4,132350,3005012
2014,31,4,224686,3005012
2014,32,4,208933,3005012
2014,33,4,243494,3005012
2014,34,4,141595,3005012
2014,35,4,228324,3005012
2014,36,4,113176,3005012
2014,37,4,159315,3005012
2014,38,4,168284,3005012
2014,39,4,150215,3005012
2014,40,4,93618,3005012
2014,41,4,128051,3005012
2014,42,4,78989,3005012
2014,43,4,139967,3005012
2014,44,4,188217,3005012
2014,45,4,174076,3005012
2014,46,4,253322,3005012
2014,47,4,212477,3005012
2014,48,4,175939,3005012
2014,49,4,154393,3005012
2014,50,4,180295,3005012
2014,51,4,56111,3005012
2014,52,4,22787,3005012
2014,53,4,37090,3005012
2014,54,4,15806,3005012
2014,55,4,2154,3005012
2014,56,4,2644,3005012
2014,57,4,14707,3005012
2014,58,4,2336,3005012
2016,10,4,3736,3005012
2016,13,4,4602,3005012
2016,14,4,2255,3005012
2016,15,4,11211,3005012
2016,16,4,68757,3005012
2016,17,4,91039,3005012
2016,18,4,38849,3005012
2016,19,4,86926,3005012
2016,20,4,82654,3005012
2016,21,4,85362,3005012
2016,22,4,48440,3005012
2016,23,4,128896,3005012
2016,24,4,258516,3005012
2016,25,4,152632,3005012
2016,26,4,201303,3005012
2016,27,4,356559,3005012
2016,28,4,405643,3005012
2016,29,4,395340,3005012
2016,30,4,451255,3005012
2016,31,4,334617,3005012
2016,32,4,561781,3005012
2016,33,4,575785,3005012
2016,34,4,654045,3005012
2016,35,4,1022239,3005012
2016,36,4,767310,3005012
2016,37,4,715843,3005012
2016,38,4,540728,3005012
2016,39,4,636567,3005012
2016,40,4,455975,3005012
2016,41,4,429706,3005012
2016,42,4,380202,3005012
2016,43,4,192387,3005012
2016,44,4,313475,3005012
2016,45,4,241225,3005012
2016,46,4,289506,3005012
2016,47,4,273748,3005012
2016,48,4,178456,3005012
2016,49,4,232931,3005012
2016,50,4,134769,3005012
2016,51,4,115506,3005012
2016,52,4,96416,3005012
2016,53,4,71446,3005012
2016,54,4,10678,3005012
2016,55,4,26142,3005012
2016,56,4,30547,3005012
2016,57,4,1392,3005012
2016,58,4,1396,3005012
2016,60,4,34366,3005012
2016,65,4,9747,3005012
2018,10,4,7485,3005012
2018,12,4,52231,3005012
2018,13,4,23027,3005012
2018,14,4,76320,3005012
2018,15,4,11082,3005012
2018,16,4,15669,3005012
2018,17,4,103223,3005012
2018,18,4,55732,3005012
2018,19,4,146355,3005012
2018,20,4,31089,3005012
2018,21,4,101122,3005012
2018,22,4,211935,3005012
2018,23,4,236759,3005012
2018,24,4,276328,3005012
2018,25,4,309094,3005012
2018,26,4,491257,3005012
2018,27,4,360724,3005012
2018,28,4,140759,3005012
2018,29,4,574897,3005012
2018,30,4,406467,3005012
2018,31,4,663753,3005012
2018,32,4,729685,3005012
2018,33,4,577582,3005012
2018,34,4,738106,3005012
2018,35,4,855400,3005012
2018,36,4,1002715,3005012
2018,37,4,673808,3005012
2018,38,4,1000598,3005012
2018,39,4,868382,3005012
2018,40,4,699474,3005012
2018,41,4,401182,3005012
2018,42,4,477090,3005012
2018,43,4,167510,3005012
2018,44,4,381310,3005012
2018,45,4,151511,3005012
2018,46,4,141784,3005012
2018,47,4,131909,3005012
2018,48,4,99707,3005012
2018,49,4,80923,3005012
2018,50,4,127239,3005012
2018,51,4,52775,3005012
2018,52,4,47573,3005012
2018,53,4,73553,3005012
2018,54,4,18319,3005012
2018,55,4,3530,3005012
2018,57,4,30222,3005012
2018,58,4,29016,3005012
2018,59,4,3972,3005012
2018,60,4,3972,3005012
2018,61,4,6044,3005012
2018,62,4,3994,3005012
2018,63,4,19795,3005012
2018,65,4,7966,3005012
2018,69,4,3972,3005012
2018,71,4,3972,3005012
2022,14,4,3546,3005012
2022,15,4,13809,3005012
2022,16,4,17348,3005012
2022,17,4,53074,3005012
2022,18,4,36894,3005012
2022,19,4,68002,3005012
2022,20,4,88816,3005012
2022,21,4,92929,3005012
2022,22,4,161515,3005012
2022,23,4,117356,3005012
2022,24,4,216383,3005012
2022,25,4,486951,3005012
2022,26,4,450103,3005012
2022,27,4,629536,3005012
2022,28,4,671286,3005012
2022,29,4,1085207,3005012
2022,30,4,710755,3005012
2022,31,4,1133245,3005012
2022,32,4,1280907,3005012
2022,33,4,1044868,3005012
2022,34,4,1292931,3005012
2022,35,4,1521689,3005012
2022,36,4,1926576,3005012
2022,37,4,1000566,3005012
2022,38,4,2050526,3005012
2022,39,4,1537769,3005012
2022,40,4,1261201,3005012
2022,41,4,1113050,3005012
2022,42,4,559064,3005012
2022,43,4,408918,3005012
2022,44,4,290740,3005012
2022,45,4,179959,3005012
2022,46,4,125201,3005012
2022,47,4,167859,3005012
2022,48,4,45903,3005012
2022,49,4,105559,3005012
2022,50,4,37681,3005012
2022,51,4,62969,3005012
2022,52,4,122852,3005012
2022,53,4,66160,3005012
2022,55,4,17739,3005012
2022,56,4,1487,3005012
2022,58,4,1487,3005012
2022,59,4,1487,3005012
2022,61,4,36756,3005012
2022,62,4,7550,3005012
2022,65,4,7550,3005012
2022,67,4,15100,3005012
